record_id,source,source_record_id,event_date,industry,report_type,event_type,description,what_went_wrong,corrective_action,cause,causal_factors,hazard,activity,location,equipment,worker_involvement,worker_exposure,injury_type,severity,hospitalization,amputation,loss_of_eye,fatality,high_potential,energy_vector,barrier_status,barrier_failure,life_saving_rule,sif_label,sif_label_source,data_quality,provenance
OSHA-2015010015,OSHA,2015010015,1/1/2015,922140,Severe Injury,"Injured by physical contact with person while restraining, subduing-unintentional","Three correctional facility guards were escorting a restrained federal prison inmate when he became disruptive, requiring the use of force. 
Two guards and the inmate fell onto the Lieutenant's right leg, fracturing his fibula. He was transported to the hospital and released the following day.",,,"Injured by physical contact with person while restraining, subduing-unintentional",Co-worker,Fractures,,"OTISVILLE, NEW YORK",Co-worker,YES,YES,Fractures,Hospitalization,1.0,0.0,0.0,0,INSUFFICIENT_INFORMATION,Gravity,,,,INSUFFICIENT_INFORMATION,Evidence Assessment (Observed Severity != SIF Precursor),HIGH,OSHA Severe Injury Reports
OSHA-2015010016,OSHA,2015010016,1/1/2015,339999,Severe Injury,"Ignition of vapors, gases, or liquids",Employee in the Machine Shop received second degree burns to the back of his legs after the torch he was using exploded.,,,"Ignition of vapors, gases, or liquids","Welding, cutting, and blow torches",Second degree heat (thermal) burns,,"LAKE DELTON, WISCONSIN","Welding, cutting, and blow torches",YES,YES,Second degree heat (thermal) burns,Hospitalization,1.0,0.0,0.0,0,INSUFFICIENT_INFORMATION,Thermal,,,,INSUFFICIENT_INFORMATION,Evidence Assessment (Observed Severity != SIF Precursor),HIGH,OSHA Severe Injury Reports
OSHA-2015010018,OSHA,2015010018,1/1/2015,484121,Severe Injury,Other fall to lower level less than 6 feet,A truck driver fell approximately 4 feet while descending a tanker trailer ladder.  The employee was kept overnight awaiting test results.,,,Other fall to lower level less than 6 feet,"Semi, tractor-trailer, tanker truck","Traumatic injuries and disorders, unspecified",,"CORAOPOLIS, PENNSYLVANIA","Semi, tractor-trailer, tanker truck",YES,YES,"Traumatic injuries and disorders, unspecified",Hospitalization,1.0,0.0,0.0,0,INSUFFICIENT_INFORMATION,Gravity,,,,INSUFFICIENT_INFORMATION,Evidence Assessment (Observed Severity != SIF Precursor),HIGH,OSHA Severe Injury Reports
OSHA-2015010019,OSHA,2015010019,1/1/2015,424490,Severe Injury,"Caught in or compressed by equipment or objects, unspecified",An employee's leg was pinned between a truck and the powered pallet jack being operated.  The employee was hospitalized for treatment/surgery at Navicent Health.,,,"Caught in or compressed by equipment or objects, unspecified",Pallet jack-powered,"Soreness, pain, hurt-nonspecified injury",,"MACON, GEORGIA",Pallet jack-powered,YES,YES,"Soreness, pain, hurt-nonspecified injury",Hospitalization,1.0,0.0,0.0,0,INSUFFICIENT_INFORMATION,Unknown,,,,INSUFFICIENT_INFORMATION,Evidence Assessment (Observed Severity != SIF Precursor),HIGH,OSHA Severe Injury Reports
OSHA-2015010020,OSHA,2015010020,1/1/2015,326122,Severe Injury,"Caught in running equipment or machinery during maintenance, cleaning ","An employee working on the Line 6 Auto-Beller reached into the machine to unjam two pipes and got his hand crushed, fracturing three left-hand fingers.",,,"Caught in running equipment or machinery during maintenance, cleaning ","Metal, woodworking, and special material machinery, unspecified",Fractures,,"JANESVILLE, WISCONSIN","Metal, woodworking, and special material machinery, unspecified",YES,YES,Fractures,Hospitalization,1.0,0.0,0.0,0,INSUFFICIENT_INFORMATION,Kinetic,,,,INSUFFICIENT_INFORMATION,Evidence Assessment (Observed Severity != SIF Precursor),HIGH,OSHA Severe Injury Reports
OSHA-2015010021,OSHA,2015010021,1/1/2015,444110,Severe Injury,Fall on same level due to slipping ,"An employee was hospitalized after slipping and falling while working as a member of the night freight crew, resulting in an injury to his right elbow.",,,Fall on same level due to slipping ,"Floors, walkways, ground surfaces, unspecified","Soreness, pain, hurt-nonspecified injury",,"CAPE CORAL, FLORIDA","Floors, walkways, ground surfaces, unspecified",YES,YES,"Soreness, pain, hurt-nonspecified injury",Hospitalization,1.0,0.0,0.0,0,INSUFFICIENT_INFORMATION,Gravity,,,,INSUFFICIENT_INFORMATION,Evidence Assessment (Observed Severity != SIF Precursor),HIGH,OSHA Severe Injury Reports
OSHA-2015010022,OSHA,2015010022,1/1/2015,331492,Severe Injury,Caught in running equipment or machinery during regular operation,Employee working the flipping machine at the casting line had fingertip amputated after it was crushed by a jammed block.,,,Caught in running equipment or machinery during regular operation,"Special process machinery, unspecified",Amputations,,"TAMPA, FLORIDA","Special process machinery, unspecified",YES,YES,Amputations,Amputation,0.0,1.0,0.0,0,INSUFFICIENT_INFORMATION,Kinetic,,,,INSUFFICIENT_INFORMATION,Evidence Assessment (Observed Severity != SIF Precursor),HIGH,OSHA Severe Injury Reports
OSHA-2015010023,OSHA,2015010023,1/2/2015,213112,Severe Injury,Nonclassifiable,Employee sustained burns during line tie-in operations at an oil and gas site.,,,Nonclassifiable,Nonclassifiable,"Heat (thermal) burns, unspecified",,"GILL, COLORADO",Nonclassifiable,YES,YES,"Heat (thermal) burns, unspecified",Hospitalization,1.0,0.0,0.0,0,INSUFFICIENT_INFORMATION,Thermal,,,,INSUFFICIENT_INFORMATION,Evidence Assessment (Observed Severity != SIF Precursor),HIGH,OSHA Severe Injury Reports
OSHA-2015010024,OSHA,2015010024,1/2/2015,213111,Severe Injury,"Struck by object or equipment, unspecified",One employee was hospitalized after being struck by a tire when he was airing the tire up during his pre-drive inspection.,,,"Struck by object or equipment, unspecified","Tires, except bike","Traumatic injuries and disorders, unspecified",,"WOODWARD, OKLAHOMA","Tires, except bike",YES,YES,"Traumatic injuries and disorders, unspecified",Hospitalization,1.0,0.0,0.0,0,INSUFFICIENT_INFORMATION,Kinetic,,,,INSUFFICIENT_INFORMATION,Evidence Assessment (Observed Severity != SIF Precursor),HIGH,OSHA Severe Injury Reports
OSHA-2015010025,OSHA,2015010025,1/2/2015,722211,Severe Injury,Injured by slipping or swinging object held by injured worker,An associate was using a knife to open a bag of chili and cut off her fingertip.,,,Injured by slipping or swinging object held by injured worker,"Knives, unspecified or n.e.c.",Amputations,,"ORLANDO, FLORIDA","Knives, unspecified or n.e.c.",YES,YES,Amputations,Amputation,0.0,1.0,0.0,0,INSUFFICIENT_INFORMATION,Unknown,,,,INSUFFICIENT_INFORMATION,Evidence Assessment (Observed Severity != SIF Precursor),HIGH,OSHA Severe Injury Reports
OSHA-2015010026,OSHA,2015010026,1/2/2015,562211,Severe Injury,"Struck by powered vehicle-nontransport, unspecified","An employee was struck by an excavator on 01/02/2015 and hospitalized for injuries to his leg, several broken bones in his foot, and a fracture in his left arm.",,,"Struck by powered vehicle-nontransport, unspecified","Excavating machinery, unspecified",Fractures,,"ROBSTOWN, TEXAS","Excavating machinery, unspecified",YES,YES,Fractures,Hospitalization,1.0,0.0,0.0,0,INSUFFICIENT_INFORMATION,Kinetic,,,,INSUFFICIENT_INFORMATION,Evidence Assessment (Observed Severity != SIF Precursor),HIGH,OSHA Severe Injury Reports
OSHA-2015010027,OSHA,2015010027,1/2/2015,311811,Severe Injury,"Indirect exposure to electricity, 220 volts or less","On or about 1/2/15 at 9:10 p.m., an employee was preparing to troubleshoot the hamburger bun bagger machine that was not working. He received an electrical shock when he came in contact with a proximity switch. Employee was working alone at the time of the incident.  He was admitted to the hospital for one day.",,,"Indirect exposure to electricity, 220 volts or less","Packaging, wrapping, bundling machinery","Electrocutions, electric shocks",,"MIAMI, FLORIDA","Packaging, wrapping, bundling machinery",YES,YES,"Electrocutions, electric shocks",Hospitalization,1.0,0.0,0.0,0,INSUFFICIENT_INFORMATION,Electrical,,,,INSUFFICIENT_INFORMATION,Evidence Assessment (Observed Severity != SIF Precursor),HIGH,OSHA Severe Injury Reports
OSHA-2015010028,OSHA,2015010028,1/2/2015,452112,Severe Injury,"Fall on same level due to tripping, unspecified",An employee stumbled and fell to the ground on the left side of her body and was admitted to Irving Baylor Medical Center with a possible hip fracture.,,,"Fall on same level due to tripping, unspecified","Floors, walkways, ground surfaces, unspecified",Fractures,,"IRVING, TEXAS","Floors, walkways, ground surfaces, unspecified",YES,YES,Fractures,Hospitalization,1.0,0.0,0.0,0,INSUFFICIENT_INFORMATION,Gravity,,,,INSUFFICIENT_INFORMATION,Evidence Assessment (Observed Severity != SIF Precursor),HIGH,OSHA Severe Injury Reports
OSHA-2015010029,OSHA,2015010029,1/2/2015,238110,Severe Injury,Struck by object or equipment dropped by other person,"Two employees in a scissor lift were wrecking forms, taking forms down, and removing the forms. They lost their grip on the form, which fell and hit an employee walking below on the shoulder, knocking him to the ground. He hit his head on the concrete, causing a wound to the head, a broken collarbone, and a broken rib.",,,Struck by object or equipment dropped by other person,"Structural elements, n.e.c.",Fractures,,"GALVESTON, TEXAS","Structural elements, n.e.c.",YES,YES,Fractures,Hospitalization,1.0,0.0,0.0,0,INSUFFICIENT_INFORMATION,Gravity,,,,INSUFFICIENT_INFORMATION,Evidence Assessment (Observed Severity != SIF Precursor),HIGH,OSHA Severe Injury Reports
OSHA-2015010030,OSHA,2015010030,1/2/2015,561320,Severe Injury,"Caught in running equipment or machinery during maintenance, cleaning ",Employee amputated tip of finger when his finger got caught in the chain of a stationary exercise bicycle that he was servicing. There was no bone loss and the employee was not hospitalized.,,,"Caught in running equipment or machinery during maintenance, cleaning ",Gymnasium and exercise equipment,Amputations,,"MONROE, WISCONSIN",Gymnasium and exercise equipment,YES,YES,Amputations,Amputation,0.0,1.0,0.0,0,INSUFFICIENT_INFORMATION,Kinetic,,,,INSUFFICIENT_INFORMATION,Evidence Assessment (Observed Severity != SIF Precursor),HIGH,OSHA Severe Injury Reports
OSHA-2015010032,OSHA,2015010032,1/2/2015,311615,Severe Injury,"Contact with objects and equipment, unspecified",An employee suffered a right index finger amputation. The employee's finger was injured by a thigh deboning machine. The finger was still attached at the time of the incident and was later amputated at the hospital.,,,"Contact with objects and equipment, unspecified",Butchering machinery,Amputations,,"ARCADIA, LOUISIANA",Butchering machinery,YES,YES,Amputations,Amputation,0.0,1.0,0.0,0,INSUFFICIENT_INFORMATION,Kinetic,,,,INSUFFICIENT_INFORMATION,Evidence Assessment (Observed Severity != SIF Precursor),HIGH,OSHA Severe Injury Reports
OSHA-2015010033,OSHA,2015010033,1/2/2015,447110,Severe Injury,"Pedestrian struck by vehicle in nonroadway area, unspecified",An employee was injured by a customer's automobile when the car jumped the curb and pinned the employee against the Red Box movie kiosk on the convenience store's sidewalk.,,,"Pedestrian struck by vehicle in nonroadway area, unspecified",Automobile,"Traumatic injuries and disorders, unspecified",,"SPRING HILL, FLORIDA",Automobile,YES,YES,"Traumatic injuries and disorders, unspecified",Hospitalization,1.0,0.0,0.0,0,INSUFFICIENT_INFORMATION,Unknown,,,,INSUFFICIENT_INFORMATION,Evidence Assessment (Observed Severity != SIF Precursor),HIGH,OSHA Severe Injury Reports
OSHA-2015010034,OSHA,2015010034,1/2/2015,321219,Severe Injury,Struck against moving part of machinery or equipment,"Employee suffered the amputation of three fingers while working on the south in-bed fuel airlock in the energy building. He was using a hammer to hit the outside of the chute to loosen built up saw dust.  The chute leads to an airlock, which feeds the blow line to the boiler. He removed the panel cover over the airlock to see if the saw dust was falling in.  He slipped and his left hand entered the airlock. Contact with the rotating parts in the airlock resulted in the multiple-finger amputation.",,,Struck against moving part of machinery or equipment,Climate control systems,Amputations,,"SHIPPENVILLE, PENNSYLVANIA",Climate control systems,YES,YES,Amputations,Amputation,0.0,1.0,0.0,0,INSUFFICIENT_INFORMATION,Gravity,,,,INSUFFICIENT_INFORMATION,Evidence Assessment (Observed Severity != SIF Precursor),HIGH,OSHA Severe Injury Reports
OSHA-2015010035,OSHA,2015010035,1/2/2015,321918,Severe Injury,Struck against moving part of machinery or equipment,An employee who was using a cordless circular saw to install wood panels around an elevator lobby received a partial amputation of his left index finger when the tip of his finger became caught in the saw.,,,Struck against moving part of machinery or equipment,"Saws-powered, except chainsaws",Amputations,,"DALLAS, TEXAS","Saws-powered, except chainsaws",YES,YES,Amputations,Amputation,0.0,1.0,0.0,0,INSUFFICIENT_INFORMATION,Kinetic,,,,INSUFFICIENT_INFORMATION,Evidence Assessment (Observed Severity != SIF Precursor),HIGH,OSHA Severe Injury Reports
OSHA-2015010037,OSHA,2015010037,1/2/2015,237990,Severe Injury,Stepped on object ,"On Friday, January 2, 2015, at 10:30 p.m., a crew of employees were changing out wooden decking boards on a platform off shore. One of the employees was walking the platform, slipped, and stepped on a protruding nail that entered the employee's right foot. First aid was applied to the employee, and the employee was later sent to a clinic for treatment. The employee was admitted to a hospital at 3:00 a.m. on January 5, 2015, from swelling on his foot due to the incident.",,,Stepped on object ,"Nails, brads, tacks, nuts, bolts, washers","Puncture wounds, except gunshot wounds",,"CAMERON, LOUISIANA","Nails, brads, tacks, nuts, bolts, washers",YES,YES,"Puncture wounds, except gunshot wounds",Hospitalization,1.0,0.0,0.0,0,INSUFFICIENT_INFORMATION,Unknown,,,,INSUFFICIENT_INFORMATION,Evidence Assessment (Observed Severity != SIF Precursor),HIGH,OSHA Severe Injury Reports
OSHA-2015010038,OSHA,2015010038,1/2/2015,331210,Severe Injury,Other fall to lower level 6 to 10 feet,"The employee was coming down a ladder after placing media in a nitrogen generator. Employee missed a rung, fell about 10 feet to the floor, and sustained a compound fracture to the right arm.",,,Other fall to lower level 6 to 10 feet,"Ladders, unspecified",Fractures,,"AMORY, MISSISSIPPI","Ladders, unspecified",YES,YES,Fractures,Hospitalization,1.0,0.0,0.0,0,INSUFFICIENT_INFORMATION,Gravity,,,,INSUFFICIENT_INFORMATION,Evidence Assessment (Observed Severity != SIF Precursor),HIGH,OSHA Severe Injury Reports
OSHA-2015010040,OSHA,2015010040,1/2/2015,521110,Severe Injury,Fall on same level due to tripping on uneven surface,"Employee tripped on a paver and fractured her wrist, requiring hospitalization.",,,Fall on same level due to tripping on uneven surface,Ground irregularity,Fractures,,"WOODLAND PARK, NEW JERSEY",Ground irregularity,YES,YES,Fractures,Hospitalization,1.0,0.0,0.0,0,INSUFFICIENT_INFORMATION,Unknown,,,,INSUFFICIENT_INFORMATION,Evidence Assessment (Observed Severity != SIF Precursor),HIGH,OSHA Severe Injury Reports
OSHA-2015010041,OSHA,2015010041,1/3/2015,331222,Severe Injury,"Contact with objects and equipment, unspecified","Employees use a draw machine to extrude wire.  The employee bypassed the guard or disabled it to remove soap build-up on the wire coming from the die. The employee amputated the middle, ring, and pinky fingers on the right hand and the first digit of the index finger. Employee was hospitalized and released. The injury occurred on 1/3/15 at approximately 6:00 p.m.",,,"Contact with objects and equipment, unspecified","Extruding, injecting, forming, molding machinery, n.e.c.",Amputations,,"DAYTON, TEXAS","Extruding, injecting, forming, molding machinery, n.e.c.",YES,YES,Amputations,Hospitalization,1.0,1.0,0.0,0,INSUFFICIENT_INFORMATION,Electrical,,,,INSUFFICIENT_INFORMATION,Evidence Assessment (Observed Severity != SIF Precursor),HIGH,OSHA Severe Injury Reports
OSHA-2015010043,OSHA,2015010043,1/3/2015,238990,Severe Injury,Struck by object falling from vehicle or machinery-other than vehicle part,"While in the process of unloading pre-tied mats of rebar, one of the bundles fell off of the tying jig and pinned three workers underneath. Two of the workers were unharmed. A third employee suffered a fractured rib and a fractured vertebra.",,,Struck by object falling from vehicle or machinery-other than vehicle part,"Bars, rods, reinforcing bar (rebar)",Fractures,,"CLEVELAND, OHIO","Bars, rods, reinforcing bar (rebar)",YES,YES,Fractures,Hospitalization,1.0,0.0,0.0,0,INSUFFICIENT_INFORMATION,Gravity,,,,INSUFFICIENT_INFORMATION,Evidence Assessment (Observed Severity != SIF Precursor),HIGH,OSHA Severe Injury Reports
OSHA-2015010044,OSHA,2015010044,1/3/2015,445110,Severe Injury,"Struck by swinging or slipping object, other than handheld, unspecified  ","Employee lost his nail, skin, and flesh from the tip of his right ring finger while closing the cardboard bailer door.",,,"Struck by swinging or slipping object, other than handheld, unspecified  ","Packaging, wrapping, bundling machinery","Avulsions, enucleations",,"SCHAUMBURG, ILLINOIS","Packaging, wrapping, bundling machinery",YES,YES,"Avulsions, enucleations",Hospitalization,1.0,0.0,0.0,0,INSUFFICIENT_INFORMATION,Unknown,,,,INSUFFICIENT_INFORMATION,Evidence Assessment (Observed Severity != SIF Precursor),HIGH,OSHA Severe Injury Reports
OSHA-2015010045,OSHA,2015010045,1/3/2015,488119,Severe Injury,Compressed or pinched by shifting objects or equipment,"An employee suffered a trans-phalangeal amputation of the middle finger on the right hand. The employee was attempting to connect two baggage-transferring carts manually by pulling them into each other. The employee placed his hand on one baggage cart and pulled it to the second cart with his other hand in an effort to connect the two. The employee's hand was caught between the two carts, causing a middle finger amputation on his right hand at the first knuckle.",,,Compressed or pinched by shifting objects or equipment,"Cart, dolly, hand truck-nonpowered",Amputations,,"TAMPA, FLORIDA","Cart, dolly, hand truck-nonpowered",YES,YES,Amputations,Amputation,0.0,1.0,0.0,0,INSUFFICIENT_INFORMATION,Kinetic,,,,INSUFFICIENT_INFORMATION,Evidence Assessment (Observed Severity != SIF Precursor),HIGH,OSHA Severe Injury Reports
OSHA-2015010046,OSHA,2015010046,1/3/2015,515210,Severe Injury,Other jump to lower level 26 to 30 feet,"Employee was installing a new cable on a home while working from a Lunar, 28 foot fiberglass extension ladder. A gust of wind made his ladder move and he felt like it was going to fall so he jumped off the ladder toward the grass to avoid the concrete patio and landed on his back.",,,Other jump to lower level 26 to 30 feet,Extension ladders,"Soreness, pain, hurt-nonspecified injury",,"EDISON, NEW JERSEY",Extension ladders,YES,YES,"Soreness, pain, hurt-nonspecified injury",Hospitalization,1.0,0.0,0.0,0,INSUFFICIENT_INFORMATION,Gravity,,,,INSUFFICIENT_INFORMATION,Evidence Assessment (Observed Severity != SIF Precursor),HIGH,OSHA Severe Injury Reports
OSHA-2015010047,OSHA,2015010047,1/3/2015,561720,Severe Injury,"Caught in running equipment or machinery during maintenance, cleaning ",Worker caught a hand in a running conveyor while cleaning and rinsing it. Worker suffered broken radial and ulnar bones in the right arm. The victim was hospitalized.,,,"Caught in running equipment or machinery during maintenance, cleaning ","Conveyors-powered, unspecified",Fractures,,"OMAHA, NEBRASKA","Conveyors-powered, unspecified",YES,YES,Fractures,Hospitalization,1.0,0.0,0.0,0,INSUFFICIENT_INFORMATION,Kinetic,,,,INSUFFICIENT_INFORMATION,Evidence Assessment (Observed Severity != SIF Precursor),HIGH,OSHA Severe Injury Reports
OSHA-2015010048,OSHA,2015010048,1/3/2015,311411,Severe Injury,"Roadway noncollision incident, n.e.c.","An employee was hospitalized after being hit by a forklift that was unloading boxes of pulp from a flatbed stationed in the roadway. The forklift backed up and ran over the employee's leg as he was leaving work, resulting in a fractured ankle and leg.",,,"Roadway noncollision incident, n.e.c.","Forklift, order picker, platform truck-powered",Fractures,,"BRADENTON, FLORIDA","Forklift, order picker, platform truck-powered",YES,YES,Fractures,Hospitalization,1.0,0.0,0.0,0,INSUFFICIENT_INFORMATION,Unknown,,,,INSUFFICIENT_INFORMATION,Evidence Assessment (Observed Severity != SIF Precursor),HIGH,OSHA Severe Injury Reports
OSHA-2015010049,OSHA,2015010049,1/4/2015,623210,Severe Injury,Strangulation by other person,An employee was assaulted by a patient (choking) resulting in a multi-day hospitalization.,,,Strangulation by other person,Patient ,"Asphyxiations, strangulations, suffocations",,"GREENFIELD, NEW HAMPSHIRE",Patient ,YES,YES,"Asphyxiations, strangulations, suffocations",Hospitalization,1.0,0.0,0.0,0,INSUFFICIENT_INFORMATION,Unknown,,,,INSUFFICIENT_INFORMATION,Evidence Assessment (Observed Severity != SIF Precursor),HIGH,OSHA Severe Injury Reports
OSHA-2015010050,OSHA,2015010050,1/4/2015,311812,Severe Injury,"Caught in running equipment or machinery during maintenance, cleaning ",Employee was performing inspection and preventive maintenance on a conveyor line.  His fingertip was amputated in a chain and sprocket when the line started up.,,,"Caught in running equipment or machinery during maintenance, cleaning ",Conveyors-chain,Amputations,,"KANSAS CITY, KANSAS",Conveyors-chain,YES,YES,Amputations,Amputation,0.0,1.0,0.0,0,INSUFFICIENT_INFORMATION,Unknown,,,,INSUFFICIENT_INFORMATION,Evidence Assessment (Observed Severity != SIF Precursor),HIGH,OSHA Severe Injury Reports
OSHA-2015010051,OSHA,2015010051,1/4/2015,325311,Severe Injury,Compressed or pinched by shifting objects or equipment,An employee was exposed to an amputation hazard while coupling rail cars. He used his foot to align the couplers. His foot slipped and got caught between the two couplers. His toe was smashed when the cars connected.,,,Compressed or pinched by shifting objects or equipment,"Train, locomotive, rail car, unspecified",Amputations,,"YAZOO CITY, MISSISSIPPI","Train, locomotive, rail car, unspecified",YES,YES,Amputations,Hospitalization,1.0,1.0,0.0,0,INSUFFICIENT_INFORMATION,Kinetic,,,,INSUFFICIENT_INFORMATION,Evidence Assessment (Observed Severity != SIF Precursor),HIGH,OSHA Severe Injury Reports
OSHA-2015010052,OSHA,2015010052,1/4/2015,445110,Severe Injury,Struck against moving part of machinery or equipment,"On or about 1/4/15 at 1:50 PM, employee was slicing ham when a piece of meat slipped, allowing the employee's hand to come into contact with the deli slicer.  Employee lost tip of thumb; there was no bone loss.",,,Struck against moving part of machinery or equipment,Food slicers,Amputations,,"CORAL SPRINGS, FLORIDA",Food slicers,YES,YES,Amputations,Amputation,0.0,1.0,0.0,0,INSUFFICIENT_INFORMATION,Unknown,,,,INSUFFICIENT_INFORMATION,Evidence Assessment (Observed Severity != SIF Precursor),HIGH,OSHA Severe Injury Reports
OSHA-2015010053,OSHA,2015010053,1/4/2015,622110,Severe Injury,Slip on substance without fall,"On January 4, 2015, at approximately 5:10 p.m., an employee slipped on a wet floor while transporting a patient from one level to another.  The employee experienced a hamstring tear.",,,Slip on substance without fall,"Bodily motion or position of injured, ill worker","Major tears to muscles, tendons, ligaments",,"WAUSAU, WISCONSIN","Bodily motion or position of injured, ill worker",YES,YES,"Major tears to muscles, tendons, ligaments",Hospitalization,1.0,0.0,0.0,0,INSUFFICIENT_INFORMATION,Unknown,,,,INSUFFICIENT_INFORMATION,Evidence Assessment (Observed Severity != SIF Precursor),HIGH,OSHA Severe Injury Reports
OSHA-2015010054,OSHA,2015010054,1/4/2015,213112,Severe Injury,"Other fall to lower level, unspecified",Employee was descending a work over rig derrick via a ladder when he fell a distance. Employee suffered a lacerated spleen and fractured hip and shoulder.,,,"Other fall to lower level, unspecified","Ladders, unspecified","Fractures and other injuries, n.e.c.",,"CRANE, TEXAS","Ladders, unspecified",YES,YES,"Fractures and other injuries, n.e.c.",Hospitalization,1.0,0.0,0.0,0,INSUFFICIENT_INFORMATION,Gravity,,,,INSUFFICIENT_INFORMATION,Evidence Assessment (Observed Severity != SIF Precursor),HIGH,OSHA Severe Injury Reports
OSHA-2015010055,OSHA,2015010055,1/4/2015,517911,Severe Injury,Fall on same level due to slipping ,An employee slipped on the ice in the parking lot and hit his head.  He was transported and admitted to Morton Hospital.,,,Fall on same level due to slipping ,"Parking lot, unspecified","Intracranial injuries, unspecified",,"TAUNTON, MASSACHUSETTS","Parking lot, unspecified",YES,YES,"Intracranial injuries, unspecified",Hospitalization,1.0,0.0,0.0,0,INSUFFICIENT_INFORMATION,Unknown,,,,INSUFFICIENT_INFORMATION,Evidence Assessment (Observed Severity != SIF Precursor),HIGH,OSHA Severe Injury Reports
OSHA-2015010056,OSHA,2015010056,1/4/2015,324110,Severe Injury,"Exposure to harmful substances or environments, unspecified",Employee was burned from his knees up to his lower abdomen after removing the strainer for maintenance on the Scott Unit.,,,"Exposure to harmful substances or environments, unspecified",Nonclassifiable,"Burns and corrosions, unspecified ",,"EL DORADO, ARKANSAS",Nonclassifiable,YES,YES,"Burns and corrosions, unspecified ",Hospitalization,1.0,0.0,0.0,0,INSUFFICIENT_INFORMATION,Thermal,,,,INSUFFICIENT_INFORMATION,Evidence Assessment (Observed Severity != SIF Precursor),HIGH,OSHA Severe Injury Reports
OSHA-2015010057,OSHA,2015010057,1/4/2015,331111,Severe Injury,Contact with hot objects or substances,"An employee in the #2 steel-producing BOF shop was making ladle additions to the first heat steel of the day on furnace #94 when the materials reacted, causing flames and high heat to come up through the chute. The employee received first and second degree burns to the face, right wrist and forearm, and a little bit on his right abdomen.",,,Contact with hot objects or substances,"Fire, flame",Second degree heat (thermal) burns,,"CLEVELAND, OHIO","Fire, flame",YES,YES,Second degree heat (thermal) burns,Hospitalization,1.0,0.0,0.0,0,INSUFFICIENT_INFORMATION,Thermal,,,,INSUFFICIENT_INFORMATION,Evidence Assessment (Observed Severity != SIF Precursor),HIGH,OSHA Severe Injury Reports
OSHA-2015010059,OSHA,2015010059,1/4/2015,331111,Severe Injury,"Fall on same level, unspecified",An employee was hospitalized following injuries sustained while traveling by foot to the locker room. The employee was between the belt shop and the locker room crossing railroad tracks that had recently been covered with snow. The employee either slipped or tripped and experienced three breaks to the ankle and tibia.,,,"Fall on same level, unspecified",Railroad tracks,Fractures,,"STERLING, ILLINOIS",Railroad tracks,YES,YES,Fractures,Hospitalization,1.0,0.0,0.0,0,INSUFFICIENT_INFORMATION,Unknown,,,,INSUFFICIENT_INFORMATION,Evidence Assessment (Observed Severity != SIF Precursor),HIGH,OSHA Severe Injury Reports
OSHA-2015010061,OSHA,2015010061,1/4/2015,491110,Severe Injury,"Sudden start or stop, nonroadway","Employee was loading a trailer with a forklift when the left leg of the trailer collapsed, causing the trailer to tilt to the left. This caused the forklift and employee to slide to the left, striking the trailer wall and causing an acute spinal injury to the employee.",,,"Sudden start or stop, nonroadway","Forklift, order picker, platform truck-powered","Traumatic injuries to spinal cord, unspecified",,"DETROIT, MICHIGAN","Forklift, order picker, platform truck-powered",YES,YES,"Traumatic injuries to spinal cord, unspecified",Hospitalization,1.0,0.0,0.0,0,INSUFFICIENT_INFORMATION,Unknown,,,,INSUFFICIENT_INFORMATION,Evidence Assessment (Observed Severity != SIF Precursor),HIGH,OSHA Severe Injury Reports
OSHA-2015010062,OSHA,2015010062,1/4/2015,321113,Severe Injury,Fall on same level due to slipping ,Employee climbed up on a handrail and slipped while cleaning snow off of the framework and guard of a chip belt conveyor. Employee suffered amputation of the right index finger.  Employee was seen at Kootenai Health and was released as an out-patient.,,,Fall on same level due to slipping ,"Handrails, banisters",Amputations,,"ATHOL, IDAHO","Handrails, banisters",YES,YES,Amputations,Amputation,0.0,1.0,0.0,0,INSUFFICIENT_INFORMATION,Unknown,,,,INSUFFICIENT_INFORMATION,Evidence Assessment (Observed Severity != SIF Precursor),HIGH,OSHA Severe Injury Reports
OSHA-2015010063,OSHA,2015010063,1/4/2015,423850,Severe Injury,Other fall to lower level less than 6 feet,"An employee was working on a vehicle being lifted off the ground.  He stepped off the back and fell approximately 4 feet to the ground below.  When the employee hit the ground, he fractured his wrist and was taken to Grady Memorial Hospital where he received surgery.",,,Other fall to lower level less than 6 feet,"Highway vehicle, motorized, unspecified",Fractures,,"ATLANTA, GEORGIA","Highway vehicle, motorized, unspecified",YES,YES,Fractures,Hospitalization,1.0,0.0,0.0,0,INSUFFICIENT_INFORMATION,Gravity,,,,INSUFFICIENT_INFORMATION,Evidence Assessment (Observed Severity != SIF Precursor),HIGH,OSHA Severe Injury Reports
OSHA-2015010064,OSHA,2015010064,1/4/2015,721110,Severe Injury,Struck by or caught in swinging door or gate,"On or about 1/4/15 at 6:05 pm, an employee was preparing to clean a room and put a door stopper at the room door. The stopper slipped catching her hand between the door and its frame resulting in the amputation of her left index finger.  Employee was taken to the hospital to reattach the finger.",,,Struck by or caught in swinging door or gate,"Doors, except garage and vehicle",Amputations,,"PLANTATION, FLORIDA","Doors, except garage and vehicle",YES,YES,Amputations,Amputation,0.0,1.0,0.0,0,INSUFFICIENT_INFORMATION,Unknown,,,,INSUFFICIENT_INFORMATION,Evidence Assessment (Observed Severity != SIF Precursor),HIGH,OSHA Severe Injury Reports
OSHA-2015010065,OSHA,2015010065,1/4/2015,331521,Severe Injury,Contact with hot objects or substances,"On or about January 4, 2015, an employee was injured while running a gas sample. The employee was dipping out a sample with a sample cup using tongs. When he put the cup in, the hot metal splashed on him, causing burns to the ring finger and little finger on his right hand.  The employee was admitted to the KU Medical Center in Kansas City, Kansas.",,,Contact with hot objects or substances,"Molten or hot metals, slag","Heat (thermal) burns, unspecified",,"KINGSVILLE, MISSOURI","Molten or hot metals, slag",YES,YES,"Heat (thermal) burns, unspecified",Hospitalization,1.0,0.0,0.0,0,INSUFFICIENT_INFORMATION,Thermal,,,,INSUFFICIENT_INFORMATION,Evidence Assessment (Observed Severity != SIF Precursor),HIGH,OSHA Severe Injury Reports
OSHA-2015010067,OSHA,2015010067,1/4/2015,622310,Severe Injury,Fall on same level due to slipping ,"A worker slipped on an alcohol foam rug and fractured his hip on January 4, 2015.  He was hospitalized for 3 days and had therapy.",,,Fall on same level due to slipping ,"Floor, n.e.c.",Fractures,,"TULSA, OKLAHOMA","Floor, n.e.c.",YES,YES,Fractures,Hospitalization,1.0,0.0,0.0,0,INSUFFICIENT_INFORMATION,Unknown,,,,INSUFFICIENT_INFORMATION,Evidence Assessment (Observed Severity != SIF Precursor),HIGH,OSHA Severe Injury Reports
OSHA-2015010068,OSHA,2015010068,1/5/2015,237120,Severe Injury,Other jump to lower level less than 6 feet,Employee was loading plastic pipes onto a utility trailer.  He jumped off the trailer and broke his ankle.,,,Other jump to lower level less than 6 feet,Trailers,Fractures,,"SWEENY, TEXAS",Trailers,YES,YES,Fractures,Hospitalization,1.0,0.0,0.0,0,INSUFFICIENT_INFORMATION,Unknown,,,,INSUFFICIENT_INFORMATION,Evidence Assessment (Observed Severity != SIF Precursor),HIGH,OSHA Severe Injury Reports
OSHA-2015010069,OSHA,2015010069,1/5/2015,322211,Severe Injury,"Caught in running equipment or machinery during maintenance, cleaning ",A machine operator experienced a fingertip amputation while troubleshooting a jam in the Samuel Strapper machine.,,,"Caught in running equipment or machinery during maintenance, cleaning ","Packaging, wrapping, bundling machinery",Amputations,,"BATAVIA, ILLINOIS","Packaging, wrapping, bundling machinery",YES,YES,Amputations,Amputation,0.0,1.0,0.0,0,INSUFFICIENT_INFORMATION,Kinetic,,,,INSUFFICIENT_INFORMATION,Evidence Assessment (Observed Severity != SIF Precursor),HIGH,OSHA Severe Injury Reports
OSHA-2015010070,OSHA,2015010070,1/5/2015,622110,Severe Injury,Fall on same level due to tripping over an object ,Worker tripped over a box at his work station.  He was hospitalized with a fractured bone by his knee.,,,Fall on same level due to tripping over an object ,"Floor, n.e.c.",Fractures,,"NORTH TARRYTOWN, NEW YORK","Floor, n.e.c.",YES,YES,Fractures,Hospitalization,1.0,0.0,0.0,0,INSUFFICIENT_INFORMATION,Unknown,,,,INSUFFICIENT_INFORMATION,Evidence Assessment (Observed Severity != SIF Precursor),HIGH,OSHA Severe Injury Reports
OSHA-2015010071,OSHA,2015010071,1/5/2015,561210,Severe Injury,"Hitting, kicking, beating, shoving","In a unit office/housing unit where inmates are housed, an employee was seated at a desk when an inmate walked into the office. The inmate punched him first in the face and then repeatedly punched his head. His nose was injured and he lost consciousness. He was hospitalized with a concussion.",,,"Hitting, kicking, beating, shoving",Inmate or detainee in custody,Concussions,,"WINNFIELD, LOUISIANA",Inmate or detainee in custody,YES,YES,Concussions,Hospitalization,1.0,0.0,0.0,0,INSUFFICIENT_INFORMATION,Unknown,,,,INSUFFICIENT_INFORMATION,Evidence Assessment (Observed Severity != SIF Precursor),HIGH,OSHA Severe Injury Reports
OSHA-2015010072,OSHA,2015010072,1/5/2015,325411,Severe Injury,Part of occupant s body caught between vehicle and other object in nonroadway transport incident,An employee was operating an electric ride on powered industrial truck (PIT). Employee became pinned between the PIT and a steel racking system while attempting to avoid hitting another employee.,,,Part of occupant s body caught between vehicle and other object in nonroadway transport incident,Powered industrial carrier,"Traumatic injuries and disorders, unspecified",,"HOLBROOK, NEW YORK",Powered industrial carrier,YES,YES,"Traumatic injuries and disorders, unspecified",Hospitalization,1.0,0.0,0.0,0,INSUFFICIENT_INFORMATION,Electrical,,,,INSUFFICIENT_INFORMATION,Evidence Assessment (Observed Severity != SIF Precursor),HIGH,OSHA Severe Injury Reports
OSHA-2015010073,OSHA,2015010073,1/5/2015,238290,Severe Injury,Other fall to lower level 11 to 15 feet ,"A fire suppression system inadvertently went off, causing a white cloud.  Employees working on a scaffold, 24 feet above the ground, scrambled to avoid the cloud. While descending a ladder, an employee slipped and fell 10 to 12 feet.",,,Other fall to lower level 11 to 15 feet ,"Ladders, unspecified","Traumatic injuries and disorders, unspecified",,"NEDERLAND, TEXAS","Ladders, unspecified",YES,YES,"Traumatic injuries and disorders, unspecified",Hospitalization,1.0,0.0,0.0,0,INSUFFICIENT_INFORMATION,Gravity,,,,INSUFFICIENT_INFORMATION,Evidence Assessment (Observed Severity != SIF Precursor),HIGH,OSHA Severe Injury Reports
OSHA-2015010074,OSHA,2015010074,1/5/2015,213112,Severe Injury,Compressed or pinched by shifting objects or equipment,Employee was working on a fluid end expendable pump using a torque wrench when his left ring finger got caught in between and was amputated - halfway through the nailbed.,,,Compressed or pinched by shifting objects or equipment,Pumps,Amputations,,"BARNHART, TEXAS",Pumps,YES,YES,Amputations,Amputation,0.0,1.0,0.0,0,INSUFFICIENT_INFORMATION,Kinetic,,,,INSUFFICIENT_INFORMATION,Evidence Assessment (Observed Severity != SIF Precursor),HIGH,OSHA Severe Injury Reports
OSHA-2015010075,OSHA,2015010075,1/5/2015,321911,Severe Injury,"Caught in running equipment or machinery during maintenance, cleaning ","Employee was using her gloved hands to clean the glue-spreader machine while it was operational. The doctor rollers were not open, and the employee's glove got caught between the rollers, pulling her hand inside. Her right-hand ring and middle fingers were crushed.",,,"Caught in running equipment or machinery during maintenance, cleaning ","Metal, woodworking, and special material machinery, n.e.c.",Amputations,,"SAN ANTONIO, TEXAS","Metal, woodworking, and special material machinery, n.e.c.",YES,YES,Amputations,Hospitalization,1.0,1.0,0.0,0,INSUFFICIENT_INFORMATION,Kinetic,,,,INSUFFICIENT_INFORMATION,Evidence Assessment (Observed Severity != SIF Precursor),HIGH,OSHA Severe Injury Reports
OSHA-2015010076,OSHA,2015010076,1/5/2015,311421,Severe Injury,"Exposure through intact skin, eyes, or other exposed tissue",A worker splashed caustic water on his left thigh and hand while cleaning the equipment on Line 3.  He was admitted to the hospital the next day.,,,"Exposure through intact skin, eyes, or other exposed tissue","Sodium and potassium hydroxide, potassium carbonate","Chemical burns and corrosions, unspecified",,"ROCHESTER, NEW YORK","Sodium and potassium hydroxide, potassium carbonate",YES,YES,"Chemical burns and corrosions, unspecified",Hospitalization,1.0,0.0,0.0,0,INSUFFICIENT_INFORMATION,Unknown,,,,INSUFFICIENT_INFORMATION,Evidence Assessment (Observed Severity != SIF Precursor),HIGH,OSHA Severe Injury Reports
OSHA-2015010077,OSHA,2015010077,1/5/2015,488390,Severe Injury,Other fall to lower level 16 to 20 feet,An employee was climbing stairs to a shore tank to conduct temperature measurements.   The employee fell from the stairs approximately 20 feet to the bottom of the tank.,,,Other fall to lower level 16 to 20 feet,"Tank, bin, vat interiors, unspecified","Traumatic injuries and disorders, unspecified",,"CARVILLE, LOUISIANA","Tank, bin, vat interiors, unspecified",YES,YES,"Traumatic injuries and disorders, unspecified",Hospitalization,1.0,0.0,0.0,0,INSUFFICIENT_INFORMATION,Gravity,,,,INSUFFICIENT_INFORMATION,Evidence Assessment (Observed Severity != SIF Precursor),HIGH,OSHA Severe Injury Reports
OSHA-2015010078,OSHA,2015010078,1/5/2015,624120,Severe Injury,Fall on same level due to slipping ,"Employee arrived at client's home, slipped on ice, and bumped her head.",,,Fall on same level due to slipping ,"Floors, walkways, ground surfaces, unspecified","Intracranial injuries, unspecified",,"ROCKFORD, ILLINOIS","Floors, walkways, ground surfaces, unspecified",YES,YES,"Intracranial injuries, unspecified",Hospitalization,1.0,0.0,0.0,0,INSUFFICIENT_INFORMATION,Unknown,,,,INSUFFICIENT_INFORMATION,Evidence Assessment (Observed Severity != SIF Precursor),HIGH,OSHA Severe Injury Reports
OSHA-2015010079,OSHA,2015010079,1/5/2015,332312,Severe Injury,Compressed or pinched by shifting objects or equipment,"While stairs were being installed using a sky trak at the Plano Assisted Living facility, an employee on the ground who was directing the stair placement got his left index finger caught between a metal stud and the stair.  The employee was transported to Methodist Richardson and had surgery the next day to amputate his finger at the knuckle.",,,Compressed or pinched by shifting objects or equipment,"Structural metal materials, n.e.c.",Amputations,,"PLANO, TEXAS","Structural metal materials, n.e.c.",YES,YES,Amputations,Amputation,0.0,1.0,0.0,0,INSUFFICIENT_INFORMATION,Kinetic,,,,INSUFFICIENT_INFORMATION,Evidence Assessment (Observed Severity != SIF Precursor),HIGH,OSHA Severe Injury Reports
OSHA-2015010081,OSHA,2015010081,1/5/2015,221122,Severe Injury,"Slip without fall, unspecified","An employee walking from the parking lot en route to his assigned work area slipped, tearing his quadriceps tendon. The employee was discharged from the ER, but later returned to Lake West hospital that evening and was admitted. The employee has since been scheduled for surgery.",,,"Slip without fall, unspecified","Bodily motion or position of injured, ill worker","Major tears to muscles, tendons, ligaments",,"PERRY, OHIO","Bodily motion or position of injured, ill worker",YES,YES,"Major tears to muscles, tendons, ligaments",Hospitalization,1.0,0.0,0.0,0,INSUFFICIENT_INFORMATION,Unknown,,,,INSUFFICIENT_INFORMATION,Evidence Assessment (Observed Severity != SIF Precursor),HIGH,OSHA Severe Injury Reports
OSHA-2015010082,OSHA,2015010082,1/5/2015,721110,Severe Injury,"Fall on same level, n.e.c. ",A tube hill attendant at a winter resort snow tubing hill rode a tube down the hill.  On the way down the tube crossed lanes causing it to flip.  The employee was ejected and suffered a lacerated spleen resulting in hospitalization.,,,"Fall on same level, n.e.c. ",Hills,"Cuts, lacerations",,"BUSHKILL, PENNSYLVANIA",Hills,YES,YES,"Cuts, lacerations",Hospitalization,1.0,0.0,0.0,0,INSUFFICIENT_INFORMATION,Unknown,,,,INSUFFICIENT_INFORMATION,Evidence Assessment (Observed Severity != SIF Precursor),HIGH,OSHA Severe Injury Reports
OSHA-2015010083,OSHA,2015010083,1/5/2015,339940,Severe Injury,Struck by discharged object or substance,Employee's face was burned by hot plastic exploding from an injection molding machine.,,,Struck by discharged object or substance,"Plastics, resins, unspecified","Heat (thermal) burns, unspecified",,"FITCHBURG, MASSACHUSETTS","Plastics, resins, unspecified",YES,YES,"Heat (thermal) burns, unspecified",Hospitalization,1.0,0.0,0.0,0,INSUFFICIENT_INFORMATION,Thermal,,,,INSUFFICIENT_INFORMATION,Evidence Assessment (Observed Severity != SIF Precursor),HIGH,OSHA Severe Injury Reports
OSHA-2015010084,OSHA,2015010084,1/5/2015,112112,Severe Injury,"Caught in running equipment or machinery during maintenance, cleaning ","On or about January 5th, 2015,at approximately 1:30 pm, an employee was greasing a bearing on the Buffalo roller mill in preparation to roll corn for cattle feed.  The roller mill was being driven by a PTO.  The employees left hand was pulled by a chain into a sprocket, amputating the left index finger.  The employee was transported to Great Plains Regional Hospital with the amputated finger for treatment.",,,"Caught in running equipment or machinery during maintenance, cleaning ","Feed grinders, crushers, mixers-agricultural",Amputations,,"MAXWELL, NEBRASKA","Feed grinders, crushers, mixers-agricultural",YES,YES,Amputations,Amputation,0.0,1.0,0.0,0,INSUFFICIENT_INFORMATION,Unknown,,,,INSUFFICIENT_INFORMATION,Evidence Assessment (Observed Severity != SIF Precursor),HIGH,OSHA Severe Injury Reports
OSHA-2015010085,OSHA,2015010085,1/5/2015,326122,Severe Injury,Injured by object breaking in hand ,"Employee was using a handheld grinder when the blade broke, cutting his left arm above the wrist.",,,Injured by object breaking in hand ,Hand grinders-powered,"Cuts, lacerations",,"SHERMAN, TEXAS",Hand grinders-powered,YES,YES,"Cuts, lacerations",Hospitalization,1.0,0.0,0.0,0,INSUFFICIENT_INFORMATION,Unknown,,,,INSUFFICIENT_INFORMATION,Evidence Assessment (Observed Severity != SIF Precursor),HIGH,OSHA Severe Injury Reports
OSHA-2015010087,OSHA,2015010087,1/5/2015,561720,Severe Injury,"Struck by swinging or slipping object, other than handheld, n.e.c.","A valve on a metal detector closed on an employee's finger, causing an amputation.",,,"Struck by swinging or slipping object, other than handheld, n.e.c.","Machinery, n.e.c.",Amputations,,"IXONIA, WISCONSIN","Machinery, n.e.c.",YES,YES,Amputations,Amputation,0.0,1.0,0.0,0,INSUFFICIENT_INFORMATION,Unknown,,,,INSUFFICIENT_INFORMATION,Evidence Assessment (Observed Severity != SIF Precursor),HIGH,OSHA Severe Injury Reports
OSHA-2015010088,OSHA,2015010088,1/5/2015,321219,Severe Injury,"Caught in running equipment or machinery, unspecified",The employee's arm was caught at the head roller of raw material hopper Line #1.  The arm was surgically amputated to free him from the bagging machine.,,,"Caught in running equipment or machinery, unspecified","Other metal, woodworking, and special material machinery, unspecified",Amputations,,"FERNDALE, NEW YORK","Other metal, woodworking, and special material machinery, unspecified",YES,YES,Amputations,Hospitalization,1.0,1.0,0.0,0,INSUFFICIENT_INFORMATION,Kinetic,,,,INSUFFICIENT_INFORMATION,Evidence Assessment (Observed Severity != SIF Precursor),HIGH,OSHA Severe Injury Reports
OSHA-2015010089,OSHA,2015010089,1/5/2015,623110,Severe Injury,Struck by discharged object or substance,An employee received freezing tissue-related injuries when she was sprayed with liquid oxygen while filling portable tanks.,,,Struck by discharged object or substance,Cryogenic gases,"Other burns, unspecified",,"EAU CLAIRE, WISCONSIN",Cryogenic gases,YES,YES,"Other burns, unspecified",Hospitalization,1.0,0.0,0.0,0,INSUFFICIENT_INFORMATION,Unknown,,,,INSUFFICIENT_INFORMATION,Evidence Assessment (Observed Severity != SIF Precursor),HIGH,OSHA Severe Injury Reports
OSHA-2015010090,OSHA,2015010090,1/5/2015,711212,Severe Injury,"Thrown, fell, or jumped from animal being ridden","On or about 1/5/15 at 6:30 a.m., an employee was riding a horse back to the barn after completing morning exercises. The horse reared up, could not withstand its weight, and fell over.  This resulted in injury to the employee, breaking his femur bone.",,,"Thrown, fell, or jumped from animal being ridden",Horses and other equines ,Fractures,,"BOYNTON BEACH, FLORIDA",Horses and other equines ,YES,YES,Fractures,Hospitalization,1.0,0.0,0.0,0,INSUFFICIENT_INFORMATION,Gravity,,,,INSUFFICIENT_INFORMATION,Evidence Assessment (Observed Severity != SIF Precursor),HIGH,OSHA Severe Injury Reports
OSHA-2015010091,OSHA,2015010091,1/5/2015,926120,Severe Injury,Fall on same level due to slipping ,Employee slipped and fell fracturing a hip.,,,Fall on same level due to slipping ,"Floors, walkways, ground surfaces, unspecified",Fractures,,"OLATHE, KANSAS","Floors, walkways, ground surfaces, unspecified",YES,YES,Fractures,Hospitalization,1.0,0.0,0.0,0,INSUFFICIENT_INFORMATION,Gravity,,,,INSUFFICIENT_INFORMATION,Evidence Assessment (Observed Severity != SIF Precursor),HIGH,OSHA Severe Injury Reports
OSHA-2015010092,OSHA,2015010092,1/5/2015,713920,Severe Injury,"Fall on same level, unspecified",Snow sport ski instructor was skiing with a guest on the Roundhouse Slope when the employee fell breaking a hip.,,,"Fall on same level, unspecified",Mountains,Fractures,,"SUN VALLEY, IDAHO",Mountains,YES,YES,Fractures,Hospitalization,1.0,0.0,0.0,0,INSUFFICIENT_INFORMATION,Gravity,,,,INSUFFICIENT_INFORMATION,Evidence Assessment (Observed Severity != SIF Precursor),HIGH,OSHA Severe Injury Reports
OSHA-2015010093,OSHA,2015010093,1/5/2015,213111,Severe Injury,"Caught in or compressed by equipment or objects, unspecified",An employee was exposed to a pinch point hazard when his left thumb was caught between the ST-80 and another metal object.,,,"Caught in or compressed by equipment or objects, unspecified","Parts and materials, unspecified",Amputations,,"MENTONE, TEXAS","Parts and materials, unspecified",YES,YES,Amputations,Amputation,0.0,1.0,0.0,0,INSUFFICIENT_INFORMATION,Kinetic,,,,INSUFFICIENT_INFORMATION,Evidence Assessment (Observed Severity != SIF Precursor),HIGH,OSHA Severe Injury Reports
OSHA-2015010094,OSHA,2015010094,1/5/2015,237990,Severe Injury,Nonclassifiable,Employee's right foot was crushed and all of the toes had to be amputated at the hospital. He will require a few days of hospitalization and rehab afterwards. The job required pulling back and laying down pipe.,,,Nonclassifiable,Nonclassifiable,Amputations,,"MANOR, TEXAS",Nonclassifiable,YES,YES,Amputations,Hospitalization,1.0,1.0,0.0,0,INSUFFICIENT_INFORMATION,Kinetic,,,,INSUFFICIENT_INFORMATION,Evidence Assessment (Observed Severity != SIF Precursor),HIGH,OSHA Severe Injury Reports
OSHA-2015010095,OSHA,2015010095,1/5/2015,493110,Severe Injury,Fall on same level due to slipping ,"An employee who had just parked was walking through the parking lot toward the building when she slipped and fell on ice, fracturing two ankle bones. She was transported to the hospital and had surgery the same day.",,,Fall on same level due to slipping ,"Parking lot, unspecified",Fractures,,"TYLER, TEXAS","Parking lot, unspecified",YES,YES,Fractures,Hospitalization,1.0,0.0,0.0,0,INSUFFICIENT_INFORMATION,Gravity,,,,INSUFFICIENT_INFORMATION,Evidence Assessment (Observed Severity != SIF Precursor),HIGH,OSHA Severe Injury Reports
OSHA-2015010097,OSHA,2015010097,1/5/2015,236210,Severe Injury,"Struck by falling object or equipment, n.e.c.","A worker was installing a retaining wall next to Highway 285 when a gust of wind displaced a tree next to the highway. The tree struck the worker, resulting in back, pelvis, and ankle injuries.",,,"Struck by falling object or equipment, n.e.c.",Trees,"Soreness, pain, hurt-nonspecified injury",,"GRANT, COLORADO",Trees,YES,YES,"Soreness, pain, hurt-nonspecified injury",Hospitalization,1.0,0.0,0.0,0,INSUFFICIENT_INFORMATION,Kinetic,,,,INSUFFICIENT_INFORMATION,Evidence Assessment (Observed Severity != SIF Precursor),HIGH,OSHA Severe Injury Reports
OSHA-2015010098,OSHA,2015010098,1/5/2015,327991,Severe Injury,"Exposure to electricity, unspecified",Employee received electrical burns to the left hand while working on an electrical box.,,,"Exposure to electricity, unspecified","Electric parts, n.e.c.","Electrical burns, unspecified",,"ELBERTON, GEORGIA","Electric parts, n.e.c.",YES,YES,"Electrical burns, unspecified",Hospitalization,1.0,0.0,0.0,0,INSUFFICIENT_INFORMATION,Electrical,,,,INSUFFICIENT_INFORMATION,Evidence Assessment (Observed Severity != SIF Precursor),HIGH,OSHA Severe Injury Reports
OSHA-2015010099,OSHA,2015010099,1/5/2015,488991,Severe Injury,"Other fall to lower level, unspecified","An employee climbing the loader stairs in the grinder room caught his foot on the metal step tread, fell backward, and cracked ribs.",,,"Other fall to lower level, unspecified","Stairs, steps-indoors",Fractures,,"MEDWAY, MAINE","Stairs, steps-indoors",YES,YES,Fractures,Hospitalization,1.0,0.0,0.0,0,INSUFFICIENT_INFORMATION,Gravity,,,,INSUFFICIENT_INFORMATION,Evidence Assessment (Observed Severity != SIF Precursor),HIGH,OSHA Severe Injury Reports
OSHA-2015010100,OSHA,2015010100,1/5/2015,333415,Severe Injury,Injured by slipping or swinging object held by injured worker,"An employee, who had gloves on, was using a powered drill tool to drill into an unsupported block of wood.  The employee was holding the block of wood in his hands. When the employee actuated the drill, the glove got caught, resulting in a partial amputation of the thumb.",,,Injured by slipping or swinging object held by injured worker,Drills-powered,Amputations,,"GENEVA, OHIO",Drills-powered,YES,YES,Amputations,Amputation,0.0,1.0,0.0,0,INSUFFICIENT_INFORMATION,Kinetic,,,,INSUFFICIENT_INFORMATION,Evidence Assessment (Observed Severity != SIF Precursor),HIGH,OSHA Severe Injury Reports
OSHA-2015010101,OSHA,2015010101,1/5/2015,238160,Severe Injury,Struck by discharged object or substance,"A roofer slipped on the ridge of a roof while securing roofing felt paper.  When he slipped, his nail gun came into contact with his work boot and activated, firing a nail through the boot and into his big toe.  The worker was admitted to Carney Hospital for several days during which several surgeries were performed.",,,Struck by discharged object or substance,"Nails, brads, tacks, nuts, bolts, washers","Puncture wounds, except gunshot wounds",,"BERKLEY, MASSACHUSETTS","Nails, brads, tacks, nuts, bolts, washers",YES,YES,"Puncture wounds, except gunshot wounds",Hospitalization,1.0,0.0,0.0,0,INSUFFICIENT_INFORMATION,Gravity,,,,INSUFFICIENT_INFORMATION,Evidence Assessment (Observed Severity != SIF Precursor),HIGH,OSHA Severe Injury Reports
OSHA-2015010102,OSHA,2015010102,1/5/2015,115115,Severe Injury,Nonclassifiable,"On or about 1/5/15 at 5:30 PM, an employee was admitted to the hospital to be treated for swelling and an abscess.",,,Nonclassifiable,Nonclassifiable,"Inflammation, swelling-general",,"LABELLE, FLORIDA",Nonclassifiable,YES,YES,"Inflammation, swelling-general",Hospitalization,1.0,0.0,0.0,0,INSUFFICIENT_INFORMATION,Unknown,,,,INSUFFICIENT_INFORMATION,Evidence Assessment (Observed Severity != SIF Precursor),HIGH,OSHA Severe Injury Reports
OSHA-2015010103,OSHA,2015010103,1/5/2015,326212,Severe Injury,"Caught in running equipment or machinery during maintenance, cleaning ","On or about 1/5/15, at 7:45 AM, an employee supervising the first shift noticed material buildup in the conveyor and decided to clean it.  She got caught in one of the belt conveyors, breaking both her bones from her forearm.",,,"Caught in running equipment or machinery during maintenance, cleaning ",Conveyors-belt,Fractures,,"PORT SAINT LUCIE, FLORIDA",Conveyors-belt,YES,YES,Fractures,Hospitalization,1.0,0.0,0.0,0,INSUFFICIENT_INFORMATION,Kinetic,,,,INSUFFICIENT_INFORMATION,Evidence Assessment (Observed Severity != SIF Precursor),HIGH,OSHA Severe Injury Reports
OSHA-2015010104,OSHA,2015010104,1/5/2015,335311,Severe Injury,Fall through surface or existing opening 6 to 10 feet,"Employee 1 and employee 2 were operating a welding robot in the fabrication department.  Employee 1 was loading a fin bank into the welding cell and was walking backwards into the welding cell while operating an overhead crane. Employee 1 stepped backwards into an open pit and fell approximately 8 feet. Employee 1 sustained the following injuries: fractured pelvis at both hip sockets, fractured ribs, fractured right elbow, fractured right shoulder.  Employee 1 is hospitalized at University Hospital in Columbia, Missouri.",,,Fall through surface or existing opening 6 to 10 feet,"Floor, n.e.c.",Fractures,,"JEFFERSON CITY, MISSOURI","Floor, n.e.c.",YES,YES,Fractures,Hospitalization,1.0,0.0,0.0,0,INSUFFICIENT_INFORMATION,Gravity,,,,INSUFFICIENT_INFORMATION,Evidence Assessment (Observed Severity != SIF Precursor),HIGH,OSHA Severe Injury Reports
OSHA-2015010105,OSHA,2015010105,1/5/2015,445110,Severe Injury,Fall on same level due to slipping ,"An employee was wrapping meat using an automatic wrapper and putting the meat into a tall/mini shelving rack in the refrigerated market/area. The employee then transported the meat to the sale floor area.  On her way back to the market area, the employee slipped and fell to the floor.  The floor was wet from condensation.",,,Fall on same level due to slipping ,"Floor, unspecified","Traumatic injuries and disorders, unspecified",,"OPELOUSAS, LOUISIANA","Floor, unspecified",YES,YES,"Traumatic injuries and disorders, unspecified",Hospitalization,1.0,0.0,0.0,0,INSUFFICIENT_INFORMATION,Gravity,,,,INSUFFICIENT_INFORMATION,Evidence Assessment (Observed Severity != SIF Precursor),HIGH,OSHA Severe Injury Reports
OSHA-2015010106,OSHA,2015010106,1/5/2015,321212,Severe Injury,Struck against moving part of machinery or equipment,Employee using a table saw amputated his right index finger and his right middle finger.,,,Struck against moving part of machinery or equipment,Table saws,Amputations,,"MEDLEY, FLORIDA",Table saws,YES,YES,Amputations,Hospitalization,1.0,1.0,0.0,0,INSUFFICIENT_INFORMATION,Unknown,,,,INSUFFICIENT_INFORMATION,Evidence Assessment (Observed Severity != SIF Precursor),HIGH,OSHA Severe Injury Reports
OSHA-2015010107,OSHA,2015010107,1/5/2015,561612,Severe Injury,"Slip or trip without fall, n.e.c.","Employee was walking, rolled on his ankle, and broke his ankle.",,,"Slip or trip without fall, n.e.c.","Bodily motion or position of injured, ill worker",Fractures,,"HOUSTON, TEXAS","Bodily motion or position of injured, ill worker",YES,YES,Fractures,Hospitalization,1.0,0.0,0.0,0,INSUFFICIENT_INFORMATION,Unknown,,,,INSUFFICIENT_INFORMATION,Evidence Assessment (Observed Severity != SIF Precursor),HIGH,OSHA Severe Injury Reports
OSHA-2015010108,OSHA,2015010108,1/5/2015,325510,Severe Injury,Fall on same level due to slipping ,Employee injured her hip and was hospitalized after she slipped and fell on the wet floor.,,,Fall on same level due to slipping ,"Floor, unspecified","Soreness, pain, hurt-nonspecified injury",,"WAUKEGAN, ILLINOIS","Floor, unspecified",YES,YES,"Soreness, pain, hurt-nonspecified injury",Hospitalization,1.0,0.0,0.0,0,INSUFFICIENT_INFORMATION,Gravity,,,,INSUFFICIENT_INFORMATION,Evidence Assessment (Observed Severity != SIF Precursor),HIGH,OSHA Severe Injury Reports
OSHA-2015010109,OSHA,2015010109,1/5/2015,238210,Severe Injury,Fall on same level due to slipping ,"On Monday, January 5, 2014, an employee slipped on ice while walking to his work truck at a job site.  The employee sustained an injury to his neck and was admitted to the hospital that day.",,,Fall on same level due to slipping ,"Bodily motion or position of injured, ill worker","Soreness, pain, hurt-nonspecified injury",,"GREELEY, COLORADO","Bodily motion or position of injured, ill worker",YES,YES,"Soreness, pain, hurt-nonspecified injury",Hospitalization,1.0,0.0,0.0,0,INSUFFICIENT_INFORMATION,Unknown,,,,INSUFFICIENT_INFORMATION,Evidence Assessment (Observed Severity != SIF Precursor),HIGH,OSHA Severe Injury Reports
OSHA-2015010110,OSHA,2015010110,1/5/2015,325412,Severe Injury,Fall on same level due to slipping ,Employee was walking from her car and slipped and fell in the parking lot. Employee was transported to the hospital by ambulance and was admitted.,,,Fall on same level due to slipping ,"Parking lot, unspecified","Traumatic injuries and disorders, unspecified",,"LAKE FOREST, ILLINOIS","Parking lot, unspecified",YES,YES,"Traumatic injuries and disorders, unspecified",Hospitalization,1.0,0.0,0.0,0,INSUFFICIENT_INFORMATION,Gravity,,,,INSUFFICIENT_INFORMATION,Evidence Assessment (Observed Severity != SIF Precursor),HIGH,OSHA Severe Injury Reports
OSHA-2015010112,OSHA,2015010112,1/5/2015,424470,Severe Injury,"Contact with objects and equipment, unspecified","On or about January 5, 2015, an employee suffered a partial amputation of the fingertip while using the patty-making machine.",,,"Contact with objects and equipment, unspecified","Food and beverage processing machinery-specialized, n.e.c.",Amputations,,"BUCYRUS, OHIO","Food and beverage processing machinery-specialized, n.e.c.",YES,YES,Amputations,Amputation,0.0,1.0,0.0,0,INSUFFICIENT_INFORMATION,Kinetic,,,,INSUFFICIENT_INFORMATION,Evidence Assessment (Observed Severity != SIF Precursor),HIGH,OSHA Severe Injury Reports
OSHA-2015010114,OSHA,2015010114,1/6/2015,331511,Severe Injury,"Caught in or compressed by equipment or objects, unspecified","On or about January 6, 2015, an employee was injured while attempting to remove a part that was stuck in the door of the Wheelabrator machine. Once the part was released from the door, the door shut on the employee's finger and amputated the tip of his left index finger.",,,"Caught in or compressed by equipment or objects, unspecified","Machinery, unspecified",Amputations,,"GALENA, ILLINOIS","Machinery, unspecified",YES,YES,Amputations,Amputation,0.0,1.0,0.0,0,INSUFFICIENT_INFORMATION,Kinetic,,,,INSUFFICIENT_INFORMATION,Evidence Assessment (Observed Severity != SIF Precursor),HIGH,OSHA Severe Injury Reports
OSHA-2015010115,OSHA,2015010115,1/6/2015,811310,Severe Injury,Injured by slipping or swinging object held by injured worker,Employee was using a portable hand grinder to cut a steel pipe. The grinder kicked back and lacerated the employees knee cutting an artery.,,,Injured by slipping or swinging object held by injured worker,Hand grinders-powered,"Cuts, lacerations",,"GOLDEN, COLORADO",Hand grinders-powered,YES,YES,"Cuts, lacerations",Hospitalization,1.0,0.0,0.0,0,INSUFFICIENT_INFORMATION,Unknown,,,,INSUFFICIENT_INFORMATION,Evidence Assessment (Observed Severity != SIF Precursor),HIGH,OSHA Severe Injury Reports
OSHA-2015010116,OSHA,2015010116,1/6/2015,333921,Severe Injury,"Ignition of vapors, gases, or liquids","An employee entered a storage container that contained painting materials at the work site.  Upon entering the container, the employee lit a cigarette in the container, and an explosion occurred shortly afterwards.  The employee was burned on the face and hands.  The employee was admitted to the hospital for treatment of his burns.",,,"Ignition of vapors, gases, or liquids","Paint, lacquer, shellac, varnish, unspecified","Heat (thermal) burns, unspecified",,"BOSSIER CITY, LOUISIANA","Paint, lacquer, shellac, varnish, unspecified",YES,YES,"Heat (thermal) burns, unspecified",Hospitalization,1.0,0.0,0.0,0,INSUFFICIENT_INFORMATION,Thermal,,,,INSUFFICIENT_INFORMATION,Evidence Assessment (Observed Severity != SIF Precursor),HIGH,OSHA Severe Injury Reports
OSHA-2015010117,OSHA,2015010117,1/6/2015,332116,Severe Injury,"Contact with objects and equipment, unspecified",A maintenance employee received a fingertip amputation while troubleshooting a stuck clamp on a cutting machine on the mechanical spinning line LH2.,,,"Contact with objects and equipment, unspecified","Sawing machinery-stationary, unspecified",Amputations,,"BLOOMINGDALE, ILLINOIS","Sawing machinery-stationary, unspecified",YES,YES,Amputations,Amputation,0.0,1.0,0.0,0,INSUFFICIENT_INFORMATION,Kinetic,,,,INSUFFICIENT_INFORMATION,Evidence Assessment (Observed Severity != SIF Precursor),HIGH,OSHA Severe Injury Reports
OSHA-2015010118,OSHA,2015010118,1/6/2015,331221,Severe Injury,"Caught in or compressed by equipment or objects, unspecified",Employee suffered an amputation of the tip of his left-hand index finger in a pinch point while conducting material handling operations that involved rolled steel on a support stand.,,,"Caught in or compressed by equipment or objects, unspecified",Nonclassifiable,Amputations,,"OIL CITY, PENNSYLVANIA",Nonclassifiable,YES,YES,Amputations,Amputation,0.0,1.0,0.0,0,INSUFFICIENT_INFORMATION,Kinetic,,,,INSUFFICIENT_INFORMATION,Evidence Assessment (Observed Severity != SIF Precursor),HIGH,OSHA Severe Injury Reports
OSHA-2015010120,OSHA,2015010120,1/6/2015,238210,Severe Injury,"Struck by falling object or equipment, n.e.c.",A stack of 12 x 4 foot panels of sheet rock in the hallway of an under construction building fell on the employee and broke his leg.,,,"Struck by falling object or equipment, n.e.c.","Wallboard, drywall, sheetrock",Fractures,,"EAST BRUNSWICK, NEW JERSEY","Wallboard, drywall, sheetrock",YES,YES,Fractures,Hospitalization,1.0,0.0,0.0,0,INSUFFICIENT_INFORMATION,Gravity,,,,INSUFFICIENT_INFORMATION,Evidence Assessment (Observed Severity != SIF Precursor),HIGH,OSHA Severe Injury Reports
OSHA-2015010121,OSHA,2015010121,1/6/2015,311999,Severe Injury,"Contact with objects and equipment, unspecified","Employee's left-hand distal middle finger was crushed by a pallet jack. When injured, the employee was operating the pallet jack alone while moving an 1800-pound tote container.",,,"Contact with objects and equipment, unspecified",Pallet jack-powered,Amputations,,"PONCA CITY, OKLAHOMA",Pallet jack-powered,YES,YES,Amputations,Amputation,0.0,1.0,0.0,0,INSUFFICIENT_INFORMATION,Kinetic,,,,INSUFFICIENT_INFORMATION,Evidence Assessment (Observed Severity != SIF Precursor),HIGH,OSHA Severe Injury Reports
OSHA-2015010125,OSHA,2015010125,1/6/2015,236115,Severe Injury,Other fall to lower level less than 6 feet,"Employees were moving equipment into the trailer and removed the stairs to the trailer.  Upon exiting the trailer, an employee forgot the stairs were removed and fell about 3 feet to the ground.  Employee has 2 broken ribs, broken scapula, and a dislocated shoulder.",,,Other fall to lower level less than 6 feet,Trailers,Fractures and dislocations,,"WESTON, CONNECTICUT",Trailers,YES,YES,Fractures and dislocations,Hospitalization,1.0,0.0,0.0,0,INSUFFICIENT_INFORMATION,Gravity,,,,INSUFFICIENT_INFORMATION,Evidence Assessment (Observed Severity != SIF Precursor),HIGH,OSHA Severe Injury Reports
OSHA-2015010127,OSHA,2015010127,1/6/2015,333298,Severe Injury,"Struck by object or equipment, unspecified","On Tuesday, January 6, 2015, an employee was struck in the stomach by bushing that was sticking out of a rotary table while operating levers.",,,"Struck by object or equipment, unspecified","Machine, tool, and electric parts, unspecified","Soreness, pain, hurt-nonspecified injury",,"CARMI, ILLINOIS","Machine, tool, and electric parts, unspecified",YES,YES,"Soreness, pain, hurt-nonspecified injury",Hospitalization,1.0,0.0,0.0,0,INSUFFICIENT_INFORMATION,Kinetic,,,,INSUFFICIENT_INFORMATION,Evidence Assessment (Observed Severity != SIF Precursor),HIGH,OSHA Severe Injury Reports
OSHA-2015010128,OSHA,2015010128,1/6/2015,325188,Severe Injury,Other fall to lower level 6 to 10 feet,An employee fell from a stationary piece of equipment while changing a conveyor's pulley belt.  The fall was about 8 feet. The employee was hospitalized with a broken leg.,,,Other fall to lower level 6 to 10 feet,"Machinery, unspecified",Fractures,,"CEDAR SPRINGS, GEORGIA","Machinery, unspecified",YES,YES,Fractures,Hospitalization,1.0,0.0,0.0,0,INSUFFICIENT_INFORMATION,Gravity,,,,INSUFFICIENT_INFORMATION,Evidence Assessment (Observed Severity != SIF Precursor),HIGH,OSHA Severe Injury Reports
OSHA-2015010129,OSHA,2015010129,1/6/2015,236220,Severe Injury,Other fall to lower level 6 to 10 feet,"A worker was hospitalized on 01/06/2015 at 3:30 p.m. After doing some clean-up work on a roof, he fell approximately 8.5 to 9 feet while descending a ladder. The worker fractured his leg  and was hospitalized overnight at Athens Regional Medical Center. He underwent surgery, at which time a pin was inserted in the tibia of the fractured leg.",,,Other fall to lower level 6 to 10 feet,"Ladders, unspecified",Fractures,,"ATHENS, GEORGIA","Ladders, unspecified",YES,YES,Fractures,Hospitalization,1.0,0.0,0.0,0,INSUFFICIENT_INFORMATION,Gravity,,,,INSUFFICIENT_INFORMATION,Evidence Assessment (Observed Severity != SIF Precursor),HIGH,OSHA Severe Injury Reports
OSHA-2015010130,OSHA,2015010130,1/6/2015,541620,Severe Injury,"Other fall to lower level, unspecified","On January 6, 2015, an employee was working from a ladder, cutting a metal tank into scrap metal.  The employee stepped off the ladder and onto a tank where he slipped and fell. The employee fractured his right ankle and was admitted to the hospital for surgical repair of the fracture.",,,"Other fall to lower level, unspecified","Tanks, bins, vats-nonconfined space",Fractures,,"NITRO, WEST VIRGINIA","Tanks, bins, vats-nonconfined space",YES,YES,Fractures,Hospitalization,1.0,0.0,0.0,0,INSUFFICIENT_INFORMATION,Gravity,,,,INSUFFICIENT_INFORMATION,Evidence Assessment (Observed Severity != SIF Precursor),HIGH,OSHA Severe Injury Reports
OSHA-2015010132,OSHA,2015010132,1/6/2015,327121,Severe Injury,"Caught in running equipment or machinery, unspecified",Employee sustained an amputation of two fingers when his hand was caught in the belt and pulley of the hammer mill.,,,"Caught in running equipment or machinery, unspecified",Milling machines,Amputations,,"MACON, GEORGIA",Milling machines,YES,YES,Amputations,Amputation,0.0,1.0,0.0,0,INSUFFICIENT_INFORMATION,Kinetic,,,,INSUFFICIENT_INFORMATION,Evidence Assessment (Observed Severity != SIF Precursor),HIGH,OSHA Severe Injury Reports
OSHA-2015010133,OSHA,2015010133,1/6/2015,331512,Severe Injury,Fall on same level due to slipping ,"An employee slipped and fell on ice and bumped her head. She was sent to the emergency room, and admitted to the hospital as a precaution.",,,Fall on same level due to slipping ,"Floors, walkways, ground surfaces, unspecified","Intracranial injuries, unspecified",,"BETHEL, PENNSYLVANIA","Floors, walkways, ground surfaces, unspecified",YES,YES,"Intracranial injuries, unspecified",Hospitalization,1.0,0.0,0.0,0,INSUFFICIENT_INFORMATION,Gravity,,,,INSUFFICIENT_INFORMATION,Evidence Assessment (Observed Severity != SIF Precursor),HIGH,OSHA Severe Injury Reports
OSHA-2015010134,OSHA,2015010134,1/6/2015,238220,Severe Injury,Struck against moving part of machinery or equipment,Employee was cutting a 10-foot length of 6-inch PVC pipe into 10-inch sections. He was using a chop saw that was on a pivot because the tool he had been using would not cut the pipe. The employee was using his hand to hold the pipe.  His hand got pulled into the blade.,,,Struck against moving part of machinery or equipment,"Sawing machinery-stationary, n.e.c.","Soreness, pain, hurt-nonspecified injury",,"CLEBURNE, TEXAS","Sawing machinery-stationary, n.e.c.",YES,YES,"Soreness, pain, hurt-nonspecified injury",Hospitalization,1.0,0.0,0.0,0,INSUFFICIENT_INFORMATION,Unknown,,,,INSUFFICIENT_INFORMATION,Evidence Assessment (Observed Severity != SIF Precursor),HIGH,OSHA Severe Injury Reports
OSHA-2015010135,OSHA,2015010135,1/6/2015,451110,Severe Injury,Other fall to lower level 6 to 10 feet,Employee fell from a ladder after removing one foot from the ladder and placing it on a merchandise hook approximately 9 feet above the floor. He landed on his feet and injured his left knee.,,,Other fall to lower level 6 to 10 feet,"Ladders, unspecified","Soreness, pain, hurt-nonspecified injury",,"MADISON, MISSISSIPPI","Ladders, unspecified",YES,YES,"Soreness, pain, hurt-nonspecified injury",Hospitalization,1.0,0.0,0.0,0,INSUFFICIENT_INFORMATION,Gravity,,,,INSUFFICIENT_INFORMATION,Evidence Assessment (Observed Severity != SIF Precursor),HIGH,OSHA Severe Injury Reports
OSHA-2015010136,OSHA,2015010136,1/6/2015,336322,Severe Injury,"Struck against object or equipment, unspecified","Employee received burns to his left index finger and portion of his left hand, while performing routine service on a plastic mold injection machine. Employees needed hospitalization at University of Rochester Strong Hospital.",,,"Struck against object or equipment, unspecified",Plastic injection molding machinery,"Heat (thermal) burns, unspecified",,"ROCHESTER, NEW YORK",Plastic injection molding machinery,YES,YES,"Heat (thermal) burns, unspecified",Hospitalization,1.0,0.0,0.0,0,INSUFFICIENT_INFORMATION,Thermal,,,,INSUFFICIENT_INFORMATION,Evidence Assessment (Observed Severity != SIF Precursor),HIGH,OSHA Severe Injury Reports
OSHA-2015010137,OSHA,2015010137,1/6/2015,425120,Severe Injury,"Struck by powered vehicle-nontransport, n.e.c.","Employee was walking in the warehouse and was struck by a forklift that was carrying insulation. The employee's head hit the ground, and the employee was hospitalized.",,,"Struck by powered vehicle-nontransport, n.e.c.","Forklift, order picker, platform truck-powered","Intracranial injuries, unspecified",,"COLUMBIA, MISSOURI","Forklift, order picker, platform truck-powered",YES,YES,"Intracranial injuries, unspecified",Hospitalization,1.0,0.0,0.0,0,INSUFFICIENT_INFORMATION,Kinetic,,,,INSUFFICIENT_INFORMATION,Evidence Assessment (Observed Severity != SIF Precursor),HIGH,OSHA Severe Injury Reports
OSHA-2015010138,OSHA,2015010138,1/6/2015,491110,Severe Injury,Fall on same level due to slipping ,"An employee fell on ice, causing an abrasion on his left elbow. The abrasion was followed by cellulitis and a bursal abscess.",,,Fall on same level due to slipping ,"Floors, walkways, ground surfaces, unspecified","Abrasions, scratches",,"JAMAICA PLAIN, MASSACHUSETTS","Floors, walkways, ground surfaces, unspecified",YES,YES,"Abrasions, scratches",Hospitalization,1.0,0.0,0.0,0,INSUFFICIENT_INFORMATION,Gravity,,,,INSUFFICIENT_INFORMATION,Evidence Assessment (Observed Severity != SIF Precursor),HIGH,OSHA Severe Injury Reports
OSHA-2015010139,OSHA,2015010139,1/6/2015,237310,Severe Injury,"Exposure through intact skin, eyes, or other exposed tissue",An employee sustained battery acid burns to the face while attempting to start an air compressor on the back of a service vehicle by boosting the battery with jumper cables.,,,"Exposure through intact skin, eyes, or other exposed tissue",Sulfuric acid,"Chemical burns and corrosions, unspecified",,"NEW TOWN, NORTH DAKOTA",Sulfuric acid,YES,YES,"Chemical burns and corrosions, unspecified",Hospitalization,1.0,0.0,0.0,0,INSUFFICIENT_INFORMATION,Chemical,,,,INSUFFICIENT_INFORMATION,Evidence Assessment (Observed Severity != SIF Precursor),HIGH,OSHA Severe Injury Reports
OSHA-2015010140,OSHA,2015010140,1/6/2015,237120,Severe Injury,"Fall to lower level, unspecified",An employee was injured when the brakes on a seven-car string of loaded boxcars let loose. The cars rolled into a four-car string of empty boxcars.  The impact knocked an employee off the four-car string and he fell on the ground. The employee was hospitalized for lacerations.,,,"Fall to lower level, unspecified","Train, locomotive, rail car, unspecified","Cuts, lacerations",,"CARBONDALE, PENNSYLVANIA","Train, locomotive, rail car, unspecified",YES,YES,"Cuts, lacerations",Hospitalization,1.0,0.0,0.0,0,INSUFFICIENT_INFORMATION,Gravity,,,,INSUFFICIENT_INFORMATION,Evidence Assessment (Observed Severity != SIF Precursor),HIGH,OSHA Severe Injury Reports
OSHA-2015010141,OSHA,2015010141,1/6/2015,236118,Severe Injury,Other fall to lower level 6 to 10 feet,The worker stepped on a floor joist and fell 10 feet. The worker sustained a broken leg and was hospitalized.,,,Other fall to lower level 6 to 10 feet,"Roof trusses, joists",Fractures,,"BRIDGEHAMPTON, NEW YORK","Roof trusses, joists",YES,YES,Fractures,Hospitalization,1.0,0.0,0.0,0,INSUFFICIENT_INFORMATION,Gravity,,,,INSUFFICIENT_INFORMATION,Evidence Assessment (Observed Severity != SIF Precursor),HIGH,OSHA Severe Injury Reports
OSHA-2015010145,OSHA,2015010145,1/6/2015,484110,Severe Injury,Compressed or pinched by shifting objects or equipment,"An employee was offloading a tractor trailer when the forklift being operated by a Pika Energy employee picked up a piece of cargo and pinned the employee between the cargo and the trailer wall, resulting in numerous serious injuries.",,,Compressed or pinched by shifting objects or equipment,"Semi, tractor-trailer, tanker truck","Traumatic injuries and disorders, unspecified",,"PENROSE, COLORADO","Semi, tractor-trailer, tanker truck",YES,YES,"Traumatic injuries and disorders, unspecified",Hospitalization,1.0,0.0,0.0,0,INSUFFICIENT_INFORMATION,Unknown,,,,INSUFFICIENT_INFORMATION,Evidence Assessment (Observed Severity != SIF Precursor),HIGH,OSHA Severe Injury Reports
OSHA-2015010146,OSHA,2015010146,1/6/2015,236220,Severe Injury,"Fall, slip, trip, unspecified ","On January 6, 2015, a worker sustained a fracture to the right ankle after slipping on ice at a construction site located at 17400 N. 84th Street, Lincoln, NE  68517.",,,"Fall, slip, trip, unspecified ","Floors, walkways, ground surfaces, unspecified",Fractures,,"LINCOLN, NEBRASKA","Floors, walkways, ground surfaces, unspecified",YES,YES,Fractures,Hospitalization,1.0,0.0,0.0,0,INSUFFICIENT_INFORMATION,Unknown,,,,INSUFFICIENT_INFORMATION,Evidence Assessment (Observed Severity != SIF Precursor),HIGH,OSHA Severe Injury Reports
OSHA-2015010147,OSHA,2015010147,1/6/2015,444110,Severe Injury,Compressed or pinched by shifting objects or equipment,Employee was injured while repairing a forklift in the receiving department. The employee was caught between the forklift's mast and cage while reconnecting a hose. The employee was hospitalized overnight with a crushed or bruised vertebrae.,,,Compressed or pinched by shifting objects or equipment,"Forklift, order picker, platform truck-powered","Soreness, pain, hurt-nonspecified injury",,"MORTON GROVE, ILLINOIS","Forklift, order picker, platform truck-powered",YES,YES,"Soreness, pain, hurt-nonspecified injury",Hospitalization,1.0,0.0,0.0,0,INSUFFICIENT_INFORMATION,Kinetic,,,,INSUFFICIENT_INFORMATION,Evidence Assessment (Observed Severity != SIF Precursor),HIGH,OSHA Severe Injury Reports
OSHA-2015010148,OSHA,2015010148,1/6/2015,561320,Severe Injury,Other fall to lower level less than 6 feet,"The employee was working from a stage table, approximately 2 to 3 feet above the ground.  The employee fell, breaking his hip.",,,Other fall to lower level less than 6 feet,"Tables, worktables",Fractures,,"HOUSTON, TEXAS","Tables, worktables",YES,YES,Fractures,Hospitalization,1.0,0.0,0.0,0,INSUFFICIENT_INFORMATION,Gravity,,,,INSUFFICIENT_INFORMATION,Evidence Assessment (Observed Severity != SIF Precursor),HIGH,OSHA Severe Injury Reports
OSHA-2015010149,OSHA,2015010149,1/6/2015,452111,Severe Injury,Fall on same level due to tripping over an object ,"Employee was collecting shoes for her customer in the shoe stockroom when she tripped over a fitting stool sitting on the floor. She fell to the floor, fracturing her right ankle.  She was carrying four boot boxes and could not see directly in front of her.",,,Fall on same level due to tripping over an object ,"Floor, n.e.c.",Fractures,,"CORPUS CHRISTI, TEXAS","Floor, n.e.c.",YES,YES,Fractures,Hospitalization,1.0,0.0,0.0,0,INSUFFICIENT_INFORMATION,Gravity,,,,INSUFFICIENT_INFORMATION,Evidence Assessment (Observed Severity != SIF Precursor),HIGH,OSHA Severe Injury Reports
OSHA-2015010150,OSHA,2015010150,1/6/2015,213112,Severe Injury,Nonclassifiable,"Two employees of 4 Swift Service passed out in a tank that was being cleaned.  Employees proceeded into a tank which had been closed, but was opened by an employee.  Employees went inside to clean, but were supposed to clean the outside of the tank only. Both employees were transported to the hospital, but only one employee was admitted.",,,Nonclassifiable,Oil storage tank interiors,"General symptoms, unspecified",,"CARRIZO SPRINGS, TEXAS",Oil storage tank interiors,YES,YES,"General symptoms, unspecified",Hospitalization,1.0,0.0,0.0,0,INSUFFICIENT_INFORMATION,Unknown,,,,INSUFFICIENT_INFORMATION,Evidence Assessment (Observed Severity != SIF Precursor),HIGH,OSHA Severe Injury Reports
OSHA-2015010151,OSHA,2015010151,1/6/2015,562111,Severe Injury,Other fall to lower level 6 to 10 feet,Employee's garbage truck struck electrical lines hanging low in the street.  Employee climbed up approximately 10 feet to untangle the wires when he fell to the ground.  He broke his left leg and has small fractures in his neck. He was admitted to the hospital.,,,Other fall to lower level 6 to 10 feet,Utility and telephone poles,Fractures,,"LIBERTY, TEXAS",Utility and telephone poles,YES,YES,Fractures,Hospitalization,1.0,0.0,0.0,0,INSUFFICIENT_INFORMATION,Gravity,,,,INSUFFICIENT_INFORMATION,Evidence Assessment (Observed Severity != SIF Precursor),HIGH,OSHA Severe Injury Reports
OSHA-2015010152,OSHA,2015010152,1/6/2015,332117,Severe Injury,Caught in running equipment or machinery during regular operation,"On January 6, 2015, at approximately 11:30 p.m., an employee was performing a change over in the secondary turn cell when the clamp/unclamp feature was activated. The employee's fingertips on both hands were caught behind the chuck of the lathe. On the left hand, the third and fourth fingers were amputated.",,,Caught in running equipment or machinery during regular operation,"Lathes, unspecified",Amputations,,"GALLIPOLIS, OHIO","Lathes, unspecified",YES,YES,Amputations,Hospitalization,1.0,1.0,0.0,0,INSUFFICIENT_INFORMATION,Kinetic,,,,INSUFFICIENT_INFORMATION,Evidence Assessment (Observed Severity != SIF Precursor),HIGH,OSHA Severe Injury Reports
OSHA-2015010153,OSHA,2015010153,1/6/2015,423830,Severe Injury,"Contact with objects and equipment, unspecified",Employee's left thumb and finger were injured while using a router.,,,"Contact with objects and equipment, unspecified",Routers and molders-powered,"Soreness, pain, hurt-nonspecified injury",,"WEST CALDWELL, NEW JERSEY",Routers and molders-powered,YES,YES,"Soreness, pain, hurt-nonspecified injury",Hospitalization,1.0,0.0,0.0,0,INSUFFICIENT_INFORMATION,Unknown,,,,INSUFFICIENT_INFORMATION,Evidence Assessment (Observed Severity != SIF Precursor),HIGH,OSHA Severe Injury Reports
OSHA-2015010155,OSHA,2015010155,1/6/2015,326130,Severe Injury,"Caught in running equipment or machinery during maintenance, cleaning ",Employee was cleaning paper underneath the Core Machine while it was running. The belt drive snagged her arm and broke it.,,,"Caught in running equipment or machinery during maintenance, cleaning ","Packaging, bottling, wrapping machinery, unspecified",Fractures,,"MARMADUKE, ARKANSAS","Packaging, bottling, wrapping machinery, unspecified",YES,YES,Fractures,Hospitalization,1.0,0.0,0.0,0,INSUFFICIENT_INFORMATION,Kinetic,,,,INSUFFICIENT_INFORMATION,Evidence Assessment (Observed Severity != SIF Precursor),HIGH,OSHA Severe Injury Reports
OSHA-2015010156,OSHA,2015010156,1/6/2015,623110,Severe Injury,"Other animal bites, nonvenomous","An employee was visiting a patient's home. Upon entering the fence of the patient's yard, one of the patient's dogs attacked the employee. The employee received several dog bites.",,,"Other animal bites, nonvenomous","Dogs, canines-domestic","Puncture wounds, except gunshot wounds",,"BOGALUSA, LOUISIANA","Dogs, canines-domestic",YES,YES,"Puncture wounds, except gunshot wounds",Hospitalization,1.0,0.0,0.0,0,INSUFFICIENT_INFORMATION,Unknown,,,,INSUFFICIENT_INFORMATION,Evidence Assessment (Observed Severity != SIF Precursor),HIGH,OSHA Severe Injury Reports
OSHA-2015010157,OSHA,2015010157,1/6/2015,332410,Severe Injury,Compressed or pinched by shifting objects or equipment,The employee was installing block on a V8 line. The employee had been using a lifting chain and shipping nipple to place a V13 block on a shipping skid. The employee's hand got caught between the lifting chain and shipping nipple when the weight shifted and the chain slipped. The tip of the employee's left ring finger was amputated between the end and the first knuckle and the left middle finger was fractured.,,,Compressed or pinched by shifting objects or equipment,"Chains, n.e.c.",Amputations,,"LANCASTER, PENNSYLVANIA","Chains, n.e.c.",YES,YES,Amputations,Amputation,0.0,1.0,0.0,0,INSUFFICIENT_INFORMATION,Kinetic,,,,INSUFFICIENT_INFORMATION,Evidence Assessment (Observed Severity != SIF Precursor),HIGH,OSHA Severe Injury Reports
OSHA-2015010158,OSHA,2015010158,1/7/2015,423320,Severe Injury,"Nonroadway noncollision incident, n.e.c.",Employee operating a forklift was injured when he stuck his arm out of the forklift cage and it was struck by a company vehicle.,,,"Nonroadway noncollision incident, n.e.c.","Forklift, order picker, platform truck-powered","Soreness, pain, hurt-nonspecified injury",,"HARRISBURG, PENNSYLVANIA","Forklift, order picker, platform truck-powered",YES,YES,"Soreness, pain, hurt-nonspecified injury",Hospitalization,1.0,0.0,0.0,0,INSUFFICIENT_INFORMATION,Kinetic,,,,INSUFFICIENT_INFORMATION,Evidence Assessment (Observed Severity != SIF Precursor),HIGH,OSHA Severe Injury Reports
OSHA-2015010159,OSHA,2015010159,1/7/2015,326211,Severe Injury,"Caught in running equipment or machinery, unspecified","Employee was pulled into a machine, causing a broken arm. Hospitalized for surgery.",,,"Caught in running equipment or machinery, unspecified","Machinery, unspecified",Fractures,,"LAWTON, OKLAHOMA","Machinery, unspecified",YES,YES,Fractures,Hospitalization,1.0,0.0,0.0,0,INSUFFICIENT_INFORMATION,Kinetic,,,,INSUFFICIENT_INFORMATION,Evidence Assessment (Observed Severity != SIF Precursor),HIGH,OSHA Severe Injury Reports
OSHA-2015010161,OSHA,2015010161,1/7/2015,484110,Severe Injury,Struck by or caught in swinging door or gate,"Employee received a broken right tibia when he entered a belly dump trailer to remove coal ash that was stuck to the inside walls. The dump gates lost power, causing them to close on the employee's leg.",,,Struck by or caught in swinging door or gate,Liftgates,Fractures,,"BELGRADE, MONTANA",Liftgates,YES,YES,Fractures,Hospitalization,1.0,0.0,0.0,0,INSUFFICIENT_INFORMATION,Unknown,,,,INSUFFICIENT_INFORMATION,Evidence Assessment (Observed Severity != SIF Precursor),HIGH,OSHA Severe Injury Reports
OSHA-2015010162,OSHA,2015010162,1/7/2015,484230,Severe Injury,Injured by slipping or swinging object held by injured worker,"An employee was using a circular saw to cut a piece of aluminum to make repairs on a dump truck when the saw kicked back, striking the employee on the right side of the neck.  Sutures were required, and the employee was admitted to the hospital.",,,Injured by slipping or swinging object held by injured worker,"Saws-powered, except chainsaws","Cuts, lacerations",,"NORTH LIMA, OHIO","Saws-powered, except chainsaws",YES,YES,"Cuts, lacerations",Hospitalization,1.0,0.0,0.0,0,INSUFFICIENT_INFORMATION,Unknown,,,,INSUFFICIENT_INFORMATION,Evidence Assessment (Observed Severity != SIF Precursor),HIGH,OSHA Severe Injury Reports
OSHA-2015010163,OSHA,2015010163,1/7/2015,541310,Severe Injury,Other fall to lower level less than 6 feet,"Employee was using a 5-6 ft extension ladder to access an exterior light fixture. Upon removing the light fixture, the fixture broke free of the wall and fell towards the employee's face. Employee attempted to dodge the falling fixture, causing him to lose his footing on the ladder. He fell from the ladder and was hospitalized with fractures to both bones in his right ankle.",,,Other fall to lower level less than 6 feet,Extension ladders,Fractures,,"LAKE CHARLES, LOUISIANA",Extension ladders,YES,YES,Fractures,Hospitalization,1.0,0.0,0.0,0,INSUFFICIENT_INFORMATION,Gravity,,,,INSUFFICIENT_INFORMATION,Evidence Assessment (Observed Severity != SIF Precursor),HIGH,OSHA Severe Injury Reports
OSHA-2015010164,OSHA,2015010164,1/7/2015,321212,Severe Injury,Contact with hot objects or substances,Worker was burned by hot ash that blew on his face when he opened the ash hopper panel.,,,Contact with hot objects or substances,"Scrap, waste, debris, n.e.c.","Heat (thermal) burns, unspecified",,"WAYNESBORO, MISSISSIPPI","Scrap, waste, debris, n.e.c.",YES,YES,"Heat (thermal) burns, unspecified",Hospitalization,1.0,0.0,0.0,0,INSUFFICIENT_INFORMATION,Thermal,,,,INSUFFICIENT_INFORMATION,Evidence Assessment (Observed Severity != SIF Precursor),HIGH,OSHA Severe Injury Reports
OSHA-2015010165,OSHA,2015010165,1/7/2015,928120,Severe Injury,"Caught in running equipment or machinery during maintenance, cleaning ",While testing a main rotor head an employee reached in to remove a piece of tape and the hinge started to move into the fold position.  The employee's fingertip was in a pinch point at the time and the tip of the finger was amputated at the first knuckle.,,,"Caught in running equipment or machinery during maintenance, cleaning ",Helicopter,Amputations,,"CHERRY POINT, NORTH CAROLINA",Helicopter,YES,YES,Amputations,Amputation,0.0,1.0,0.0,0,INSUFFICIENT_INFORMATION,Kinetic,,,,INSUFFICIENT_INFORMATION,Evidence Assessment (Observed Severity != SIF Precursor),HIGH,OSHA Severe Injury Reports
OSHA-2015010166,OSHA,2015010166,1/7/2015,331221,Severe Injury,"Struck by discharged or flying object, unspecified","Employee was constructing a wooden pallet skid lift when the nail gun he was operating fired twice and injured his finger. The injury was underneath the employee's thumb. The employee was transported to the hospital, stayed overnight, and had surgery on his finger.",,,"Struck by discharged or flying object, unspecified","Nails, brads, tacks, nuts, bolts, washers","Puncture wounds, except gunshot wounds",,"ELK GROVE VILLAGE, ILLINOIS","Nails, brads, tacks, nuts, bolts, washers",YES,YES,"Puncture wounds, except gunshot wounds",Hospitalization,1.0,0.0,0.0,0,INSUFFICIENT_INFORMATION,Thermal,,,,INSUFFICIENT_INFORMATION,Evidence Assessment (Observed Severity != SIF Precursor),HIGH,OSHA Severe Injury Reports
OSHA-2015010167,OSHA,2015010167,1/7/2015,491110,Severe Injury,Fall on same level due to slipping ,Employee fell on ice and struck his head while delivering a parcel.,,,Fall on same level due to slipping ,"Floors, walkways, ground surfaces, unspecified","Intracranial injuries, unspecified",,"PORTAGE, MICHIGAN","Floors, walkways, ground surfaces, unspecified",YES,YES,"Intracranial injuries, unspecified",Hospitalization,1.0,0.0,0.0,0,INSUFFICIENT_INFORMATION,Gravity,,,,INSUFFICIENT_INFORMATION,Evidence Assessment (Observed Severity != SIF Precursor),HIGH,OSHA Severe Injury Reports
OSHA-2015010168,OSHA,2015010168,1/7/2015,237310,Severe Injury,"Fall on same level, n.e.c. ","On or about 1/7/2015 at 12:00 PM, employee working on a construction site was using a metal rebar to repair a broken hinge on another company's truck that was on site delivering soil material.  Employee was standing at ground level while attempting to bend the rebar. The metal rebar broke, resulting in the employee falling to the ground. Employee sustained fractures to his right hip; he was hospitalized and had emergency surgery.",,,"Fall on same level, n.e.c. ","Ground, unspecified",Fractures,,"KEY LARGO, FLORIDA","Ground, unspecified",YES,YES,Fractures,Hospitalization,1.0,0.0,0.0,0,INSUFFICIENT_INFORMATION,Gravity,,,,INSUFFICIENT_INFORMATION,Evidence Assessment (Observed Severity != SIF Precursor),HIGH,OSHA Severe Injury Reports
OSHA-2015010169,OSHA,2015010169,1/7/2015,551114,Severe Injury,Fall on same level due to tripping over an object ,"An employee tripped on a floor mat, fell, and fractured the hip resulting in hospitalization to surgically repair the hip fracture.",,,Fall on same level due to tripping over an object ,"Floors, walkways, ground surfaces, unspecified",Fractures,,"MILWAUKEE, WISCONSIN","Floors, walkways, ground surfaces, unspecified",YES,YES,Fractures,Hospitalization,1.0,0.0,0.0,0,INSUFFICIENT_INFORMATION,Gravity,,,,INSUFFICIENT_INFORMATION,Evidence Assessment (Observed Severity != SIF Precursor),HIGH,OSHA Severe Injury Reports
OSHA-2015010170,OSHA,2015010170,1/7/2015,424470,Severe Injury,Struck against moving part of machinery or equipment,An employee's finger was amputated in the Meat Processing department while using a band saw to cut meat.,,,Struck against moving part of machinery or equipment,Band saws,Amputations,,"FOREST PARK, GEORGIA",Band saws,YES,YES,Amputations,Amputation,0.0,1.0,0.0,0,INSUFFICIENT_INFORMATION,Unknown,,,,INSUFFICIENT_INFORMATION,Evidence Assessment (Observed Severity != SIF Precursor),HIGH,OSHA Severe Injury Reports
OSHA-2015010171,OSHA,2015010171,1/7/2015,551114,Severe Injury,"Fall on same level, unspecified",An employee fell in the ladies restroom fracturing the femur in seven places. She was hospitalized as a result.,,,"Fall on same level, unspecified","Floor, unspecified",Fractures,,"WAYNE, PENNSYLVANIA","Floor, unspecified",YES,YES,Fractures,Hospitalization,1.0,0.0,0.0,0,INSUFFICIENT_INFORMATION,Gravity,,,,INSUFFICIENT_INFORMATION,Evidence Assessment (Observed Severity != SIF Precursor),HIGH,OSHA Severe Injury Reports
OSHA-2015010172,OSHA,2015010172,1/7/2015,238910,Severe Injury,"Other fall to lower level, unspecified","Employee was operating a horizontal drilling machine when the drive shaft came loose and hit the guard. This broke the guard, which then hit the employee's seat.  The employee was knocked off the machine.",,,"Other fall to lower level, unspecified","Boring, drilling, planing, milling machinery, unspecified","Traumatic injuries and disorders, unspecified",,"DUNCANVILLE, TEXAS","Boring, drilling, planing, milling machinery, unspecified",YES,YES,"Traumatic injuries and disorders, unspecified",Hospitalization,1.0,0.0,0.0,0,INSUFFICIENT_INFORMATION,Kinetic,,,,INSUFFICIENT_INFORMATION,Evidence Assessment (Observed Severity != SIF Precursor),HIGH,OSHA Severe Injury Reports
OSHA-2015010173,OSHA,2015010173,1/7/2015,928110,Severe Injury,Fall on same level due to slipping ,"Employee slipped on black ice and fell in the parking lot on Jan 7, 2015 @ 8:00 am.  He broke his ankle and had to have surgery.",,,Fall on same level due to slipping ,"Parking lot, unspecified",Fractures,,"NEW CASTLE, DELAWARE","Parking lot, unspecified",YES,YES,Fractures,Hospitalization,1.0,0.0,0.0,0,INSUFFICIENT_INFORMATION,Gravity,,,,INSUFFICIENT_INFORMATION,Evidence Assessment (Observed Severity != SIF Precursor),HIGH,OSHA Severe Injury Reports
OSHA-2015010174,OSHA,2015010174,1/7/2015,423120,Severe Injury,"Caught in running equipment or machinery, unspecified","On Wednesday, 01/07/2015 at 3:45 a.m., an employee working on the 180 L Differential Assembly machine and the conveyor belt system dropped a wrench. In an attempt to retrieve the wrench from between the conveyor system and the 180 L Assembly machine, her right arm was caught by the 180 L machine, resulting in a laceration and an overnight hospital stay.",,,"Caught in running equipment or machinery, unspecified","Product assembly machinery, n.e.c.","Cuts, lacerations",,"MARION, ARKANSAS","Product assembly machinery, n.e.c.",YES,YES,"Cuts, lacerations",Hospitalization,1.0,0.0,0.0,0,INSUFFICIENT_INFORMATION,Kinetic,,,,INSUFFICIENT_INFORMATION,Evidence Assessment (Observed Severity != SIF Precursor),HIGH,OSHA Severe Injury Reports
OSHA-2015010175,OSHA,2015010175,1/7/2015,238310,Severe Injury,"Struck by falling object or equipment, n.e.c.","Employee was crushed by falling sheetrock while it was being moved at a renovation site located at 205 Boulevard, Roland, Oklahoma. The sheetrock was leaned in an upright position, totaling 17 sheets or 1,360 pounds. The material fell on the employee's legs and crushed them.",,,"Struck by falling object or equipment, n.e.c.","Wallboard, drywall, sheetrock",Crushing injuries,,"ROLAND, OKLAHOMA","Wallboard, drywall, sheetrock",YES,YES,Crushing injuries,Hospitalization,1.0,0.0,0.0,0,INSUFFICIENT_INFORMATION,Gravity,,,,INSUFFICIENT_INFORMATION,Evidence Assessment (Observed Severity != SIF Precursor),HIGH,OSHA Severe Injury Reports
OSHA-2015010176,OSHA,2015010176,1/7/2015,238990,Severe Injury,Other fall to lower level 6 to 10 feet,"Employee fell 8 feet from a ship's ladder, injuring his head and back. He required in-patient hospitalization.",,,Other fall to lower level 6 to 10 feet,"Ladders, n.e.c.",Multiple nonspecified injuries and disorders,,"SAN DIEGO, CALIFORNIA","Ladders, n.e.c.",YES,YES,Multiple nonspecified injuries and disorders,Hospitalization,1.0,0.0,0.0,0,INSUFFICIENT_INFORMATION,Gravity,,,,INSUFFICIENT_INFORMATION,Evidence Assessment (Observed Severity != SIF Precursor),HIGH,OSHA Severe Injury Reports
OSHA-2015010177,OSHA,2015010177,1/7/2015,238210,Severe Injury,Injured by slipping or swinging object held by injured worker,"The worker was cutting the tip of a tube of material with a utility knife. The knife slipped and the tip of the worker's left index finger was cut off. 
Urgent care stitched on the tip of finger and there was no lost time. The worker was wearing gloves.",,,Injured by slipping or swinging object held by injured worker,Box cutters and razor knives,Amputations,,"ITHACA, NEW YORK",Box cutters and razor knives,YES,YES,Amputations,Amputation,0.0,1.0,0.0,0,INSUFFICIENT_INFORMATION,Unknown,,,,INSUFFICIENT_INFORMATION,Evidence Assessment (Observed Severity != SIF Precursor),HIGH,OSHA Severe Injury Reports
OSHA-2015010178,OSHA,2015010178,1/7/2015,311920,Severe Injury,"Caught in running equipment or machinery, n.e.c.","Employee #1 was removing coffee beans from the hopper while the screw conveyor was off. When Employee #2 went to a separate room to turn on the roaster, the screw conveyor was also turned on. Employee #1 was still removing coffee, and the screw conveyor cut off his right hand at the wrist.",,,"Caught in running equipment or machinery, n.e.c.","Conveyors-screw, auger",Amputations,,"HOUSTON, TEXAS","Conveyors-screw, auger",YES,YES,Amputations,Hospitalization,1.0,1.0,0.0,0,INSUFFICIENT_INFORMATION,Unknown,,,,INSUFFICIENT_INFORMATION,Evidence Assessment (Observed Severity != SIF Precursor),HIGH,OSHA Severe Injury Reports
OSHA-2015010179,OSHA,2015010179,1/7/2015,488999,Severe Injury,Struck by or caught in swinging door or gate,"An employee was attempting to close a door to a loading booth he was working from. The door closed on his hand, resulting in an amputation of his right-hand little fingertip.",,,Struck by or caught in swinging door or gate,"Doors, except garage and vehicle",Amputations,,"TRENTON, NORTH DAKOTA","Doors, except garage and vehicle",YES,YES,Amputations,Amputation,0.0,1.0,0.0,0,INSUFFICIENT_INFORMATION,Unknown,,,,INSUFFICIENT_INFORMATION,Evidence Assessment (Observed Severity != SIF Precursor),HIGH,OSHA Severe Injury Reports
OSHA-2015010180,OSHA,2015010180,1/7/2015,492110,Severe Injury,Fall on same level due to slipping ,An employee sustained a broken left tibia from a slip and fall while walking back to the UPS truck after picking up a package.,,,Fall on same level due to slipping ,"Floors, walkways, ground surfaces, unspecified",Fractures,,"BISMARCK, NORTH DAKOTA","Floors, walkways, ground surfaces, unspecified",YES,YES,Fractures,Hospitalization,1.0,0.0,0.0,0,INSUFFICIENT_INFORMATION,Gravity,,,,INSUFFICIENT_INFORMATION,Evidence Assessment (Observed Severity != SIF Precursor),HIGH,OSHA Severe Injury Reports
OSHA-2015010226,OSHA,2015010226,1/7/2015,484121,Severe Injury,"Struck by falling object or equipment, unspecified",Employee sustained crushing foot and knee injuries when a 4' x 6' steel semi-truck loading dock plate fell on top of the employee. The event required hospitalization of employee who is currently undergoing knee surgery and estimates are he will be in the hospital for two to four days.,,,"Struck by falling object or equipment, unspecified","Ramps, loading docks, dock plates",Amputations,,"OKLAHOMA CITY, OKLAHOMA","Ramps, loading docks, dock plates",YES,YES,Amputations,Hospitalization,1.0,1.0,0.0,0,INSUFFICIENT_INFORMATION,Gravity,,,,INSUFFICIENT_INFORMATION,Evidence Assessment (Observed Severity != SIF Precursor),HIGH,OSHA Severe Injury Reports
OSHA-2015010227,OSHA,2015010227,1/7/2015,238190,Severe Injury,Other fall to lower level 6 to 10 feet,"Employee was descending a 10-foot ladder and was about halfway down when he missed a rung and fell off the ladder. Employee landed on his left side and hit his head on the paved surface below.  At the time of the incident, the employee was on the ladder outside removing sealant from the wall of the Metropolitan Medical Facility.  The employee was transported and admitted to Samcee Hospital. The employee received stitches in his head and sustained a lower back fracture.",,,Other fall to lower level 6 to 10 feet,"Ladders, unspecified",Fractures,,"SAN ANTONIO, TEXAS","Ladders, unspecified",YES,YES,Fractures,Hospitalization,1.0,0.0,0.0,0,INSUFFICIENT_INFORMATION,Gravity,,,,INSUFFICIENT_INFORMATION,Evidence Assessment (Observed Severity != SIF Precursor),HIGH,OSHA Severe Injury Reports
OSHA-2015010228,OSHA,2015010228,1/7/2015,326291,Severe Injury,"Struck against stationary object or equipment, n.e.c.","An employee had his ring finger amputated when a heavy part being lifted and strapped on a forklift fell off. This caused the part to fly up on the other end where his hand was placed, striking his hand against a guillotine blade.",,,"Struck against stationary object or equipment, n.e.c.","Parts and materials, unspecified",Amputations,,"BRENHAM, TEXAS","Parts and materials, unspecified",YES,YES,Amputations,Amputation,0.0,1.0,0.0,0,INSUFFICIENT_INFORMATION,Gravity,,,,INSUFFICIENT_INFORMATION,Evidence Assessment (Observed Severity != SIF Precursor),HIGH,OSHA Severe Injury Reports
OSHA-2015010229,OSHA,2015010229,1/7/2015,452910,Severe Injury,"Caught in running equipment or machinery during maintenance, cleaning ","On January 7, 2015, employee sustained a hand injury while working on or near a conveyor belt while performing maintenance activities.  The employee was admitted to the Medical Center of the Rockies in Fort Collins on the same day.",,,"Caught in running equipment or machinery during maintenance, cleaning ",Conveyors-belt,"Soreness, pain, hurt-nonspecified injury",,"LOVELAND, COLORADO",Conveyors-belt,YES,YES,"Soreness, pain, hurt-nonspecified injury",Hospitalization,1.0,0.0,0.0,0,INSUFFICIENT_INFORMATION,Unknown,,,,INSUFFICIENT_INFORMATION,Evidence Assessment (Observed Severity != SIF Precursor),HIGH,OSHA Severe Injury Reports
OSHA-2015010230,OSHA,2015010230,1/7/2015,311612,Severe Injury,Nonclassifiable,"An employee suffered an amputated thumb and potentially finger(s) from an injury that occurred on January 7, 2015.",,,Nonclassifiable,Nonclassifiable,Amputations,,"CHICAGO, ILLINOIS",Nonclassifiable,YES,YES,Amputations,Hospitalization,1.0,1.0,0.0,0,INSUFFICIENT_INFORMATION,Unknown,,,,INSUFFICIENT_INFORMATION,Evidence Assessment (Observed Severity != SIF Precursor),HIGH,OSHA Severe Injury Reports
OSHA-2015010231,OSHA,2015010231,1/7/2015,812332,Severe Injury,Fall on same level due to tripping over an object ,Laundry employee was sorting laundry and tripped over laundry on the floor.  Employee fell onto the floor and fractured the right hip.,,,Fall on same level due to tripping over an object ,"Floor, unspecified",Fractures,,"TOPEKA, KANSAS","Floor, unspecified",YES,YES,Fractures,Hospitalization,1.0,0.0,0.0,0,INSUFFICIENT_INFORMATION,Gravity,,,,INSUFFICIENT_INFORMATION,Evidence Assessment (Observed Severity != SIF Precursor),HIGH,OSHA Severe Injury Reports
OSHA-2015010232,OSHA,2015010232,1/7/2015,325998,Severe Injury,"Contact with objects and equipment, unspecified",Employee cut his right hand between the thumb and index finger while using an alligator shear machine. Employee was taken to the hospital with possible nerve damage. Surgery was required.,,,"Contact with objects and equipment, unspecified",Shearing machines,"Cuts, lacerations",,"NEWARK, NEW JERSEY",Shearing machines,YES,YES,"Cuts, lacerations",Hospitalization,1.0,0.0,0.0,0,INSUFFICIENT_INFORMATION,Kinetic,,,,INSUFFICIENT_INFORMATION,Evidence Assessment (Observed Severity != SIF Precursor),HIGH,OSHA Severe Injury Reports
OSHA-2015010233,OSHA,2015010233,1/7/2015,448130,Severe Injury,"Contact with objects and equipment, unspecified","On 01/07/15 at 6:45 pm, an employee's  middle index finger was amputated while unclogging a pipe of the dust collector system.",,,"Contact with objects and equipment, unspecified","Machinery, unspecified",Amputations,,"MACON, GEORGIA","Machinery, unspecified",YES,YES,Amputations,Amputation,0.0,1.0,0.0,0,INSUFFICIENT_INFORMATION,Unknown,,,,INSUFFICIENT_INFORMATION,Evidence Assessment (Observed Severity != SIF Precursor),HIGH,OSHA Severe Injury Reports
OSHA-2015010234,OSHA,2015010234,1/7/2015,928110,Severe Injury,Fall on same level due to slipping ,Employee was hospitalized due to a slip and fall in parking lot resulting in a fractured leg.,,,Fall on same level due to slipping ,"Parking lot, unspecified",Fractures,,"TOBYHANNA, PENNSYLVANIA","Parking lot, unspecified",YES,YES,Fractures,Hospitalization,1.0,0.0,0.0,0,INSUFFICIENT_INFORMATION,Gravity,,,,INSUFFICIENT_INFORMATION,Evidence Assessment (Observed Severity != SIF Precursor),HIGH,OSHA Severe Injury Reports
OSHA-2015010235,OSHA,2015010235,1/7/2015,445110,Severe Injury,Struck against moving part of machinery or equipment,Employee suffered a partial amputation of the thumb while working with a band saw.,,,Struck against moving part of machinery or equipment,Band saws,Amputations,,"SOUTH HOLLAND, ILLINOIS",Band saws,YES,YES,Amputations,Amputation,0.0,1.0,0.0,0,INSUFFICIENT_INFORMATION,Unknown,,,,INSUFFICIENT_INFORMATION,Evidence Assessment (Observed Severity != SIF Precursor),HIGH,OSHA Severe Injury Reports
OSHA-2015010236,OSHA,2015010236,1/7/2015,493190,Severe Injury,"Other fall to lower level, unspecified","On January 7, 2015, at approximately 12:00 p.m., an employee was using a ladder to install an electrical conduit to be used for the new emergency exit signs, which were to be installed in the warehouse as well. The employee fell off the ladder and was taken to Del Sol Medical Center where he was admitted.",,,"Other fall to lower level, unspecified","Ladders, unspecified","Traumatic injuries and disorders, unspecified",,"EL PASO, TEXAS","Ladders, unspecified",YES,YES,"Traumatic injuries and disorders, unspecified",Hospitalization,1.0,0.0,0.0,0,INSUFFICIENT_INFORMATION,Gravity,,,,INSUFFICIENT_INFORMATION,Evidence Assessment (Observed Severity != SIF Precursor),HIGH,OSHA Severe Injury Reports
OSHA-2015010237,OSHA,2015010237,1/7/2015,928110,Severe Injury,"Contact with objects and equipment, unspecified",Employee's finger was amputated when he placed his hand in a pinch point during a test.,,,"Contact with objects and equipment, unspecified",Nonclassifiable,Amputations,,"CHERRY POINT, NORTH CAROLINA",Nonclassifiable,YES,YES,Amputations,Hospitalization,1.0,1.0,0.0,0,INSUFFICIENT_INFORMATION,Kinetic,,,,INSUFFICIENT_INFORMATION,Evidence Assessment (Observed Severity != SIF Precursor),HIGH,OSHA Severe Injury Reports
OSHA-2015010239,OSHA,2015010239,1/7/2015,447110,Severe Injury,Contact with hot objects or substances,Employee inserting food product (chicken) into an oven suffered burns when the employee came in contact with the oven door.,,,Contact with hot objects or substances,"Ranges, cooking ovens, grills, toasters, food warmers","Heat (thermal) burns, unspecified",,"RIO GRANDE CITY, TEXAS","Ranges, cooking ovens, grills, toasters, food warmers",YES,YES,"Heat (thermal) burns, unspecified",Hospitalization,1.0,0.0,0.0,0,INSUFFICIENT_INFORMATION,Thermal,,,,INSUFFICIENT_INFORMATION,Evidence Assessment (Observed Severity != SIF Precursor),HIGH,OSHA Severe Injury Reports
OSHA-2015010240,OSHA,2015010240,1/7/2015,325314,Severe Injury,Other fall to lower level 6 to 10 feet,Employee fell approximately 10 feet from a ladder while working on a tanker truck hatch. Employee injured the wrist and face.,,,Other fall to lower level 6 to 10 feet,"Ladders, unspecified","Soreness, pain, hurt-nonspecified injury",,"FAIRBURY, NEBRASKA","Ladders, unspecified",YES,YES,"Soreness, pain, hurt-nonspecified injury",Hospitalization,1.0,0.0,0.0,0,INSUFFICIENT_INFORMATION,Gravity,,,,INSUFFICIENT_INFORMATION,Evidence Assessment (Observed Severity != SIF Precursor),HIGH,OSHA Severe Injury Reports
OSHA-2015010241,OSHA,2015010241,1/7/2015,331221,Severe Injury,Injured by slipping or swinging object held by injured worker,"An employee was grinding a long seam of a steel shell using a handheld grinder.  Completing work for the day, the employee pulled back on the grinder and dropped it, causing it to kick back and hit his right index finger.  The wound was immediately wrapped and the employee was brought to the hospital.  The employee had surgery to amputate a portion of his finger.",,,Injured by slipping or swinging object held by injured worker,Hand grinders-powered,Amputations,,"HOUSTON, TEXAS",Hand grinders-powered,YES,YES,Amputations,Amputation,0.0,1.0,0.0,0,INSUFFICIENT_INFORMATION,Unknown,,,,INSUFFICIENT_INFORMATION,Evidence Assessment (Observed Severity != SIF Precursor),HIGH,OSHA Severe Injury Reports
OSHA-2015010242,OSHA,2015010242,1/7/2015,441310,Severe Injury,"Other fall to lower level, unspecified",Employee fell from a ladder and was hospitalized.,,,"Other fall to lower level, unspecified","Ladders, unspecified","Traumatic injuries and disorders, unspecified",,"HOWELL, NEW JERSEY","Ladders, unspecified",YES,YES,"Traumatic injuries and disorders, unspecified",Hospitalization,1.0,0.0,0.0,0,INSUFFICIENT_INFORMATION,Gravity,,,,INSUFFICIENT_INFORMATION,Evidence Assessment (Observed Severity != SIF Precursor),HIGH,OSHA Severe Injury Reports
OSHA-2015010243,OSHA,2015010243,1/7/2015,311711,Severe Injury,Caught in running equipment or machinery during regular operation,"Employee was injured in the fish preparation area when he placed his hands on the chain puller to unload racks from the precookers. The second and third fingers on his left hand were caught in the chain, and his fingers were crushed.",,,Caught in running equipment or machinery during regular operation,"Food and beverage processing machinery-specialized, n.e.c.",Crushing injuries,,"PAGO PAGO, AMERICAN SAMOA","Food and beverage processing machinery-specialized, n.e.c.",YES,YES,Crushing injuries,Hospitalization,1.0,0.0,0.0,0,INSUFFICIENT_INFORMATION,Kinetic,,,,INSUFFICIENT_INFORMATION,Evidence Assessment (Observed Severity != SIF Precursor),HIGH,OSHA Severe Injury Reports
OSHA-2015010244,OSHA,2015010244,1/7/2015,325180,Severe Injury,"Caught in running equipment or machinery, unspecified",An employee was hospitalized for 3 days after his arm was caught in a conveyor belt machine on 1/7/15.,,,"Caught in running equipment or machinery, unspecified",Conveyors-belt,"Soreness, pain, hurt-nonspecified injury",,"BARBERTON, OHIO",Conveyors-belt,YES,YES,"Soreness, pain, hurt-nonspecified injury",Hospitalization,1.0,0.0,0.0,0,INSUFFICIENT_INFORMATION,Kinetic,,,,INSUFFICIENT_INFORMATION,Evidence Assessment (Observed Severity != SIF Precursor),HIGH,OSHA Severe Injury Reports
OSHA-2015010246,OSHA,2015010246,1/7/2015,811310,Severe Injury,"Struck by discharged or flying object, unspecified",Employee was power washing a building and the hose had disconnected causing severe facial lacerations. Employee was admitted to the hospital.,,,"Struck by discharged or flying object, unspecified",Hoses,"Cuts, lacerations",,"WESTVILLE, NEW JERSEY",Hoses,YES,YES,"Cuts, lacerations",Hospitalization,1.0,0.0,0.0,0,INSUFFICIENT_INFORMATION,Unknown,,,,INSUFFICIENT_INFORMATION,Evidence Assessment (Observed Severity != SIF Precursor),HIGH,OSHA Severe Injury Reports
OSHA-2015010247,OSHA,2015010247,1/7/2015,322130,Severe Injury,"Struck by swinging or slipping object, other than handheld, n.e.c.","At the No. 2 White Liquor Clarifier Tank, two employees were working on a mixer on top of a large tank to replace the gear box that rotates the mixer.  The employees removed five of the eight bolts from the flange when the flange fractured through the bolt holes of the three remaining bolts causing the unit to rotate about 10 degrees (6""). The gear housing struck one of the employees on the right leg and fractured his femur.",,,"Struck by swinging or slipping object, other than handheld, n.e.c.","Paper production machinery, unspecified",Fractures,,"MONTICELLO, MISSISSIPPI","Paper production machinery, unspecified",YES,YES,Fractures,Hospitalization,1.0,0.0,0.0,0,INSUFFICIENT_INFORMATION,Kinetic,,,,INSUFFICIENT_INFORMATION,Evidence Assessment (Observed Severity != SIF Precursor),HIGH,OSHA Severe Injury Reports
OSHA-2015010248,OSHA,2015010248,1/7/2015,441110,Severe Injury,"Fall on same level, n.e.c. ",An employee working in the parts department was dragging boxes from the outside to the inside of a warehouse when the boxes got caught on a stack of tires.  The employee lost his balance and fell to the ground.  The employee was transported by ambulance to Baylor Hospital Dallas where he was hospitalized with a hip fracture.,,,"Fall on same level, n.e.c. ","Floors, walkways, ground surfaces, unspecified",Fractures,,"DALLAS, TEXAS","Floors, walkways, ground surfaces, unspecified",YES,YES,Fractures,Hospitalization,1.0,0.0,0.0,0,INSUFFICIENT_INFORMATION,Gravity,,,,INSUFFICIENT_INFORMATION,Evidence Assessment (Observed Severity != SIF Precursor),HIGH,OSHA Severe Injury Reports
OSHA-2015010249,OSHA,2015010249,1/7/2015,322214,Severe Injury,Caught in running equipment or machinery during regular operation,Employee was working on the PACO Re-Cutter Single Spin when the right index finger was amputated.  EMS took the employee to York Hospital.,,,Caught in running equipment or machinery during regular operation,"Metal, woodworking, and special material machinery, unspecified",Amputations,,"NEW OXFORD, PENNSYLVANIA","Metal, woodworking, and special material machinery, unspecified",YES,YES,Amputations,Hospitalization,1.0,1.0,0.0,0,INSUFFICIENT_INFORMATION,Unknown,,,,INSUFFICIENT_INFORMATION,Evidence Assessment (Observed Severity != SIF Precursor),HIGH,OSHA Severe Injury Reports
OSHA-2015010250,OSHA,2015010250,1/7/2015,423830,Severe Injury,"Other fall to lower level, unspecified",An employee was hospitalized on 01/07/2015 after he fell from a ladder and broke a rib.,,,"Other fall to lower level, unspecified","Ladders, unspecified",Fractures,,"BEVERLY, OHIO","Ladders, unspecified",YES,YES,Fractures,Hospitalization,1.0,0.0,0.0,0,INSUFFICIENT_INFORMATION,Gravity,,,,INSUFFICIENT_INFORMATION,Evidence Assessment (Observed Severity != SIF Precursor),HIGH,OSHA Severe Injury Reports
OSHA-2015010251,OSHA,2015010251,1/7/2015,445292,Severe Injury,Part of occupant s body caught between vehicle and other object in nonroadway transport incident,"Company employee was behind the store preparing to receive goods from a delivery truck.  While attempting to guide the truck back into the company's offloading dock, he was pinned between the truck and a railing.",,,Part of occupant s body caught between vehicle and other object in nonroadway transport incident,"Truck-motorized freight hauling and utility, unspecified","Traumatic injuries and disorders, unspecified",,"OMAHA, NEBRASKA","Truck-motorized freight hauling and utility, unspecified",YES,YES,"Traumatic injuries and disorders, unspecified",Hospitalization,1.0,0.0,0.0,0,INSUFFICIENT_INFORMATION,Unknown,,,,INSUFFICIENT_INFORMATION,Evidence Assessment (Observed Severity != SIF Precursor),HIGH,OSHA Severe Injury Reports
OSHA-2015010010,OSHA,2015010010,1/8/2015,336212,Severe Injury,Injured by slipping or swinging object held by injured worker,"Employee was utilizing a portable band saw ""laydown saw""  to cut aluminum to be used on belt trailers when he cut the tip of his middle finger on the right hand.",,,Injured by slipping or swinging object held by injured worker,Band saws,Amputations,,"HOUSTON, TEXAS",Band saws,YES,YES,Amputations,Amputation,0.0,1.0,0.0,0,INSUFFICIENT_INFORMATION,Unknown,,,,INSUFFICIENT_INFORMATION,Evidence Assessment (Observed Severity != SIF Precursor),HIGH,OSHA Severe Injury Reports
OSHA-2015010252,OSHA,2015010252,1/8/2015,522110,Severe Injury,Fall on same level due to slipping ,"Employee spilled water on the floor while making coffee. Employee then slipped and fell, breaking her left upper arm requiring surgery.",,,Fall on same level due to slipping ,"Floor, n.e.c.",Fractures,,"CUMMING, GEORGIA","Floor, n.e.c.",YES,YES,Fractures,Hospitalization,1.0,0.0,0.0,0,INSUFFICIENT_INFORMATION,Gravity,,,,INSUFFICIENT_INFORMATION,Evidence Assessment (Observed Severity != SIF Precursor),HIGH,OSHA Severe Injury Reports
OSHA-2015010253,OSHA,2015010253,1/8/2015,213111,Severe Injury,Fall or jump curtailed by personal fall arrest system ,"Employee was on the side of the derrick untying tubular when his fast line became caught up in his SRL. The employee was pulled away from the ladder.  The SRL stopped and so did the anchor.  Therefore, no fall resulted. The employee received contusions to the head, ribs, and chest area. He also suffered bruising to the brain and lungs and received six stitches to the forehead.  He did not lose consciousness.",,,Fall or jump curtailed by personal fall arrest system ,Derricks and related equipment,Cuts and abrasions or bruises,,"WILLISTON, NORTH DAKOTA",Derricks and related equipment,YES,YES,Cuts and abrasions or bruises,Hospitalization,1.0,0.0,0.0,0,INSUFFICIENT_INFORMATION,Gravity,,,,INSUFFICIENT_INFORMATION,Evidence Assessment (Observed Severity != SIF Precursor),HIGH,OSHA Severe Injury Reports
OSHA-2015010254,OSHA,2015010254,1/8/2015,336999,Severe Injury,"Contact with objects and equipment, unspecified",Employee received a crushing injury to the end of the thumb that required reconstructive surgery.,,,"Contact with objects and equipment, unspecified",Nonclassifiable,Amputations,,"EAU CLAIRE, WISCONSIN",Nonclassifiable,YES,YES,Amputations,Amputation,0.0,1.0,0.0,0,INSUFFICIENT_INFORMATION,Kinetic,,,,INSUFFICIENT_INFORMATION,Evidence Assessment (Observed Severity != SIF Precursor),HIGH,OSHA Severe Injury Reports
OSHA-2015010255,OSHA,2015010255,1/8/2015,311312,Severe Injury,Pedestrian struck by rail vehicle-transportation incident,"On or about 1/8/15 at 12:10 a.m., an employee was working between two boxcars located on a private railroad when the cars began to move.  The employee tried to get out from between the cars when one of the cars pinched his left foot, resulting in fractures.",,,Pedestrian struck by rail vehicle-transportation incident,"Train, locomotive, rail car, unspecified",Fractures,,"CLEWISTON, FLORIDA","Train, locomotive, rail car, unspecified",YES,YES,Fractures,Hospitalization,1.0,0.0,0.0,0,INSUFFICIENT_INFORMATION,Kinetic,,,,INSUFFICIENT_INFORMATION,Evidence Assessment (Observed Severity != SIF Precursor),HIGH,OSHA Severe Injury Reports
OSHA-2015010256,OSHA,2015010256,1/8/2015,236115,Severe Injury,Struck against moving part of machinery or equipment,An employee was cutting a piece of wood when he slipped and made contact with the rotating blade on a DeWalt miter saw.  The employee cut off the tip of his right index finger.  The employee was taken to UPMC East for treatment.,,,Struck against moving part of machinery or equipment,"Arm saws, radial arm saws",Amputations,,"APOLLO, PENNSYLVANIA","Arm saws, radial arm saws",YES,YES,Amputations,Amputation,0.0,1.0,0.0,0,INSUFFICIENT_INFORMATION,Unknown,,,,INSUFFICIENT_INFORMATION,Evidence Assessment (Observed Severity != SIF Precursor),HIGH,OSHA Severe Injury Reports
OSHA-2015010257,OSHA,2015010257,1/8/2015,511110,Severe Injury,"Caught in running equipment or machinery, unspecified","On January 8, 2015, an Abilene Reporter-News employee was working with the large printing press in the company's press room. He stuck his hand into the roller system and had the skin on his right hand removed (""gloved"") by the machine. The employee was taken to Hendricks Medical Center in Abilene, Texas, where he was awaiting surgical intervention.",,,"Caught in running equipment or machinery, unspecified",Presses-printing,Amputations,,"ABILENE, TEXAS",Presses-printing,YES,YES,Amputations,Amputation,0.0,1.0,0.0,0,INSUFFICIENT_INFORMATION,Kinetic,,,,INSUFFICIENT_INFORMATION,Evidence Assessment (Observed Severity != SIF Precursor),HIGH,OSHA Severe Injury Reports
OSHA-2015010259,OSHA,2015010259,1/8/2015,331512,Severe Injury,Contact with hot objects or substances,Employee was adding a steel bar to the induction furnace when it flared up and splashed hot metal on the employee.  Employee was taken to Lehigh Valley Hospital.,,,Contact with hot objects or substances,Metal ores-nonradiating,"Traumatic injuries and disorders, unspecified",,"MYERSTOWN, PENNSYLVANIA",Metal ores-nonradiating,YES,YES,"Traumatic injuries and disorders, unspecified",Hospitalization,1.0,0.0,0.0,0,INSUFFICIENT_INFORMATION,Thermal,,,,INSUFFICIENT_INFORMATION,Evidence Assessment (Observed Severity != SIF Precursor),HIGH,OSHA Severe Injury Reports
OSHA-2015010260,OSHA,2015010260,1/8/2015,331511,Severe Injury,"Caught in or compressed by equipment or objects, unspecified","Employee was troubleshooting a monorail lift station.  A pneumatic hoist rail on a cylinder was lowered to troubleshoot the equipment. It caught the tip of the employee's boot, fracturing two toes on the right foot.",,,"Caught in or compressed by equipment or objects, unspecified",Overhead hoists-pneumatic powered,Fractures,,"SKOKIE, ILLINOIS",Overhead hoists-pneumatic powered,YES,YES,Fractures,Hospitalization,1.0,0.0,0.0,0,INSUFFICIENT_INFORMATION,Kinetic,,,,INSUFFICIENT_INFORMATION,Evidence Assessment (Observed Severity != SIF Precursor),HIGH,OSHA Severe Injury Reports
OSHA-2015010261,OSHA,2015010261,1/8/2015,211112,Severe Injury,"Contact with objects and equipment, unspecified","On 01/08/15, employee suffered an amputation of the left index finger while operating a mulch machine at a well site.",,,"Contact with objects and equipment, unspecified","Agricultural and garden machinery, n.e.c.",Amputations,,"WAYNESBURG, PENNSYLVANIA","Agricultural and garden machinery, n.e.c.",YES,YES,Amputations,Amputation,0.0,1.0,0.0,0,INSUFFICIENT_INFORMATION,Kinetic,,,,INSUFFICIENT_INFORMATION,Evidence Assessment (Observed Severity != SIF Precursor),HIGH,OSHA Severe Injury Reports
OSHA-2015010263,OSHA,2015010263,1/8/2015,333911,Severe Injury,Fall on same level due to slipping ,An employee slipped and fell on  ice while walking in the yard to retrieve parts for a machine.,,,Fall on same level due to slipping ,"Ground, unspecified","Traumatic injuries and disorders, unspecified",,"BRIDGEPORT, NEW JERSEY","Ground, unspecified",YES,YES,"Traumatic injuries and disorders, unspecified",Hospitalization,1.0,0.0,0.0,0,INSUFFICIENT_INFORMATION,Gravity,,,,INSUFFICIENT_INFORMATION,Evidence Assessment (Observed Severity != SIF Precursor),HIGH,OSHA Severe Injury Reports
OSHA-2015010264,OSHA,2015010264,1/8/2015,311812,Severe Injury,"Caught in running equipment or machinery during maintenance, cleaning ","Employee reached under the guard on wrapping equipment to remove a bag that was snagged. He caught his finger in the chain and sprocket, cutting the tip of the finger.",,,"Caught in running equipment or machinery during maintenance, cleaning ","Packaging, wrapping, bundling machinery","Cuts, lacerations",,"FORT WORTH, TEXAS","Packaging, wrapping, bundling machinery",YES,YES,"Cuts, lacerations",Hospitalization,1.0,0.0,0.0,0,INSUFFICIENT_INFORMATION,Kinetic,,,,INSUFFICIENT_INFORMATION,Evidence Assessment (Observed Severity != SIF Precursor),HIGH,OSHA Severe Injury Reports
OSHA-2015010265,OSHA,2015010265,1/8/2015,238910,Severe Injury,Fall through surface or existing opening 16 to 20 feet,"Employee was removing concrete debris when he removed a piece of plywood that had been secured to cover a floor hole. Upon removal, the employee stepped and walked through the hole, falling 17 feet to the lower level.",,,Fall through surface or existing opening 16 to 20 feet,Existing floor opening ,"Traumatic injuries and disorders, unspecified",,"KANSAS CITY, MISSOURI",Existing floor opening ,YES,YES,"Traumatic injuries and disorders, unspecified",Hospitalization,1.0,0.0,0.0,0,INSUFFICIENT_INFORMATION,Gravity,,,,INSUFFICIENT_INFORMATION,Evidence Assessment (Observed Severity != SIF Precursor),HIGH,OSHA Severe Injury Reports
OSHA-2015010266,OSHA,2015010266,1/8/2015,237130,Severe Injury,"Struck by rolling object or equipment-other than powered vehicle, unspecified",Employee used a derrick with a tong to unload a utility pole out of a storage area on the ground. The pole rolled onto the employee's leg as he tried to reorient the tong. The left fibula was broken.,,,"Struck by rolling object or equipment-other than powered vehicle, unspecified",Utility and telephone poles,Fractures,,"FLUSHING, NEW YORK",Utility and telephone poles,YES,YES,Fractures,Hospitalization,1.0,0.0,0.0,0,INSUFFICIENT_INFORMATION,Unknown,,,,INSUFFICIENT_INFORMATION,Evidence Assessment (Observed Severity != SIF Precursor),HIGH,OSHA Severe Injury Reports
OSHA-2015010267,OSHA,2015010267,1/8/2015,238210,Severe Injury,"Other fall to lower level, unspecified","Around 10 am yesterday morning, an employee fell from an aerial lift while working on a pellet unit.",,,"Other fall to lower level, unspecified","Aerial lifts, scissor lifts-except truck-mounted","Traumatic injuries and disorders, unspecified",,"CORINTH, MAINE","Aerial lifts, scissor lifts-except truck-mounted",YES,YES,"Traumatic injuries and disorders, unspecified",Hospitalization,1.0,0.0,0.0,0,INSUFFICIENT_INFORMATION,Gravity,,,,INSUFFICIENT_INFORMATION,Evidence Assessment (Observed Severity != SIF Precursor),HIGH,OSHA Severe Injury Reports
OSHA-2015010268,OSHA,2015010268,1/8/2015,337121,Severe Injury,Struck by discharged object or substance,Employee received an embedded tack in her thigh when walking by a pintacker. Employee had the micro pin tack surgically removed from her thigh and was admitted to the hospital overnight.,,,Struck by discharged object or substance,"Nails, brads, tacks, nuts, bolts, washers","Puncture wounds, except gunshot wounds",,"ARCADIA, WISCONSIN","Nails, brads, tacks, nuts, bolts, washers",YES,YES,"Puncture wounds, except gunshot wounds",Hospitalization,1.0,0.0,0.0,0,INSUFFICIENT_INFORMATION,Unknown,,,,INSUFFICIENT_INFORMATION,Evidence Assessment (Observed Severity != SIF Precursor),HIGH,OSHA Severe Injury Reports
OSHA-2015010269,OSHA,2015010269,1/8/2015,238910,Severe Injury,"Fall to lower level, unspecified","Employee working on a ladder was knocked off and landed in a pile of construction debris. Employee sustaineda broken collarbone, eye socket, and skull.",,,"Fall to lower level, unspecified","Ladders, unspecified",Fractures,,"WASHINGTON, DISTRICT OF COLUMBIA","Ladders, unspecified",YES,YES,Fractures,Hospitalization,1.0,0.0,0.0,0,INSUFFICIENT_INFORMATION,Gravity,,,,INSUFFICIENT_INFORMATION,Evidence Assessment (Observed Severity != SIF Precursor),HIGH,OSHA Severe Injury Reports
OSHA-2015010270,OSHA,2015010270,1/8/2015,325110,Severe Injury,"Other fall to lower level, unspecified",An employee fell from an elevated structure.,,,"Other fall to lower level, unspecified","Structures and surfaces, unspecified","Traumatic injuries and disorders, unspecified",,"HAHNVILLE, LOUISIANA","Structures and surfaces, unspecified",YES,YES,"Traumatic injuries and disorders, unspecified",Hospitalization,1.0,0.0,0.0,0,INSUFFICIENT_INFORMATION,Gravity,,,,INSUFFICIENT_INFORMATION,Evidence Assessment (Observed Severity != SIF Precursor),HIGH,OSHA Severe Injury Reports
OSHA-2015010271,OSHA,2015010271,1/8/2015,213112,Severe Injury,Fall on same level due to tripping over self,"At the facility shop area, an employee tripped over his feet and fell on an industrial sized valve stem used in hydrofracking (a piece of sharp equipment) and lacerated his abdomen.  This injury required hospitalization for two days.",,,Fall on same level due to tripping over self,"Floor, unspecified","Cuts, lacerations",,"WAVERLY, NEW YORK","Floor, unspecified",YES,YES,"Cuts, lacerations",Hospitalization,1.0,0.0,0.0,0,INSUFFICIENT_INFORMATION,Gravity,,,,INSUFFICIENT_INFORMATION,Evidence Assessment (Observed Severity != SIF Precursor),HIGH,OSHA Severe Injury Reports
OSHA-2015010272,OSHA,2015010272,1/8/2015,237110,Severe Injury,Fall through surface or existing opening 21 to 25 feet ,An employee was working on the second floor of the inside section loading material. He fell out of a window opening onto the pavement and fractured his wrist.,,,Fall through surface or existing opening 21 to 25 feet ,"Windows, openings",Fractures,,"TITUSVILLE, FLORIDA","Windows, openings",YES,YES,Fractures,Hospitalization,1.0,0.0,0.0,0,INSUFFICIENT_INFORMATION,Gravity,,,,INSUFFICIENT_INFORMATION,Evidence Assessment (Observed Severity != SIF Precursor),HIGH,OSHA Severe Injury Reports
OSHA-2015010273,OSHA,2015010273,1/8/2015,213112,Severe Injury,"Struck against stationary object or equipment, n.e.c.","Employee was working from the derrick monkey board latching and unlatching tubing. As he was unlatching the elevator that has horns and a locking mechanism, the employee's harness got caught on the horns. The horns pulled the harness and pulled him down causing small fractures in his knees that required surgery.",,,"Struck against stationary object or equipment, n.e.c.",Derricks and related equipment,Fractures,,"SARITA, TEXAS",Derricks and related equipment,YES,YES,Fractures,Hospitalization,1.0,0.0,0.0,0,INSUFFICIENT_INFORMATION,Kinetic,,,,INSUFFICIENT_INFORMATION,Evidence Assessment (Observed Severity != SIF Precursor),HIGH,OSHA Severe Injury Reports
OSHA-2015010274,OSHA,2015010274,1/8/2015,531311,Severe Injury,Struck by or caught in swinging door or gate,The employee amputated her right pinky finger when a trash room door shut on her finger.,,,Struck by or caught in swinging door or gate,"Doors, except garage and vehicle",Amputations,,"MIAMI BEACH, FLORIDA","Doors, except garage and vehicle",YES,YES,Amputations,Hospitalization,1.0,1.0,0.0,0,INSUFFICIENT_INFORMATION,Unknown,,,,INSUFFICIENT_INFORMATION,Evidence Assessment (Observed Severity != SIF Precursor),HIGH,OSHA Severe Injury Reports
OSHA-2015010276,OSHA,2015010276,1/8/2015,484110,Severe Injury,Other fall to lower level 6 to 10 feet,"Employee was exposed to fall hazards when he fell 6 feet from a ladder to the ground level. Employee was not wearing proper 
PPE when working at the frac tank located to the rear of the winch truck at the yard.",,,Other fall to lower level 6 to 10 feet,"Ladders, unspecified","Traumatic injuries and disorders, unspecified",,"POTEET, TEXAS","Ladders, unspecified",YES,YES,"Traumatic injuries and disorders, unspecified",Hospitalization,1.0,0.0,0.0,0,INSUFFICIENT_INFORMATION,Gravity,,,,INSUFFICIENT_INFORMATION,Evidence Assessment (Observed Severity != SIF Precursor),HIGH,OSHA Severe Injury Reports
OSHA-2015010277,OSHA,2015010277,1/8/2015,238210,Severe Injury,"Other fall to lower level, unspecified",Employee working from a ladder on live electrical circuitry received an electrical shock during testing and service installation. The employee fell from the ladder.,,,"Other fall to lower level, unspecified","Ladders, unspecified","Electrocutions, electric shocks",,"ROCHESTER, NEW YORK","Ladders, unspecified",YES,YES,"Electrocutions, electric shocks",Hospitalization,1.0,0.0,0.0,0,INSUFFICIENT_INFORMATION,Gravity,,,,INSUFFICIENT_INFORMATION,Evidence Assessment (Observed Severity != SIF Precursor),HIGH,OSHA Severe Injury Reports
OSHA-2015010278,OSHA,2015010278,1/8/2015,623312,Severe Injury,Fall on same level due to slipping ,"Employee slipped and fell, fracturing her left hip. The facility had contractors replace the ceramic floor tile, and the employee slipped and fell on a walking and working surface.",,,Fall on same level due to slipping ,"Floor, n.e.c.",Fractures,,"CHICAGO, ILLINOIS","Floor, n.e.c.",YES,YES,Fractures,Hospitalization,1.0,0.0,0.0,0,INSUFFICIENT_INFORMATION,Gravity,,,,INSUFFICIENT_INFORMATION,Evidence Assessment (Observed Severity != SIF Precursor),HIGH,OSHA Severe Injury Reports
OSHA-2015010279,OSHA,2015010279,1/8/2015,541910,Severe Injury,Fall on same level due to slipping ,"On or about January 8, 2015, an employee fell and broke her leg in two places when she slipped on ice in the parking lot.  This resulted in an overnight stay in the hospital.",,,Fall on same level due to slipping ,"Parking lot, unspecified",Fractures,,"DESTIN, FLORIDA","Parking lot, unspecified",YES,YES,Fractures,Hospitalization,1.0,0.0,0.0,0,INSUFFICIENT_INFORMATION,Gravity,,,,INSUFFICIENT_INFORMATION,Evidence Assessment (Observed Severity != SIF Precursor),HIGH,OSHA Severe Injury Reports
OSHA-2015010282,OSHA,2015010282,1/8/2015,713910,Severe Injury,"Nonroadway collision with object other than vehicle, n.e.c.","An employee was driving a Toro cart, lost control, and hit a tree.  The employee was unconscious and was air-transported to Atlanta Medical Center where he was admitted in critical condition.",,,"Nonroadway collision with object other than vehicle, n.e.c.","Golf cart, personnel transport cart","Intracranial injuries, unspecified",,"ATLANTA, GEORGIA","Golf cart, personnel transport cart",YES,YES,"Intracranial injuries, unspecified",Hospitalization,1.0,0.0,0.0,0,INSUFFICIENT_INFORMATION,Unknown,,,,INSUFFICIENT_INFORMATION,Evidence Assessment (Observed Severity != SIF Precursor),HIGH,OSHA Severe Injury Reports
OSHA-2015010283,OSHA,2015010283,1/8/2015,112340,Severe Injury,Compressed or pinched by shifting objects or equipment,"On January 8, 2015, an employee's hand was injured when a gate came down on his hand while pushing birds out of their nests to gather eggs. The employee was admitted to the hospital on January 9, 2015.",,,Compressed or pinched by shifting objects or equipment,Gates,"Soreness, pain, hurt-nonspecified injury",,"PAULDING, OHIO",Gates,YES,YES,"Soreness, pain, hurt-nonspecified injury",Hospitalization,1.0,0.0,0.0,0,INSUFFICIENT_INFORMATION,Unknown,,,,INSUFFICIENT_INFORMATION,Evidence Assessment (Observed Severity != SIF Precursor),HIGH,OSHA Severe Injury Reports
OSHA-2015010284,OSHA,2015010284,1/8/2015,238110,Severe Injury,"Pedestrian struck by vehicle in nonroadway area, unspecified",Employee installing form work on a concrete wall was struck by a forklift.,,,"Pedestrian struck by vehicle in nonroadway area, unspecified","Forklift, order picker, platform truck-powered","Traumatic injuries and disorders, unspecified",,"PELHAM, NEW YORK","Forklift, order picker, platform truck-powered",YES,YES,"Traumatic injuries and disorders, unspecified",Hospitalization,1.0,0.0,0.0,0,INSUFFICIENT_INFORMATION,Kinetic,,,,INSUFFICIENT_INFORMATION,Evidence Assessment (Observed Severity != SIF Precursor),HIGH,OSHA Severe Injury Reports
OSHA-2015010285,OSHA,2015010285,1/8/2015,238310,Severe Injury,"Struck by powered vehicle-nontransport, unspecified",The injured employee was hit by a forklift below the knees. He sustained a broken left leg.,,,"Struck by powered vehicle-nontransport, unspecified","Forklift, order picker, platform truck-powered",Fractures,,"HOUSTON, TEXAS","Forklift, order picker, platform truck-powered",YES,YES,Fractures,Hospitalization,1.0,0.0,0.0,0,INSUFFICIENT_INFORMATION,Unknown,,,,INSUFFICIENT_INFORMATION,Evidence Assessment (Observed Severity != SIF Precursor),HIGH,OSHA Severe Injury Reports
OSHA-2015010286,OSHA,2015010286,1/8/2015,311421,Severe Injury,Contact with hot objects or substances,"On or about January 8, 2014, at 10:40 p.m., an employee was hospitalized for burns after cleaning the juice processing tank. He was burned on his forehead, abdomen, hands, thighs, and ankles when hot steam blew out of the tank, struck him, and forced him off the 8-foot ladder that he was using to perform his daily task.",,,Contact with hot objects or substances,"Steam, vapors, liquids, ice, unspecified","Heat (thermal) burns, unspecified",,"ORRTANNA, PENNSYLVANIA","Steam, vapors, liquids, ice, unspecified",YES,YES,"Heat (thermal) burns, unspecified",Hospitalization,1.0,0.0,0.0,0,INSUFFICIENT_INFORMATION,Gravity,,,,INSUFFICIENT_INFORMATION,Evidence Assessment (Observed Severity != SIF Precursor),HIGH,OSHA Severe Injury Reports
OSHA-2015010287,OSHA,2015010287,1/8/2015,444110,Severe Injury,Nonclassifiable,An employee was injured on a reach truck.,,,Nonclassifiable,"Forklift, order picker, platform truck-powered","Traumatic injuries and disorders, unspecified",,"PITTSBURGH, PENNSYLVANIA","Forklift, order picker, platform truck-powered",YES,YES,"Traumatic injuries and disorders, unspecified",Hospitalization,1.0,0.0,0.0,0,INSUFFICIENT_INFORMATION,Unknown,,,,INSUFFICIENT_INFORMATION,Evidence Assessment (Observed Severity != SIF Precursor),HIGH,OSHA Severe Injury Reports
OSHA-2015010288,OSHA,2015010288,1/8/2015,237130,Severe Injury,Struck against moving part of machinery or equipment,"On January 8, 2015, at around 11:45 am, an employee working at 22nd Terrace and 3rd Avenue SW, Miami, Florida, was performing tree-cutting operations on a bucket. While cutting tree limbs, he cut his hand with a  chainsaw. The employee was admitted to the hospital to determine if ligament damage had occurred.",,,Struck against moving part of machinery or equipment,Chainsaws-powered,"Cuts, lacerations",,"MIAMI, FLORIDA",Chainsaws-powered,YES,YES,"Cuts, lacerations",Hospitalization,1.0,0.0,0.0,0,INSUFFICIENT_INFORMATION,Unknown,,,,INSUFFICIENT_INFORMATION,Evidence Assessment (Observed Severity != SIF Precursor),HIGH,OSHA Severe Injury Reports
OSHA-2015010289,OSHA,2015010289,1/8/2015,423920,Severe Injury,Other fall to lower level 6 to 10 feet,Employee fell approximately 10 feet while climbing down an extension ladder located inside a 6000-gallon tank.,,,Other fall to lower level 6 to 10 feet,Extension ladders,"Traumatic injuries and disorders, unspecified",,"SOUTHAVEN, MISSISSIPPI",Extension ladders,YES,YES,"Traumatic injuries and disorders, unspecified",Hospitalization,1.0,0.0,0.0,0,INSUFFICIENT_INFORMATION,Gravity,,,,INSUFFICIENT_INFORMATION,Evidence Assessment (Observed Severity != SIF Precursor),HIGH,OSHA Severe Injury Reports
OSHA-2015010290,OSHA,2015010290,1/8/2015,326211,Severe Injury,Struck by rolling object or equipment being pushed by another  person,"On January 8, 2015, at approximately 8:40 PM, an employee's leg was caught between a tugger and rolling stock another employee was moving.  The employee was taken to the hospital where he was admitted due to a possible fracture and swelling.",,,Struck by rolling object or equipment being pushed by another  person,"Forklift, order picker, platform truck-powered",Fractures,,"MOUNT VERNON, ILLINOIS","Forklift, order picker, platform truck-powered",YES,YES,Fractures,Hospitalization,1.0,0.0,0.0,0,INSUFFICIENT_INFORMATION,Kinetic,,,,INSUFFICIENT_INFORMATION,Evidence Assessment (Observed Severity != SIF Precursor),HIGH,OSHA Severe Injury Reports
OSHA-2015010292,OSHA,2015010292,1/8/2015,493110,Severe Injury,"Caught in or compressed by equipment or objects, n.e.c.",Maintenance employee was adjusting the level of shipping roll-up door #34 when his right middle finger became caught in the chain and sprocket.,,,"Caught in or compressed by equipment or objects, n.e.c.",Garage doors,"Soreness, pain, hurt-nonspecified injury",,"SOUTHAVEN, MISSISSIPPI",Garage doors,YES,YES,"Soreness, pain, hurt-nonspecified injury",Hospitalization,1.0,0.0,0.0,0,INSUFFICIENT_INFORMATION,Kinetic,,,,INSUFFICIENT_INFORMATION,Evidence Assessment (Observed Severity != SIF Precursor),HIGH,OSHA Severe Injury Reports
OSHA-2015010293,OSHA,2015010293,1/8/2015,311615,Severe Injury,Caught in running equipment or machinery during regular operation,Employee's finger got caught in the jaws of the bagging machine located in Line 3 of the plant. This resulted in the partial amputation of the tip of the left index finger.,,,Caught in running equipment or machinery during regular operation,"Packaging, bottling, wrapping machinery, n.e.c.",Amputations,,"NORTH LITTLE ROCK, ARKANSAS","Packaging, bottling, wrapping machinery, n.e.c.",YES,YES,Amputations,Amputation,0.0,1.0,0.0,0,INSUFFICIENT_INFORMATION,Kinetic,,,,INSUFFICIENT_INFORMATION,Evidence Assessment (Observed Severity != SIF Precursor),HIGH,OSHA Severe Injury Reports
OSHA-2015010294,OSHA,2015010294,1/8/2015,238220,Severe Injury,"Struck against stationary object or equipment, n.e.c.","Employee was moving a big blower blade by pulling on the fan belt. The machine was off and had proper lockout/tag out. He was there to diagnose a vibration problem on the HVAC. When pulling, his hand got trapped between the pulley and the belt. He dropped his hand and severed the ring, middle, and pinky fingers on his right hand. Each finger was amputated above the joint and was approximately less than 1 inch.",,,"Struck against stationary object or equipment, n.e.c.","Heating, cooling, and cleaning machinery and appliances, unspecified",Amputations,,"AUSTIN, TEXAS","Heating, cooling, and cleaning machinery and appliances, unspecified",YES,YES,Amputations,Amputation,0.0,1.0,0.0,0,INSUFFICIENT_INFORMATION,Kinetic,,,,INSUFFICIENT_INFORMATION,Evidence Assessment (Observed Severity != SIF Precursor),HIGH,OSHA Severe Injury Reports
OSHA-2015010296,OSHA,2015010296,1/8/2015,213112,Severe Injury,"Caught in running equipment or machinery during maintenance, cleaning ","On January 8, 2015 at 10:15pm, an employee was cleaning/unclogging an automatic in-line cement powder sampler.  He used his finger to verify there was no longer a clog and the sampler actuated amputating the tip of the third finger on the employee's left hand.",,,"Caught in running equipment or machinery during maintenance, cleaning ","Tools, instruments, and equipment, n.e.c.",Amputations,,"VICTORIA, TEXAS","Tools, instruments, and equipment, n.e.c.",YES,YES,Amputations,Amputation,0.0,1.0,0.0,0,INSUFFICIENT_INFORMATION,Unknown,,,,INSUFFICIENT_INFORMATION,Evidence Assessment (Observed Severity != SIF Precursor),HIGH,OSHA Severe Injury Reports
OSHA-2015010298,OSHA,2015010298,1/8/2015,221122,Severe Injury,Struck by or caught in swinging door or gate,Employee severed finger when an industrial metal door closed on his pinky finger.,,,Struck by or caught in swinging door or gate,"Doors, except garage and vehicle",Amputations,,"BROOKLYN, NEW YORK","Doors, except garage and vehicle",YES,YES,Amputations,Amputation,0.0,1.0,0.0,0,INSUFFICIENT_INFORMATION,Unknown,,,,INSUFFICIENT_INFORMATION,Evidence Assessment (Observed Severity != SIF Precursor),HIGH,OSHA Severe Injury Reports
OSHA-2015013747,OSHA,2015013747,1/8/2015,423930,Severe Injury,Struck or run over by rolling powered vehicle,"An employee was setting a string of four railcars in the yard with his groundsman. The groundsman secured the ground hand brake on the first railcar and unhooked the string from the railcar.  The employee noticed a railcar starting to move as the manual ground brake on the first railcar failed.  He attempted to set the brake on the second car when the railcar wheel smashed his steel toe boot to the ground, fracturing his right foot and removing a toenail.",,,Struck or run over by rolling powered vehicle,Rail car(s)-unattached to locomotive,Fractures,,"SAINT LOUIS, MISSOURI",Rail car(s)-unattached to locomotive,YES,YES,Fractures,Hospitalization,1.0,0.0,0.0,0,INSUFFICIENT_INFORMATION,Unknown,,,,INSUFFICIENT_INFORMATION,Evidence Assessment (Observed Severity != SIF Precursor),HIGH,OSHA Severe Injury Reports
OSHA-2015010299,OSHA,2015010299,1/9/2015,238150,Severe Injury,Other fall to lower level 6 to 10 feet,"An employee fell from an 8 foot high staging (pedestrian screen). 

Employee injured his tail bone and was hospitalized.",,,Other fall to lower level 6 to 10 feet,"Scaffolds-staging, n.e.c.","Traumatic injuries to bones, nerves, spinal cord, unspecified",,"BOSTON, MASSACHUSETTS","Scaffolds-staging, n.e.c.",YES,YES,"Traumatic injuries to bones, nerves, spinal cord, unspecified",Hospitalization,1.0,0.0,0.0,0,INSUFFICIENT_INFORMATION,Gravity,,,,INSUFFICIENT_INFORMATION,Evidence Assessment (Observed Severity != SIF Precursor),HIGH,OSHA Severe Injury Reports
OSHA-2015010300,OSHA,2015010300,1/9/2015,721110,Severe Injury,"Contact with objects and equipment, unspecified",Employee cut hand on vacuum and was hospitalized.,,,"Contact with objects and equipment, unspecified",Vacuum cleaners,"Cuts, lacerations",,"ORLANDO, FLORIDA",Vacuum cleaners,YES,YES,"Cuts, lacerations",Hospitalization,1.0,0.0,0.0,0,INSUFFICIENT_INFORMATION,Unknown,,,,INSUFFICIENT_INFORMATION,Evidence Assessment (Observed Severity != SIF Precursor),HIGH,OSHA Severe Injury Reports
OSHA-2015010301,OSHA,2015010301,1/9/2015,332710,Severe Injury,Struck against moving part of machinery or equipment,An employee amputated a finger tip while using a band saw.,,,Struck against moving part of machinery or equipment,Band saws,Amputations,,"GILFORD, NEW HAMPSHIRE",Band saws,YES,YES,Amputations,Amputation,0.0,1.0,0.0,0,INSUFFICIENT_INFORMATION,Unknown,,,,INSUFFICIENT_INFORMATION,Evidence Assessment (Observed Severity != SIF Precursor),HIGH,OSHA Severe Injury Reports
OSHA-2015010302,OSHA,2015010302,1/9/2015,238910,Severe Injury,"Contact with objects and equipment, unspecified",A JP Hogan employee had three fingers amputated on 1/9/2015 while working with a Husqvarna walk-behind concrete saw.,,,"Contact with objects and equipment, unspecified","Saws-powered, except chainsaws",Amputations,,"BROOKLYN, NEW YORK","Saws-powered, except chainsaws",YES,YES,Amputations,Hospitalization,1.0,1.0,0.0,0,INSUFFICIENT_INFORMATION,Unknown,,,,INSUFFICIENT_INFORMATION,Evidence Assessment (Observed Severity != SIF Precursor),HIGH,OSHA Severe Injury Reports
OSHA-2015010303,OSHA,2015010303,1/9/2015,311812,Severe Injury,"Caught in running equipment or machinery, unspecified","Employee experienced a crushing injury to her left hand, leading to an in-patient hospitalization at Froedtert Hospital at the Medical College of Wisconsin. She reached around an interlock guard on the pin roller machine.",,,"Caught in running equipment or machinery, unspecified","Food and beverage processing machinery-specialized, n.e.c.",Crushing injuries,,"FRANKLIN, WISCONSIN","Food and beverage processing machinery-specialized, n.e.c.",YES,YES,Crushing injuries,Hospitalization,1.0,0.0,0.0,0,INSUFFICIENT_INFORMATION,Kinetic,,,,INSUFFICIENT_INFORMATION,Evidence Assessment (Observed Severity != SIF Precursor),HIGH,OSHA Severe Injury Reports
OSHA-2015010305,OSHA,2015010305,1/9/2015,622110,Severe Injury,Fall on same level due to tripping on uneven surface,An employee fell on uneven concrete walking from the ER and broke her left wrist.,,,Fall on same level due to tripping on uneven surface,"Floors, walkways, ground surfaces, unspecified",Fractures,,"FORT WORTH, TEXAS","Floors, walkways, ground surfaces, unspecified",YES,YES,Fractures,Hospitalization,1.0,0.0,0.0,0,INSUFFICIENT_INFORMATION,Gravity,,,,INSUFFICIENT_INFORMATION,Evidence Assessment (Observed Severity != SIF Precursor),HIGH,OSHA Severe Injury Reports
OSHA-2015010308,OSHA,2015010308,1/9/2015,238220,Severe Injury,Fall through surface or existing opening 11 to 15 feet ,"Worker was installing ductwork from a 6-foot ladder, lost his balance, and fell 15-feet through the elevator shaft. He broke both arms and his nose.",,,Fall through surface or existing opening 11 to 15 feet ,Elevator shafts,Fractures,,"MIRAMAR BEACH, FLORIDA",Elevator shafts,YES,YES,Fractures,Hospitalization,1.0,0.0,0.0,0,INSUFFICIENT_INFORMATION,Gravity,,,,INSUFFICIENT_INFORMATION,Evidence Assessment (Observed Severity != SIF Precursor),HIGH,OSHA Severe Injury Reports
OSHA-2015010309,OSHA,2015010309,1/9/2015,238120,Severe Injury,"Ignition of vapors, gases, or liquids","A propane-powered space heater was used inside the cab of an elevated crane during workplace operations. The space heater leaked, resulting in an explosion and fire. The employee who was trapped inside the cab sustained burns to the face and hands.",,,"Ignition of vapors, gases, or liquids",Propane,"Heat (thermal) burns, unspecified",,"OKLAHOMA CITY, OKLAHOMA",Propane,YES,YES,"Heat (thermal) burns, unspecified",Hospitalization,1.0,0.0,0.0,0,INSUFFICIENT_INFORMATION,Thermal,,,,INSUFFICIENT_INFORMATION,Evidence Assessment (Observed Severity != SIF Precursor),HIGH,OSHA Severe Injury Reports
OSHA-2015010311,OSHA,2015010311,1/9/2015,336510,Severe Injury,Injured by slipping or swinging object held by injured worker,"On or about January 9, 2015, an employee incurred a puncture wound to his left hand when he was enlarging a hole in a can with a ""tapper"" hand tool.  The tapper, which he held in his right hand, went through the can into his left hand. The injury resulted in an infection, requiring hospitalization.",,,Injured by slipping or swinging object held by injured worker,"Handtools-nonpowered, unspecified","Puncture wounds, except gunshot wounds",,"ROCHELLE, ILLINOIS","Handtools-nonpowered, unspecified",YES,YES,"Puncture wounds, except gunshot wounds",Hospitalization,1.0,0.0,0.0,0,INSUFFICIENT_INFORMATION,Unknown,,,,INSUFFICIENT_INFORMATION,Evidence Assessment (Observed Severity != SIF Precursor),HIGH,OSHA Severe Injury Reports
OSHA-2015010313,OSHA,2015010313,1/9/2015,311230,Severe Injury,Compressed or pinched by shifting objects or equipment,"On January 9, 2015, an employee in the bulk pasta area had the tip of his finger amputated while helping another employee replace the 200- to 250-pound mixer screw. His finger got caught between the mixer and mixer screw.",,,Compressed or pinched by shifting objects or equipment,Screws,Amputations,,"STEELEVILLE, ILLINOIS",Screws,YES,YES,Amputations,Hospitalization,1.0,1.0,0.0,0,INSUFFICIENT_INFORMATION,Kinetic,,,,INSUFFICIENT_INFORMATION,Evidence Assessment (Observed Severity != SIF Precursor),HIGH,OSHA Severe Injury Reports
OSHA-2015010314,OSHA,2015010314,1/9/2015,623210,Severe Injury,Fall on same level due to slipping ,"On or about January 9, 2015 an employee went to warm up their vehicle and while returning into the facility, slipped on ice.",,,Fall on same level due to slipping ,"Ground, unspecified",Nonclassifiable,,"SHELTON, CONNECTICUT","Ground, unspecified",YES,YES,Nonclassifiable,Hospitalization,1.0,0.0,0.0,0,INSUFFICIENT_INFORMATION,Unknown,,,,INSUFFICIENT_INFORMATION,Evidence Assessment (Observed Severity != SIF Precursor),HIGH,OSHA Severe Injury Reports
OSHA-2015010315,OSHA,2015010315,1/9/2015,321113,Severe Injury,Caught in running equipment or machinery during regular operation,"On 1/9/15 at 5:45 a.m., a temporary employee of Labor Finders was operating the out feed of the gang saw and reached over to grab a board with the left arm. The employee's clothing became entangled in the rotating shaft. The employee lost the left arm and was hospitalized at Macon Medical.",,,Caught in running equipment or machinery during regular operation,"Sawing machinery-stationary, n.e.c.",Amputations,,"CORDELE, GEORGIA","Sawing machinery-stationary, n.e.c.",YES,YES,Amputations,Hospitalization,1.0,1.0,0.0,0,INSUFFICIENT_INFORMATION,Unknown,,,,INSUFFICIENT_INFORMATION,Evidence Assessment (Observed Severity != SIF Precursor),HIGH,OSHA Severe Injury Reports
OSHA-2015010316,OSHA,2015010316,1/9/2015,721110,Severe Injury,Struck by or caught in swinging door or gate,Employee pinched the skin on her finger with a door knob.,,,Struck by or caught in swinging door or gate,"Doors, except garage and vehicle","Soreness, pain, hurt-nonspecified injury",,"DALLAS, TEXAS","Doors, except garage and vehicle",YES,YES,"Soreness, pain, hurt-nonspecified injury",Hospitalization,1.0,0.0,0.0,0,INSUFFICIENT_INFORMATION,Kinetic,,,,INSUFFICIENT_INFORMATION,Evidence Assessment (Observed Severity != SIF Precursor),HIGH,OSHA Severe Injury Reports
OSHA-2015010318,OSHA,2015010318,1/9/2015,211111,Severe Injury,Slip on substance without fall,"On or about January 9, 2015, an employee slipped on ice on the rig floor. He put his right hand out to break his fall. His right index finger was caught between the stump and the Kelly ripping skin off the fingertip. 
The employee was treated an his hand was wrapped in gauze and he returned to work. On or about January 19, 2015, he had surgery and the finger was amputated at the first joint.",,,Slip on substance without fall,"Bodily motion or position of injured, ill worker",Amputations,,"MIDLAND, TEXAS","Bodily motion or position of injured, ill worker",YES,YES,Amputations,Amputation,0.0,1.0,0.0,0,INSUFFICIENT_INFORMATION,Gravity,,,,INSUFFICIENT_INFORMATION,Evidence Assessment (Observed Severity != SIF Precursor),HIGH,OSHA Severe Injury Reports
OSHA-2015010319,OSHA,2015010319,1/9/2015,332116,Severe Injury,"Caught in or compressed by equipment or objects, unspecified","An employee's left hand was crushed on January 8, 2015, while using a punch press to assemble parts. The left pinky was amputated the following day on January 9, 2015.",,,"Caught in or compressed by equipment or objects, unspecified",Punch presses,Amputations,,"ATLANTA, GEORGIA",Punch presses,YES,YES,Amputations,Amputation,0.0,1.0,0.0,0,INSUFFICIENT_INFORMATION,Kinetic,,,,INSUFFICIENT_INFORMATION,Evidence Assessment (Observed Severity != SIF Precursor),HIGH,OSHA Severe Injury Reports
OSHA-2015010320,OSHA,2015010320,1/9/2015,624310,Severe Injury,Other fall to lower level less than 6 feet,A worker fell while exiting a van used to transport him to his designated work site.  He suffered a fractured right femur and will undergo surgery in the hospital overnight.,,,Other fall to lower level less than 6 feet,Passenger van,Fractures,,"MYERSTOWN, PENNSYLVANIA",Passenger van,YES,YES,Fractures,Hospitalization,1.0,0.0,0.0,0,INSUFFICIENT_INFORMATION,Gravity,,,,INSUFFICIENT_INFORMATION,Evidence Assessment (Observed Severity != SIF Precursor),HIGH,OSHA Severe Injury Reports
OSHA-2015010321,OSHA,2015010321,1/9/2015,333243,Severe Injury,Struck against moving part of machinery or equipment,Employee incurred a partial amputation of index finger on left hand while operating a splitting saw.,,,Struck against moving part of machinery or equipment,"Sawing machinery-stationary, n.e.c.",Amputations,,"KITTANNING, PENNSYLVANIA","Sawing machinery-stationary, n.e.c.",YES,YES,Amputations,Amputation,0.0,1.0,0.0,0,INSUFFICIENT_INFORMATION,Unknown,,,,INSUFFICIENT_INFORMATION,Evidence Assessment (Observed Severity != SIF Precursor),HIGH,OSHA Severe Injury Reports
OSHA-2015010322,OSHA,2015010322,1/9/2015,484230,Severe Injury,"Struck by falling object or equipment, n.e.c.",Employee in the back of a trailer amputated his thumb while catching a falling pallet truck by the wheel well opening.,,,"Struck by falling object or equipment, n.e.c.",Pallet jack-nonpowered,Amputations,,"PHILADELPHIA, PENNSYLVANIA",Pallet jack-nonpowered,YES,YES,Amputations,Hospitalization,1.0,1.0,0.0,0,INSUFFICIENT_INFORMATION,Gravity,,,,INSUFFICIENT_INFORMATION,Evidence Assessment (Observed Severity != SIF Precursor),HIGH,OSHA Severe Injury Reports
OSHA-2015010323,OSHA,2015010323,1/9/2015,238210,Severe Injury,"Other fall to lower level, unspecified","An employee was exposed to falls in excess of four feet while working from a ladder to install a communications cable. The ladder slipped, resulting in the employee suffering a fractured tibia.",,,"Other fall to lower level, unspecified","Ladders, unspecified",Fractures,,"COLORADO SPRINGS, COLORADO","Ladders, unspecified",YES,YES,Fractures,Hospitalization,1.0,0.0,0.0,0,INSUFFICIENT_INFORMATION,Gravity,,,,INSUFFICIENT_INFORMATION,Evidence Assessment (Observed Severity != SIF Precursor),HIGH,OSHA Severe Injury Reports
OSHA-2015010325,OSHA,2015010325,1/9/2015,213112,Severe Injury,"Caught in running equipment or machinery during maintenance, cleaning ","On or about January 9, 2014 at about 0535 hrs an employee of Propetrol Services Inc. was repairing a pump at the Mabee 139-202 HA well site 10 miles north of Midland Texas. When he reached into the pump to repair a faulty plunger, the unit ""kicked"" and amputated the tip of his right middle finger. He was driven to Medical Center Hospital in Odessa Texas where the prognosis was that the flesh portion not the bone will be amputated.",,,"Caught in running equipment or machinery during maintenance, cleaning ",Pumps,Amputations,,"MIDLAND, TEXAS",Pumps,YES,YES,Amputations,Amputation,0.0,1.0,0.0,0,INSUFFICIENT_INFORMATION,Unknown,,,,INSUFFICIENT_INFORMATION,Evidence Assessment (Observed Severity != SIF Precursor),HIGH,OSHA Severe Injury Reports
OSHA-2015010326,OSHA,2015010326,1/9/2015,331111,Severe Injury,Other fall to lower level 11 to 15 feet ,An employee sustained severe injuries and was hospitalized after he fell approximately 15 feet from the top of the AOD vessel.,,,Other fall to lower level 11 to 15 feet ,"Containers-nonpressurized, n.e.c.","Traumatic injuries and disorders, unspecified",,"ASHLAND, PENNSYLVANIA","Containers-nonpressurized, n.e.c.",YES,YES,"Traumatic injuries and disorders, unspecified",Hospitalization,1.0,0.0,0.0,0,INSUFFICIENT_INFORMATION,Gravity,,,,INSUFFICIENT_INFORMATION,Evidence Assessment (Observed Severity != SIF Precursor),HIGH,OSHA Severe Injury Reports
OSHA-2015010327,OSHA,2015010327,1/9/2015,311513,Severe Injury,"Caught in or compressed by equipment or objects, n.e.c.","On or about October 8, 2015, at 1135 hours, a worker for Hilmar Cheese Company was unhooking a hose from a truck that he thought had finished unloading heavy cream. The truck was still loading and the hose was under pressure. When the worker unhooked the hose, the valve slammed shut on his finger. The worker was taken to Dalhart Memorial Hospital and later to BSA Hospital in Amarillo, where the distal phalanges of his right index finger were removed due to the extent of his injury.",,,"Caught in or compressed by equipment or objects, n.e.c.","Valves, nozzles",Amputations,,"DALHART, TEXAS","Valves, nozzles",YES,YES,Amputations,Amputation,0.0,1.0,0.0,0,INSUFFICIENT_INFORMATION,High Pressure/Pneumatic,,,,INSUFFICIENT_INFORMATION,Evidence Assessment (Observed Severity != SIF Precursor),HIGH,OSHA Severe Injury Reports
OSHA-2015010328,OSHA,2015010328,1/9/2015,622110,Severe Injury,Injured by slipping or swinging object held by injured worker,"Employee was moving pieces of wood into the hospital and incurred a splinter to his hand.  He removed the splinter and a cellulitis infection occurred, requiring hospitalization for treatment.",,,Injured by slipping or swinging object held by injured worker,"Wood, lumber, unspecified","Puncture wounds, except gunshot wounds",,"DIXON, ILLINOIS","Wood, lumber, unspecified",YES,YES,"Puncture wounds, except gunshot wounds",Hospitalization,1.0,0.0,0.0,0,INSUFFICIENT_INFORMATION,Unknown,,,,INSUFFICIENT_INFORMATION,Evidence Assessment (Observed Severity != SIF Precursor),HIGH,OSHA Severe Injury Reports
OSHA-2015010330,OSHA,2015010330,1/9/2015,491110,Severe Injury,"Other fall to lower level, unspecified","On January 9, 2015, an employee was walking down the steps at the customer's private residence when he slipped and fell, landing on the sidewalk.  The employee suffered a broken back and five broken ribs. He was hospitalized as result of the accident of January 9, 2015.",,,"Other fall to lower level, unspecified","Stairs, steps-outdoors",Fractures,,"DENVER, COLORADO","Stairs, steps-outdoors",YES,YES,Fractures,Hospitalization,1.0,0.0,0.0,0,INSUFFICIENT_INFORMATION,Gravity,,,,INSUFFICIENT_INFORMATION,Evidence Assessment (Observed Severity != SIF Precursor),HIGH,OSHA Severe Injury Reports
OSHA-2015010331,OSHA,2015010331,1/9/2015,562212,Severe Injury,"Jack-knifed or overturned, nonroadway",Employee was hospitalized due to injuries sustained from rolling over a landfill dozer.,,,"Jack-knifed or overturned, nonroadway","Off-road or industrial vehicle-powered, n.e.c","Traumatic injuries and disorders, unspecified",,"MORRISVILLE, PENNSYLVANIA","Off-road or industrial vehicle-powered, n.e.c",YES,YES,"Traumatic injuries and disorders, unspecified",Hospitalization,1.0,0.0,0.0,0,INSUFFICIENT_INFORMATION,Unknown,,,,INSUFFICIENT_INFORMATION,Evidence Assessment (Observed Severity != SIF Precursor),HIGH,OSHA Severe Injury Reports
OSHA-2015010332,OSHA,2015010332,1/9/2015,112120,Severe Injury,"Struck by powered vehicle-nontransport, n.e.c.","A worker was providing instructions to two skid steer operators regarding the removal of frozen cattle feces from two cattle lanes. The skid steer operators where side by side, preparing to start the removal process when skid steer operator A honked his horn to get the attention of operator B.  At this time, the worker was walking away from the operators and returning to his truck.  The worker thought the horn was to gain his attention so he turned and walked up to skid steer operator A.  Skid steer operator A did not realize the worker had approached his skid steer and the skid steer began moving in the forward direction.  The worker's left leg was struck and run over by the rear wheel of skid steer A resulting in a fracture to the tibia and fibula.  The injury required surgery and in-patient hospitalization.",,,"Struck by powered vehicle-nontransport, n.e.c.","Skid steer loaders, mini loaders",Fractures,,"LA BELLE, MISSOURI","Skid steer loaders, mini loaders",YES,YES,Fractures,Hospitalization,1.0,0.0,0.0,0,INSUFFICIENT_INFORMATION,Kinetic,,,,INSUFFICIENT_INFORMATION,Evidence Assessment (Observed Severity != SIF Precursor),HIGH,OSHA Severe Injury Reports
OSHA-2015010333,OSHA,2015010333,1/9/2015,238130,Severe Injury,Fall through surface or existing opening 6 to 10 feet,"Employees were installing wood trusses on the interior 4th floor level of a newly constructed multi-family dwelling when one employee fell approximately 9 feet to lower level. The injured employee's head struck a nail gun that he was operating when he hit the floor. The injury occurred on January 9, 2015, at approximately 1 p.m.",,,Fall through surface or existing opening 6 to 10 feet,"Trusses, girders, beams-structurally attached, unspecified","Intracranial injuries, unspecified",,"HOUSTON, TEXAS","Trusses, girders, beams-structurally attached, unspecified",YES,YES,"Intracranial injuries, unspecified",Hospitalization,1.0,0.0,0.0,0,INSUFFICIENT_INFORMATION,Gravity,,,,INSUFFICIENT_INFORMATION,Evidence Assessment (Observed Severity != SIF Precursor),HIGH,OSHA Severe Injury Reports
OSHA-2015010334,OSHA,2015010334,1/9/2015,326199,Severe Injury,Nonclassifiable,An employee suffered an amputation while working in the facility.,,,Nonclassifiable,Nonclassifiable,Amputations,,"TROY, ALABAMA",Nonclassifiable,YES,YES,Amputations,Hospitalization,1.0,1.0,0.0,0,INSUFFICIENT_INFORMATION,Unknown,,,,INSUFFICIENT_INFORMATION,Evidence Assessment (Observed Severity != SIF Precursor),HIGH,OSHA Severe Injury Reports
OSHA-2015010335,OSHA,2015010335,1/9/2015,517212,Severe Injury,Fall through surface or existing opening 16 to 20 feet,"On 1/9/15 at 3:45 p.m., an employee was laying cable on a flat roof and stepped through a skylight. The employee fell 20 feet, fracturing the right ankle. Employee was hospitalized overnight after surgery.",,,Fall through surface or existing opening 16 to 20 feet,Skylights,Fractures,,"VALDOSTA, GEORGIA",Skylights,YES,YES,Fractures,Hospitalization,1.0,0.0,0.0,0,INSUFFICIENT_INFORMATION,Gravity,,,,INSUFFICIENT_INFORMATION,Evidence Assessment (Observed Severity != SIF Precursor),HIGH,OSHA Severe Injury Reports
OSHA-2015010011,OSHA,2015010011,1/10/2015,622310,Severe Injury,"Other fall to lower level, unspecified","Employee 1 slipped on icy stairs and broke L-2, L-3 in her back on 1/10/15 and was hospitalized for the injury. Employee 2 fell while snow-blowing property and broke his hip on 2/5/15; he was hospitalized. Both incidents occurred at 101 Plantation St., Worcester (Company Campus).

Note to user: This record contains two separate events that were reported simultaneously to OSHA by the employer. These events are captured as one report.",,,"Other fall to lower level, unspecified","Stairs, steps-outdoors",Fractures,,"WORCESTER, MASSACHUSETTS","Stairs, steps-outdoors",YES,YES,Fractures,Severe Injury,2.0,0.0,0.0,0,INSUFFICIENT_INFORMATION,Gravity,,,,INSUFFICIENT_INFORMATION,Evidence Assessment (Observed Severity != SIF Precursor),HIGH,OSHA Severe Injury Reports
OSHA-2015010336,OSHA,2015010336,1/10/2015,331528,Severe Injury,Contact with hot objects or substances,"Employee was exposed to hot sparks from furnace number 1 in the melt shop, which resulted in his clothing catching on fire. The resulting fire caused second degree burns to the exposed employee and he was hospitalized due to burns.",,,Contact with hot objects or substances,"Scrap, waste, debris, n.e.c.",Second degree heat (thermal) burns,,"CAMBRIDGE, OHIO","Scrap, waste, debris, n.e.c.",YES,YES,Second degree heat (thermal) burns,Hospitalization,1.0,0.0,0.0,0,INSUFFICIENT_INFORMATION,Thermal,,,,INSUFFICIENT_INFORMATION,Evidence Assessment (Observed Severity != SIF Precursor),HIGH,OSHA Severe Injury Reports
OSHA-2015010337,OSHA,2015010337,1/10/2015,238990,Severe Injury,Compressed or pinched by shifting objects or equipment,An employee crushed his finger between a 55 gallon drum and a flat bed trailer. The tip of his left index finger was later amputated at the hospital.,,,Compressed or pinched by shifting objects or equipment,"Barrels, drums-except pressurized",Amputations,,"WALBRIDGE, OHIO","Barrels, drums-except pressurized",YES,YES,Amputations,Amputation,0.0,1.0,0.0,0,INSUFFICIENT_INFORMATION,Kinetic,,,,INSUFFICIENT_INFORMATION,Evidence Assessment (Observed Severity != SIF Precursor),HIGH,OSHA Severe Injury Reports
OSHA-2015010338,OSHA,2015010338,1/10/2015,321113,Severe Injury,"Struck by object or equipment, unspecified","On 1/10/15, at approximately 5:15 a.m., an employee was cleaning in the Planer Mill.  He was struck by the hood while cleaning with compressed air. The employee suffered two fractured ribs and a fractured vertebrae.",,,"Struck by object or equipment, unspecified",Nonclassifiable,Fractures,,"THOMASTON, GEORGIA",Nonclassifiable,YES,YES,Fractures,Hospitalization,1.0,0.0,0.0,0,INSUFFICIENT_INFORMATION,Kinetic,,,,INSUFFICIENT_INFORMATION,Evidence Assessment (Observed Severity != SIF Precursor),HIGH,OSHA Severe Injury Reports
OSHA-2015010339,OSHA,2015010339,1/10/2015,491110,Severe Injury,Fall on same level due to slipping ,"An employee slipped on ice formed on steps of a residential home when delivering mail, which resulted in a broken arm that required hospitalization.",,,Fall on same level due to slipping ,"Stairs, steps-outdoors",Fractures,,"COMFORT, TEXAS","Stairs, steps-outdoors",YES,YES,Fractures,Hospitalization,1.0,0.0,0.0,0,INSUFFICIENT_INFORMATION,Unknown,,,,INSUFFICIENT_INFORMATION,Evidence Assessment (Observed Severity != SIF Precursor),HIGH,OSHA Severe Injury Reports
OSHA-2015010340,OSHA,2015010340,1/10/2015,561320,Severe Injury,"Struck by falling object or equipment, unspecified",An employee was cutting pipe with a torch. The employee was struck on the foot by falling pipe when the pipe was cut through and the brace supporting it fell.,,,"Struck by falling object or equipment, unspecified","Pipes, ducts, tubing, unspecified","Traumatic injuries and disorders, unspecified",,"TEXARKANA, ARKANSAS","Pipes, ducts, tubing, unspecified",YES,YES,"Traumatic injuries and disorders, unspecified",Hospitalization,1.0,0.0,0.0,0,INSUFFICIENT_INFORMATION,Gravity,,,,INSUFFICIENT_INFORMATION,Evidence Assessment (Observed Severity != SIF Precursor),HIGH,OSHA Severe Injury Reports
OSHA-2015010342,OSHA,2015010342,1/10/2015,541330,Severe Injury,"Caught in or compressed by equipment or objects, unspecified","On Saturday, 01/10/2015, at approximately 2:15 p.m., an employee was changing out a large piston when a failure occurred, crushing/smashing three of the employee's fingers on his left hand. The employee was hospitalized and underwent surgery on 01/11/2015.",,,"Caught in or compressed by equipment or objects, unspecified",Airplane-propeller-driven or piston engine,Crushing injuries,,"TULLAHOMA, TENNESSEE",Airplane-propeller-driven or piston engine,YES,YES,Crushing injuries,Hospitalization,1.0,0.0,0.0,0,INSUFFICIENT_INFORMATION,Kinetic,,,,INSUFFICIENT_INFORMATION,Evidence Assessment (Observed Severity != SIF Precursor),HIGH,OSHA Severe Injury Reports
OSHA-2015010343,OSHA,2015010343,1/10/2015,32212,Severe Injury,"Struck against object or equipment, unspecified",Employee was pulling shavings on a winder at the trim chute and contacted the trim slitter suffering an angled cut to the nail bed and tip of the right index finger.,,,"Struck against object or equipment, unspecified","Slitters, winders-paper production",Amputations,,"MADAWASKA, MAINE","Slitters, winders-paper production",YES,YES,Amputations,Amputation,0.0,1.0,0.0,0,INSUFFICIENT_INFORMATION,Unknown,,,,INSUFFICIENT_INFORMATION,Evidence Assessment (Observed Severity != SIF Precursor),HIGH,OSHA Severe Injury Reports
OSHA-2015010344,OSHA,2015010344,1/10/2015,611310,Severe Injury,"Fall, slip, trip, unspecified ",Employee slipped on ice.,,,"Fall, slip, trip, unspecified ","Ground, unspecified",Nonclassifiable,,"LAKEWOOD, NEW JERSEY","Ground, unspecified",YES,YES,Nonclassifiable,Hospitalization,1.0,0.0,0.0,0,INSUFFICIENT_INFORMATION,Unknown,,,,INSUFFICIENT_INFORMATION,Evidence Assessment (Observed Severity != SIF Precursor),HIGH,OSHA Severe Injury Reports
OSHA-2015010345,OSHA,2015010345,1/10/2015,621610,Severe Injury,Fall on same level due to slipping ,The employee was exiting a patient's private residence and slipped and fell on the wet wheelchair ramp.  The employee broke her left leg.  The incident occurred on 1/10/15.,,,Fall on same level due to slipping ,"Ramps, loading docks, dock plates",Fractures,,"FREEPORT, TEXAS","Ramps, loading docks, dock plates",YES,YES,Fractures,Hospitalization,1.0,0.0,0.0,0,INSUFFICIENT_INFORMATION,Gravity,,,,INSUFFICIENT_INFORMATION,Evidence Assessment (Observed Severity != SIF Precursor),HIGH,OSHA Severe Injury Reports
OSHA-2015010347,OSHA,2015010347,1/10/2015,311823,Severe Injury,Caught in running equipment or machinery during regular operation,"On January 9, 2015, an employee operating the dough rolling machine got his index and second finger caught between two rollers (dough breakers), which smashed his fingers. The employee was hospitalized overnight and required surgery.",,,Caught in running equipment or machinery during regular operation,"Food and beverage processing machinery-specialized, n.e.c.",Crushing injuries,,"NATIONAL STOCK YARDS, ILLINOIS","Food and beverage processing machinery-specialized, n.e.c.",YES,YES,Crushing injuries,Hospitalization,1.0,0.0,0.0,0,INSUFFICIENT_INFORMATION,Kinetic,,,,INSUFFICIENT_INFORMATION,Evidence Assessment (Observed Severity != SIF Precursor),HIGH,OSHA Severe Injury Reports
OSHA-2015010348,OSHA,2015010348,1/10/2015,561612,Severe Injury,Fall through surface or existing opening 6 to 10 feet,Employee fell through a gate approximately 10 feet to the ground below. Employee suffered a head injury and 17 fractures.,,,Fall through surface or existing opening 6 to 10 feet,Gates,"Fractures and other injuries, n.e.c.",,"TULSA, OKLAHOMA",Gates,YES,YES,"Fractures and other injuries, n.e.c.",Hospitalization,1.0,0.0,0.0,0,INSUFFICIENT_INFORMATION,Gravity,,,,INSUFFICIENT_INFORMATION,Evidence Assessment (Observed Severity != SIF Precursor),HIGH,OSHA Severe Injury Reports
OSHA-2015010350,OSHA,2015010350,1/10/2015,623312,Severe Injury,Multiple types of overexertion involving outside sources,"An employee, who was assisted by two other employees, hurt her back while giving an aggressive resident a bath.",,,Multiple types of overexertion involving outside sources,Patient ,"Soreness, pain, hurt-nonspecified injury",,"RUSKIN, FLORIDA",Patient ,YES,YES,"Soreness, pain, hurt-nonspecified injury",Hospitalization,1.0,0.0,0.0,0,INSUFFICIENT_INFORMATION,Unknown,,,,INSUFFICIENT_INFORMATION,Evidence Assessment (Observed Severity != SIF Precursor),HIGH,OSHA Severe Injury Reports
OSHA-2015010351,OSHA,2015010351,1/10/2015,327211,Severe Injury,Struck by object falling from vehicle or machinery-other than vehicle part,"Employee in packout area was working with a crane. During a lift, the employee got caught in a chain. The crane's chain hook grabbed a loaded box, which fell on the employee, crushing and breaking the employee's left leg.",,,Struck by object falling from vehicle or machinery-other than vehicle part,"Boxes, crates, cartons",Fractures,,"STATESBORO, GEORGIA","Boxes, crates, cartons",YES,YES,Fractures,Hospitalization,1.0,0.0,0.0,0,INSUFFICIENT_INFORMATION,Gravity,,,,INSUFFICIENT_INFORMATION,Evidence Assessment (Observed Severity != SIF Precursor),HIGH,OSHA Severe Injury Reports
OSHA-2015010353,OSHA,2015010353,1/10/2015,491110,Severe Injury,Fall on same level due to slipping ,"Employee delivering mail slipped on ice, falling on his right leg. He was taken to the hospital by ambulance and admitted for surgery, which required overnight admission.",,,Fall on same level due to slipping ,"Floors, walkways, ground surfaces, unspecified","Soreness, pain, hurt-nonspecified injury",,"CHAMPAIGN, ILLINOIS","Floors, walkways, ground surfaces, unspecified",YES,YES,"Soreness, pain, hurt-nonspecified injury",Hospitalization,1.0,0.0,0.0,0,INSUFFICIENT_INFORMATION,Gravity,,,,INSUFFICIENT_INFORMATION,Evidence Assessment (Observed Severity != SIF Precursor),HIGH,OSHA Severe Injury Reports
OSHA-2015010354,OSHA,2015010354,1/10/2015,491110,Severe Injury,"Fall on same level, n.e.c. ",Employee fell and broke her left hip while trying to reach for a broom to kill a spider.,,,"Fall on same level, n.e.c. ","Floor, unspecified",Fractures,,"CLINCHFIELD, GEORGIA","Floor, unspecified",YES,YES,Fractures,Hospitalization,1.0,0.0,0.0,0,INSUFFICIENT_INFORMATION,Gravity,,,,INSUFFICIENT_INFORMATION,Evidence Assessment (Observed Severity != SIF Precursor),HIGH,OSHA Severe Injury Reports
OSHA-2015010355,OSHA,2015010355,1/11/2015,623110,Severe Injury,Nonclassifiable,A CNA developed an abscess.  The abscess was surgically removed and tested. The results of the test showed that it is MRSA.,,,Nonclassifiable,Nonclassifiable,Cellulitis and abscess,,"NORTH BERWICK, MAINE",Nonclassifiable,YES,YES,Cellulitis and abscess,Hospitalization,1.0,0.0,0.0,0,INSUFFICIENT_INFORMATION,Unknown,,,,INSUFFICIENT_INFORMATION,Evidence Assessment (Observed Severity != SIF Precursor),HIGH,OSHA Severe Injury Reports
OSHA-2015010357,OSHA,2015010357,1/11/2015,511110,Severe Injury,"Fall, slip, trip, unspecified ",A reporter slipped and broke two bones in her left ankle while reporting on hiking at the Palisades Interstate Park in Alpine NJ. She was hospitalized overnight.,,,"Fall, slip, trip, unspecified ","Floors, walkways, ground surfaces, unspecified",Fractures,,"ALPINE, NEW JERSEY","Floors, walkways, ground surfaces, unspecified",YES,YES,Fractures,Hospitalization,1.0,0.0,0.0,0,INSUFFICIENT_INFORMATION,Unknown,,,,INSUFFICIENT_INFORMATION,Evidence Assessment (Observed Severity != SIF Precursor),HIGH,OSHA Severe Injury Reports
OSHA-2015010359,OSHA,2015010359,1/11/2015,561730,Severe Injury,Injured by slipping or swinging object held by injured worker,Employee injured left leg while working with a chain saw. He was cutting a branch at the end of the day when  the saw sprung back.,,,Injured by slipping or swinging object held by injured worker,Chainsaws-powered,"Soreness, pain, hurt-nonspecified injury",,"HOPE, NEW JERSEY",Chainsaws-powered,YES,YES,"Soreness, pain, hurt-nonspecified injury",Hospitalization,1.0,0.0,0.0,0,INSUFFICIENT_INFORMATION,Unknown,,,,INSUFFICIENT_INFORMATION,Evidence Assessment (Observed Severity != SIF Precursor),HIGH,OSHA Severe Injury Reports
OSHA-2015010361,OSHA,2015010361,1/11/2015,621112,Severe Injury,"Hitting, kicking, beating, shoving",A psychiatric patient hit an employee with a closed fist on the left-side forehead above the eye.,,,"Hitting, kicking, beating, shoving",Patient ,"Soreness, pain, hurt-nonspecified injury",,"FLORIDA CITY, FLORIDA",Patient ,YES,YES,"Soreness, pain, hurt-nonspecified injury",Hospitalization,1.0,0.0,0.0,0,INSUFFICIENT_INFORMATION,Unknown,,,,INSUFFICIENT_INFORMATION,Evidence Assessment (Observed Severity != SIF Precursor),HIGH,OSHA Severe Injury Reports
OSHA-2015010362,OSHA,2015010362,1/11/2015,517210,Severe Injury,"Caught in or compressed by equipment or objects, unspecified","While loading a telephone cable, an employee's fingers were caught between reels. Employee was admitted to the hospital and surgery is scheduled to be conducted on 1/12/2015.",,,"Caught in or compressed by equipment or objects, unspecified","Reels, rolls, spools, coils, cones","Soreness, pain, hurt-nonspecified injury",,"ORLANDO, FLORIDA","Reels, rolls, spools, coils, cones",YES,YES,"Soreness, pain, hurt-nonspecified injury",Hospitalization,1.0,0.0,0.0,0,INSUFFICIENT_INFORMATION,Kinetic,,,,INSUFFICIENT_INFORMATION,Evidence Assessment (Observed Severity != SIF Precursor),HIGH,OSHA Severe Injury Reports
OSHA-2015010363,OSHA,2015010363,1/11/2015,213112,Severe Injury,"Fall, slip, trip, unspecified ","Employee slipped on ice and broke femur while working on well site in the vicinity of the Anderson 1-4-H location near Williston, North Dakota.",,,"Fall, slip, trip, unspecified ","Floors, walkways, ground surfaces, unspecified",Fractures,,"WILLISTON, NORTH DAKOTA","Floors, walkways, ground surfaces, unspecified",YES,YES,Fractures,Hospitalization,1.0,0.0,0.0,0,INSUFFICIENT_INFORMATION,Unknown,,,,INSUFFICIENT_INFORMATION,Evidence Assessment (Observed Severity != SIF Precursor),HIGH,OSHA Severe Injury Reports
OSHA-2015010364,OSHA,2015010364,1/11/2015,211111,Severe Injury,Other fall to lower level more than 30 feet,Employee was injured when he fell 20-40 feet from an elevated man-lift.,,,Other fall to lower level more than 30 feet,Manlifts,"Traumatic injuries and disorders, unspecified",,"PROSPERITY, PENNSYLVANIA",Manlifts,YES,YES,"Traumatic injuries and disorders, unspecified",Hospitalization,1.0,0.0,0.0,0,INSUFFICIENT_INFORMATION,Gravity,,,,INSUFFICIENT_INFORMATION,Evidence Assessment (Observed Severity != SIF Precursor),HIGH,OSHA Severe Injury Reports
OSHA-2015010365,OSHA,2015010365,1/11/2015,488119,Severe Injury,"Fall on same level, n.e.c. ",Employee was pulling a cart when the handle broke. Employee fell on her back and injured herself.,,,"Fall on same level, n.e.c. ","Floors, walkways, ground surfaces, unspecified","Traumatic injuries and disorders, unspecified",,"TULSA, OKLAHOMA","Floors, walkways, ground surfaces, unspecified",YES,YES,"Traumatic injuries and disorders, unspecified",Hospitalization,1.0,0.0,0.0,0,INSUFFICIENT_INFORMATION,Gravity,,,,INSUFFICIENT_INFORMATION,Evidence Assessment (Observed Severity != SIF Precursor),HIGH,OSHA Severe Injury Reports
OSHA-2015010366,OSHA,2015010366,1/11/2015,332431,Severe Injury,"Struck by swinging or slipping object, other than handheld, n.e.c.","Using a metal lathe, a maintenance worker was polishing a shaft. The shaft kicked back and the maintenance worker was struck in the arm and hand by the shaft. The employee was admitted to the hospital for surgery to repair the fractured arm.",,,"Struck by swinging or slipping object, other than handheld, n.e.c.",Metalworking lathes,Fractures,,"WEIRTON, WEST VIRGINIA",Metalworking lathes,YES,YES,Fractures,Hospitalization,1.0,0.0,0.0,0,INSUFFICIENT_INFORMATION,Kinetic,,,,INSUFFICIENT_INFORMATION,Evidence Assessment (Observed Severity != SIF Precursor),HIGH,OSHA Severe Injury Reports
OSHA-2015010368,OSHA,2015010368,1/12/2015,236115,Severe Injury,Other fall to lower level 21 to 25 feet ,A temporary employee fell from the second story of a building under construction and was transported to the hospital with a back injury.,,,Other fall to lower level 21 to 25 feet ,"Building, unspecified","Soreness, pain, hurt-nonspecified injury",,"WEST LEBANON, NEW HAMPSHIRE","Building, unspecified",YES,YES,"Soreness, pain, hurt-nonspecified injury",Hospitalization,1.0,0.0,0.0,0,INSUFFICIENT_INFORMATION,Gravity,,,,INSUFFICIENT_INFORMATION,Evidence Assessment (Observed Severity != SIF Precursor),HIGH,OSHA Severe Injury Reports
OSHA-2015010369,OSHA,2015010369,1/12/2015,611110,Severe Injury,"Fall on same level due to tripping, unspecified","An employee was walking a cart in the parking lot toward the soccer field when the cart started to roll away from him.  The employee tripped and fell, hitting his head/neck on the curb in the parking lot.",,,"Fall on same level due to tripping, unspecified","Parking lot, unspecified","Intracranial injuries, unspecified",,"FORT WALTON BEACH, FLORIDA","Parking lot, unspecified",YES,YES,"Intracranial injuries, unspecified",Hospitalization,1.0,0.0,0.0,0,INSUFFICIENT_INFORMATION,Gravity,,,,INSUFFICIENT_INFORMATION,Evidence Assessment (Observed Severity != SIF Precursor),HIGH,OSHA Severe Injury Reports
OSHA-2015010370,OSHA,2015010370,1/12/2015,452990,Severe Injury,Fall on same level due to tripping over an object ,"Employee tripped, fell over a pallet, and broke femur. Employee was hospitalized for surgery.",,,Fall on same level due to tripping over an object ,"Skids, pallets",Fractures,,"SHAWNEE, OKLAHOMA","Skids, pallets",YES,YES,Fractures,Hospitalization,1.0,0.0,0.0,0,INSUFFICIENT_INFORMATION,Gravity,,,,INSUFFICIENT_INFORMATION,Evidence Assessment (Observed Severity != SIF Precursor),HIGH,OSHA Severe Injury Reports
OSHA-2015010371,OSHA,2015010371,1/12/2015,311422,Severe Injury,Nonclassifiable,An employee was hospitalized after breaking his ankle.,,,Nonclassifiable,Nonclassifiable,Fractures,,"PORTLAND, MAINE",Nonclassifiable,YES,YES,Fractures,Hospitalization,1.0,0.0,0.0,0,INSUFFICIENT_INFORMATION,Unknown,,,,INSUFFICIENT_INFORMATION,Evidence Assessment (Observed Severity != SIF Precursor),HIGH,OSHA Severe Injury Reports
OSHA-2015010372,OSHA,2015010372,1/12/2015,337110,Severe Injury,"Struck by falling object or equipment, unspecified","On January 12, 2015, at 0745, a maintenance employee pulled a carriage saw out too far and the 350-pound saw fell to the floor, crushing his left fifth finger.  He was treated and released at Pomerene Hospital with an orthopedic surgical consult. Surgery was performed on January 14, 2015, however, the last joint of the left fifth finger could not be salvaged and was amputated.",,,"Struck by falling object or equipment, unspecified","Sawing machinery-stationary, unspecified",Amputations,,"MILLERSBURG, OHIO","Sawing machinery-stationary, unspecified",YES,YES,Amputations,Amputation,0.0,1.0,0.0,0,INSUFFICIENT_INFORMATION,Gravity,,,,INSUFFICIENT_INFORMATION,Evidence Assessment (Observed Severity != SIF Precursor),HIGH,OSHA Severe Injury Reports
OSHA-2015010373,OSHA,2015010373,1/12/2015,332710,Severe Injury,"Caught in or compressed by equipment or objects, unspecified",Employee's right index finger was partially amputated when it was caught between a ball and seat on a small lathe at the facility.,,,"Caught in or compressed by equipment or objects, unspecified","Lathes, unspecified",Amputations,,"HOUSTON, TEXAS","Lathes, unspecified",YES,YES,Amputations,Amputation,0.0,1.0,0.0,0,INSUFFICIENT_INFORMATION,Kinetic,,,,INSUFFICIENT_INFORMATION,Evidence Assessment (Observed Severity != SIF Precursor),HIGH,OSHA Severe Injury Reports
OSHA-2015010374,OSHA,2015010374,1/12/2015,445110,Severe Injury,Fall on same level due to tripping over an object ,"An employee was injured after tripping over a stationary pallet, requiring medical assistance at the scene and transport to Hackensack Medical Center for further treatment.",,,Fall on same level due to tripping over an object ,"Skids, pallets","Traumatic injuries and disorders, unspecified",,"TENAFLY, NEW JERSEY","Skids, pallets",YES,YES,"Traumatic injuries and disorders, unspecified",Hospitalization,1.0,0.0,0.0,0,INSUFFICIENT_INFORMATION,Unknown,,,,INSUFFICIENT_INFORMATION,Evidence Assessment (Observed Severity != SIF Precursor),HIGH,OSHA Severe Injury Reports
OSHA-2015010375,OSHA,2015010375,1/12/2015,333999,Severe Injury,"Caught in running equipment or machinery, unspecified","Employee's finger got caught in a machine's drive belt resulting in an inpatient hospitalization and surgery. 

Temployee may lose the finger.",,,"Caught in running equipment or machinery, unspecified","Machinery, unspecified","Soreness, pain, hurt-nonspecified injury",,"SOUTH HOLLAND, ILLINOIS","Machinery, unspecified",YES,YES,"Soreness, pain, hurt-nonspecified injury",Hospitalization,1.0,0.0,0.0,0,INSUFFICIENT_INFORMATION,Kinetic,,,,INSUFFICIENT_INFORMATION,Evidence Assessment (Observed Severity != SIF Precursor),HIGH,OSHA Severe Injury Reports
OSHA-2015010376,OSHA,2015010376,1/12/2015,311612,Severe Injury,Fall on same level due to slipping ,An employee suffered a fractured hip when he slipped and fell on a patch of black ice in the parking lot. He was taken to the hospital and underwent surgery for the hip fracture.,,,Fall on same level due to slipping ,"Parking lot, unspecified",Fractures,,"FREELAND, PENNSYLVANIA","Parking lot, unspecified",YES,YES,Fractures,Hospitalization,1.0,0.0,0.0,0,INSUFFICIENT_INFORMATION,Gravity,,,,INSUFFICIENT_INFORMATION,Evidence Assessment (Observed Severity != SIF Precursor),HIGH,OSHA Severe Injury Reports
OSHA-2015010377,OSHA,2015010377,1/12/2015,311612,Severe Injury,"Caught in running equipment or machinery during maintenance, cleaning ",Worker operating a Formax machine sustained a finger amputation while attempting to clean out an overflow pan under the machine.,,,"Caught in running equipment or machinery during maintenance, cleaning ","Food and beverage processing machinery-specialized, n.e.c.",Amputations,,"BUTLER, WISCONSIN","Food and beverage processing machinery-specialized, n.e.c.",YES,YES,Amputations,Amputation,0.0,1.0,0.0,0,INSUFFICIENT_INFORMATION,Kinetic,,,,INSUFFICIENT_INFORMATION,Evidence Assessment (Observed Severity != SIF Precursor),HIGH,OSHA Severe Injury Reports
OSHA-2015010378,OSHA,2015010378,1/12/2015,236116,Severe Injury,Other fall to lower level 6 to 10 feet,A worker fell approximately 9 feet from a scaffold platform to the ground below sustaining a compound fracture to the jaw and a punctured liver. The scaffold plank bridged over the apartment breezeway and was supported by two walls that were approximately 6 feet apart. The platform was used in setting the rafter trusses.,,,Other fall to lower level 6 to 10 feet,Scaffolds-staging supported by structure or other means,"Fractures (except rib, trunk fractures) and internal injuries ",,"SAINT CHARLES, MISSOURI",Scaffolds-staging supported by structure or other means,YES,YES,"Fractures (except rib, trunk fractures) and internal injuries ",Hospitalization,1.0,0.0,0.0,0,INSUFFICIENT_INFORMATION,Gravity,,,,INSUFFICIENT_INFORMATION,Evidence Assessment (Observed Severity != SIF Precursor),HIGH,OSHA Severe Injury Reports
OSHA-2015010379,OSHA,2015010379,1/12/2015,311511,Severe Injury,"Other fall to lower level, unspecified",Employee fell off of a ladder that was placed on an uneven surface. The employee sustained a broken knee cap.,,,"Other fall to lower level, unspecified","Ladders, unspecified",Fractures,,"WICHITA, KANSAS","Ladders, unspecified",YES,YES,Fractures,Hospitalization,1.0,0.0,0.0,0,INSUFFICIENT_INFORMATION,Gravity,,,,INSUFFICIENT_INFORMATION,Evidence Assessment (Observed Severity != SIF Precursor),HIGH,OSHA Severe Injury Reports
OSHA-2015010382,OSHA,2015010382,1/12/2015,238110,Severe Injury,"Jack-knifed or overturned, nonroadway","An employee was operating a lull (large fork lift) to move steel when he went off the road and drove over soft coal. The right side wheels left the ground and the truck tipped over, resulting in broken ribs and hospitalization.",,,"Jack-knifed or overturned, nonroadway","Forklift, order picker, platform truck-powered",Fractures,,"MOBILE, ALABAMA","Forklift, order picker, platform truck-powered",YES,YES,Fractures,Hospitalization,1.0,0.0,0.0,0,INSUFFICIENT_INFORMATION,Unknown,,,,INSUFFICIENT_INFORMATION,Evidence Assessment (Observed Severity != SIF Precursor),HIGH,OSHA Severe Injury Reports
OSHA-2015010383,OSHA,2015010383,1/12/2015,621493,Severe Injury,"Fall on same level, unspecified",Employee was walking through the department and fell.  Employee suffered fractures to the arm and knee and was admitted to the hospital.,,,"Fall on same level, unspecified","Floor, unspecified",Fractures,,"DAYTON, OHIO","Floor, unspecified",YES,YES,Fractures,Hospitalization,1.0,0.0,0.0,0,INSUFFICIENT_INFORMATION,Gravity,,,,INSUFFICIENT_INFORMATION,Evidence Assessment (Observed Severity != SIF Precursor),HIGH,OSHA Severe Injury Reports
OSHA-2015010384,OSHA,2015010384,1/12/2015,115310,Severe Injury,Fall on same level due to slipping ,Employee slipped and fell on ice breaking a leg.,,,Fall on same level due to slipping ,"Floors, walkways, ground surfaces, unspecified",Fractures,,"CHILOQUIN, OREGON","Floors, walkways, ground surfaces, unspecified",YES,YES,Fractures,Hospitalization,1.0,0.0,0.0,0,INSUFFICIENT_INFORMATION,Gravity,,,,INSUFFICIENT_INFORMATION,Evidence Assessment (Observed Severity != SIF Precursor),HIGH,OSHA Severe Injury Reports
OSHA-2015010385,OSHA,2015010385,1/12/2015,311421,Severe Injury,Pedestrian struck by vehicle backing up in nonroadway area,"An employee working at the crate loader was struck by a forklift that was backing up. The employee sustained serious injuries and was hospitalized at the Washington Regional Medical Center in Fayetteville, Arkansas, for treatment of a fractured pelvis.",,,Pedestrian struck by vehicle backing up in nonroadway area,"Forklift, order picker, platform truck-powered",Fractures,,"SILOAM SPRINGS, ARKANSAS","Forklift, order picker, platform truck-powered",YES,YES,Fractures,Hospitalization,1.0,0.0,0.0,0,INSUFFICIENT_INFORMATION,Kinetic,,,,INSUFFICIENT_INFORMATION,Evidence Assessment (Observed Severity != SIF Precursor),HIGH,OSHA Severe Injury Reports
OSHA-2015010386,OSHA,2015010386,1/12/2015,337110,Severe Injury,"Struck against object or equipment, unspecified",Employee was changing drill bits on a pocket boring machine. He set his hand down on the machine to look under it and his hand engaged with the drill bit.,,,"Struck against object or equipment, unspecified","Boring, routing, notching machines","Soreness, pain, hurt-nonspecified injury",,"DUNCANVILLE, TEXAS","Boring, routing, notching machines",YES,YES,"Soreness, pain, hurt-nonspecified injury",Hospitalization,1.0,0.0,0.0,0,INSUFFICIENT_INFORMATION,Kinetic,,,,INSUFFICIENT_INFORMATION,Evidence Assessment (Observed Severity != SIF Precursor),HIGH,OSHA Severe Injury Reports
OSHA-2015010387,OSHA,2015010387,1/12/2015,484110,Severe Injury,Fall on same level due to slipping ,Employee was unloading a trailer and slipped on ice in the parking lot and hit his head.,,,Fall on same level due to slipping ,"Parking lot, unspecified","Intracranial injuries, unspecified",,"EASTON, PENNSYLVANIA","Parking lot, unspecified",YES,YES,"Intracranial injuries, unspecified",Hospitalization,1.0,0.0,0.0,0,INSUFFICIENT_INFORMATION,Unknown,,,,INSUFFICIENT_INFORMATION,Evidence Assessment (Observed Severity != SIF Precursor),HIGH,OSHA Severe Injury Reports
OSHA-2015010388,OSHA,2015010388,1/12/2015,812990,Severe Injury,"Other fall to lower level, unspecified",Employee fell from a step ladder while assembling furniture.,,,"Other fall to lower level, unspecified",Step ladders,"Traumatic injuries and disorders, unspecified",,"EL PASO, TEXAS",Step ladders,YES,YES,"Traumatic injuries and disorders, unspecified",Hospitalization,1.0,0.0,0.0,0,INSUFFICIENT_INFORMATION,Gravity,,,,INSUFFICIENT_INFORMATION,Evidence Assessment (Observed Severity != SIF Precursor),HIGH,OSHA Severe Injury Reports
OSHA-2015010389,OSHA,2015010389,1/12/2015,624190,Severe Injury,Contact with hot objects or substances,Employee received burns on hands.,,,Contact with hot objects or substances,Nonclassifiable,"Heat (thermal) burns, unspecified",,"WASHINGTON, DISTRICT OF COLUMBIA",Nonclassifiable,YES,YES,"Heat (thermal) burns, unspecified",Hospitalization,1.0,0.0,0.0,0,INSUFFICIENT_INFORMATION,Thermal,,,,INSUFFICIENT_INFORMATION,Evidence Assessment (Observed Severity != SIF Precursor),HIGH,OSHA Severe Injury Reports
OSHA-2015010390,OSHA,2015010390,1/12/2015,624310,Severe Injury,"Fall on same level due to tripping, n.e.c.","An employee was walking out of the store when she missed a step, tripped, and hit the Z rack that is placed against the wall.",,,"Fall on same level due to tripping, n.e.c.","Floors, walkways, ground surfaces, unspecified","Traumatic injuries and disorders, unspecified",,"AUSTIN, TEXAS","Floors, walkways, ground surfaces, unspecified",YES,YES,"Traumatic injuries and disorders, unspecified",Hospitalization,1.0,0.0,0.0,0,INSUFFICIENT_INFORMATION,Unknown,,,,INSUFFICIENT_INFORMATION,Evidence Assessment (Observed Severity != SIF Precursor),HIGH,OSHA Severe Injury Reports
OSHA-2015010391,OSHA,2015010391,1/12/2015,453310,Severe Injury,Fall on same level due to slipping ,An employee slipped on ice in the shopping center's shared parking lot while walking to lunch.  The employee was hospitalized due to a broken kneecap that resulted in surgery.,,,Fall on same level due to slipping ,"Parking lot, unspecified",Fractures,,"COLUMBUS, OHIO","Parking lot, unspecified",YES,YES,Fractures,Hospitalization,1.0,0.0,0.0,0,INSUFFICIENT_INFORMATION,Unknown,,,,INSUFFICIENT_INFORMATION,Evidence Assessment (Observed Severity != SIF Precursor),HIGH,OSHA Severe Injury Reports
OSHA-2015010392,OSHA,2015010392,1/12/2015,928110,Severe Injury,Fall on same level due to slipping ,An employee slipped and fell on the ice resulting in a broken ankle.,,,Fall on same level due to slipping ,"Ground, unspecified",Fractures,,"LEONARDO, NEW JERSEY","Ground, unspecified",YES,YES,Fractures,Hospitalization,1.0,0.0,0.0,0,INSUFFICIENT_INFORMATION,Gravity,,,,INSUFFICIENT_INFORMATION,Evidence Assessment (Observed Severity != SIF Precursor),HIGH,OSHA Severe Injury Reports
OSHA-2015010393,OSHA,2015010393,1/12/2015,237130,Severe Injury,"Direct exposure to electricity, greater than 220 volts","Employee was testing a meter with an 8-ft shotgun stick in an energized zone and encountered an arc flash. This incident occurred at approximately 8:00 AM on January 12, 2015. The employee was hospitalized with 2nd and 3rd degree burns. The employee was authorized to be in the energized zone and was wearing flame retardant clothing, a hard hat, safety glasses and a high-visibility vest.",,,"Direct exposure to electricity, greater than 220 volts","Handtools-nonpowered, n.e.c.",Third or fourth degree electrical burns,,"SAINT GABRIEL, LOUISIANA","Handtools-nonpowered, n.e.c.",YES,YES,Third or fourth degree electrical burns,Hospitalization,1.0,0.0,0.0,0,INSUFFICIENT_INFORMATION,Electrical,,,,INSUFFICIENT_INFORMATION,Evidence Assessment (Observed Severity != SIF Precursor),HIGH,OSHA Severe Injury Reports
OSHA-2015010394,OSHA,2015010394,1/12/2015,453310,Severe Injury,Struck against moving part of machinery or equipment,"Employee was sent to Industrial Piping  Steel Co. in Corpus Christi, Texas, as a temporary worker. He was operating a machine to cut metal and had a finger amputated. He was then taken to the hospital.",,,Struck against moving part of machinery or equipment,"Sawing machinery-stationary, unspecified",Amputations,,"CORPUS CHRISTI, TEXAS","Sawing machinery-stationary, unspecified",YES,YES,Amputations,Hospitalization,1.0,1.0,0.0,0,INSUFFICIENT_INFORMATION,Kinetic,,,,INSUFFICIENT_INFORMATION,Evidence Assessment (Observed Severity != SIF Precursor),HIGH,OSHA Severe Injury Reports
OSHA-2015010395,OSHA,2015010395,1/12/2015,336111,Severe Injury,Struck by object falling from vehicle or machinery-other than vehicle part,"On or about January 12, 2015, an employee was injured while loosening the bolts of a rod and collar assembly on a manual assist arm. A component fell and struck his hand, amputating the tip of his left little finger.",,,Struck by object falling from vehicle or machinery-other than vehicle part,"Parts and materials, unspecified",Amputations,,"BELVIDERE, ILLINOIS","Parts and materials, unspecified",YES,YES,Amputations,Amputation,0.0,1.0,0.0,0,INSUFFICIENT_INFORMATION,Gravity,,,,INSUFFICIENT_INFORMATION,Evidence Assessment (Observed Severity != SIF Precursor),HIGH,OSHA Severe Injury Reports
OSHA-2015010396,OSHA,2015010396,1/12/2015,484220,Severe Injury,Inhalation of harmful substance-single episode,"An employee delivering sodium hypochlorite attached the hose to a tank containing sulfuric acid, causing a reaction.  The employee was admitted to the hospital with respiratory distress.",,,Inhalation of harmful substance-single episode,"Multiple chemicals or chemical mixtures, n.e.c.","Other respiratory system symptoms-toxic, noxious, or allergenic effect",,"HOLLY HILL, FLORIDA","Multiple chemicals or chemical mixtures, n.e.c.",YES,YES,"Other respiratory system symptoms-toxic, noxious, or allergenic effect",Hospitalization,1.0,0.0,0.0,0,INSUFFICIENT_INFORMATION,Chemical,,,,INSUFFICIENT_INFORMATION,Evidence Assessment (Observed Severity != SIF Precursor),HIGH,OSHA Severe Injury Reports
OSHA-2015010397,OSHA,2015010397,1/12/2015,221122,Severe Injury,"Caught in running equipment or machinery during maintenance, cleaning ","The employee was tightening a belt on the wood chipper. After the repair, the employee turned the machine off. While the machine was coasting to a stop the employee got his left hand caught between the belt and pulley of the wood chipper, resulting in the amputation of two fingers.",,,"Caught in running equipment or machinery during maintenance, cleaning ",Chippers,Amputations,,"FORT SMITH, ARKANSAS",Chippers,YES,YES,Amputations,Amputation,0.0,1.0,0.0,0,INSUFFICIENT_INFORMATION,Kinetic,,,,INSUFFICIENT_INFORMATION,Evidence Assessment (Observed Severity != SIF Precursor),HIGH,OSHA Severe Injury Reports
OSHA-2015010398,OSHA,2015010398,1/12/2015,562111,Severe Injury,"Contact with objects and equipment, unspecified",Employee suffered an amputation injury while working on a garbage truck.,,,"Contact with objects and equipment, unspecified","Garbage, recycling, or refuse truck",Amputations,,"BELLE VERNON, PENNSYLVANIA","Garbage, recycling, or refuse truck",YES,YES,Amputations,Amputation,0.0,1.0,0.0,0,INSUFFICIENT_INFORMATION,Unknown,,,,INSUFFICIENT_INFORMATION,Evidence Assessment (Observed Severity != SIF Precursor),HIGH,OSHA Severe Injury Reports
OSHA-2015010399,OSHA,2015010399,1/12/2015,213112,Severe Injury,"Struck by swinging or slipping object, other than handheld, n.e.c.","The employee was attempting to rig a steel beam with a chain sling and overhead crane. While attempting to rig this elevated beam, it fell towards the employee. The employee tried to brace/stop the beam with his hand and the fore of the beam pushed him back, striking his face and chest as well, knocking him into another steel beam.  The employee was admitted to the hospital with a broken wrist. Surgery was performed to correct the injury to the employee's wrist. 

The injury occurred in the Welding/Fabrication shop.",,,"Struck by swinging or slipping object, other than handheld, n.e.c.",Beams-unattached metal,Fractures,,"HOUSTON, TEXAS",Beams-unattached metal,YES,YES,Fractures,Hospitalization,1.0,0.0,0.0,0,INSUFFICIENT_INFORMATION,Gravity,,,,INSUFFICIENT_INFORMATION,Evidence Assessment (Observed Severity != SIF Precursor),HIGH,OSHA Severe Injury Reports
OSHA-2015010400,OSHA,2015010400,1/12/2015,493110,Severe Injury,Compressed or pinched by shifting objects or equipment,"Worker was caught between the dock bumper and a truck, resulting in crushing injuries to the worker.  The worker was hospitalized.",,,Compressed or pinched by shifting objects or equipment,"Truck-motorized freight hauling and utility, unspecified",Crushing injuries,,"KANSAS CITY, MISSOURI","Truck-motorized freight hauling and utility, unspecified",YES,YES,Crushing injuries,Hospitalization,1.0,0.0,0.0,0,INSUFFICIENT_INFORMATION,Kinetic,,,,INSUFFICIENT_INFORMATION,Evidence Assessment (Observed Severity != SIF Precursor),HIGH,OSHA Severe Injury Reports
OSHA-2015010401,OSHA,2015010401,1/12/2015,211111,Severe Injury,"Fall on same level, n.e.c. ",Employee was breaking a bolt with a crescent wrench and it slipped.  The employee fell back and rolled onto the leg fracturing the ankle.,,,"Fall on same level, n.e.c. ","Floors, walkways, ground surfaces, unspecified",Fractures,,"ODESSA, TEXAS","Floors, walkways, ground surfaces, unspecified",YES,YES,Fractures,Hospitalization,1.0,0.0,0.0,0,INSUFFICIENT_INFORMATION,Gravity,,,,INSUFFICIENT_INFORMATION,Evidence Assessment (Observed Severity != SIF Precursor),HIGH,OSHA Severe Injury Reports
OSHA-2015010402,OSHA,2015010402,1/12/2015,321918,Severe Injury,Caught in running equipment or machinery during regular operation,"On January 12, 2015, an employee caught his right thumb between a powered roller and conveyor belt, which resulted in an amputation of the nail portion of the thumb.",,,Caught in running equipment or machinery during regular operation,Band saws,Amputations,,"MARATHON, WISCONSIN",Band saws,YES,YES,Amputations,Amputation,0.0,1.0,0.0,0,INSUFFICIENT_INFORMATION,Kinetic,,,,INSUFFICIENT_INFORMATION,Evidence Assessment (Observed Severity != SIF Precursor),HIGH,OSHA Severe Injury Reports
OSHA-2015010403,OSHA,2015010403,1/12/2015,238110,Severe Injury,Injured by slipping or swinging object held by injured worker,Employee partially amputated index finger with sledge hammer.,,,Injured by slipping or swinging object held by injured worker,"Sledges, sledgehammers",Amputations,,"DURANT, OKLAHOMA","Sledges, sledgehammers",YES,YES,Amputations,Amputation,0.0,1.0,0.0,0,INSUFFICIENT_INFORMATION,Unknown,,,,INSUFFICIENT_INFORMATION,Evidence Assessment (Observed Severity != SIF Precursor),HIGH,OSHA Severe Injury Reports
OSHA-2015010404,OSHA,2015010404,1/12/2015,722513,Severe Injury,"Slip without fall, unspecified",Employee was walking and slipped and the employee's arm caught fire. Employee was hospitalized for burn injuries.,,,"Slip without fall, unspecified","Bodily motion or position of injured, ill worker","Heat (thermal) burns, unspecified",,"LADY LAKE, FLORIDA","Bodily motion or position of injured, ill worker",YES,YES,"Heat (thermal) burns, unspecified",Hospitalization,1.0,0.0,0.0,0,INSUFFICIENT_INFORMATION,Thermal,,,,INSUFFICIENT_INFORMATION,Evidence Assessment (Observed Severity != SIF Precursor),HIGH,OSHA Severe Injury Reports
OSHA-2015010405,OSHA,2015010405,1/12/2015,238310,Severe Injury,Other fall to lower level 16 to 20 feet,Employee fell from scaffolding at a height of approximately 15 to 20 feet.,,,Other fall to lower level 16 to 20 feet,"Scaffolds-staging, unspecified","Traumatic injuries and disorders, unspecified",,"MOORE, OKLAHOMA","Scaffolds-staging, unspecified",YES,YES,"Traumatic injuries and disorders, unspecified",Hospitalization,1.0,0.0,0.0,0,INSUFFICIENT_INFORMATION,Gravity,,,,INSUFFICIENT_INFORMATION,Evidence Assessment (Observed Severity != SIF Precursor),HIGH,OSHA Severe Injury Reports
OSHA-2015010406,OSHA,2015010406,1/12/2015,561499,Severe Injury,Struck by discharged object or substance,Employee lacerated his left hand with a high-pressure water gun after losing his balance while cleaning the rubber membrane off of the inside of a tank.,,,Struck by discharged object or substance,Pressurized water-blast,"Cuts, lacerations",,"PALATKA, FLORIDA",Pressurized water-blast,YES,YES,"Cuts, lacerations",Hospitalization,1.0,0.0,0.0,0,INSUFFICIENT_INFORMATION,High Pressure/Pneumatic,,,,INSUFFICIENT_INFORMATION,Evidence Assessment (Observed Severity != SIF Precursor),HIGH,OSHA Severe Injury Reports
OSHA-2015010408,OSHA,2015010408,1/12/2015,441110,Severe Injury,"Struck by falling object or equipment, n.e.c.",Employee retrieving parts from a shelf was struck in the head by a part weighing approximately 40 to 50 pounds when the bottom of the box it was stored in gave way. Employee sustained a compression fracture of the vertebrae.,,,"Struck by falling object or equipment, n.e.c.","Vehicle and mobile equipment parts, unspecified",Fractures,,"MARTINEZ, GEORGIA","Vehicle and mobile equipment parts, unspecified",YES,YES,Fractures,Hospitalization,1.0,0.0,0.0,0,INSUFFICIENT_INFORMATION,Kinetic,,,,INSUFFICIENT_INFORMATION,Evidence Assessment (Observed Severity != SIF Precursor),HIGH,OSHA Severe Injury Reports
OSHA-2015010409,OSHA,2015010409,1/12/2015,236115,Severe Injury,Struck by discharged object or substance,"Employee sustained a puncture wound to his hand from an air nail gun while setting trusses in the vicinity of 8000 East Highway 42 in Sioux Falls, South Dakota.",,,Struck by discharged object or substance,"Nails, brads, tacks, nuts, bolts, washers","Puncture wounds, except gunshot wounds",,"SIOUX FALLS, SOUTH DAKOTA","Nails, brads, tacks, nuts, bolts, washers",YES,YES,"Puncture wounds, except gunshot wounds",Hospitalization,1.0,0.0,0.0,0,INSUFFICIENT_INFORMATION,Gravity,,,,INSUFFICIENT_INFORMATION,Evidence Assessment (Observed Severity != SIF Precursor),HIGH,OSHA Severe Injury Reports
OSHA-2015010410,OSHA,2015010410,1/12/2015,488320,Severe Injury,"Pedestrian struck by vehicle in nonroadway area, unspecified",An employee was hit by a forklift at the loading dock.,,,"Pedestrian struck by vehicle in nonroadway area, unspecified","Forklift, order picker, platform truck-powered","Traumatic injuries and disorders, unspecified",,"PHILADELPHIA, PENNSYLVANIA","Forklift, order picker, platform truck-powered",YES,YES,"Traumatic injuries and disorders, unspecified",Hospitalization,1.0,0.0,0.0,0,INSUFFICIENT_INFORMATION,Unknown,,,,INSUFFICIENT_INFORMATION,Evidence Assessment (Observed Severity != SIF Precursor),HIGH,OSHA Severe Injury Reports
OSHA-2015010411,OSHA,2015010411,1/12/2015,211111,Severe Injury,"Caught in or compressed by equipment or objects, unspecified",Employee was removing a flow line from preventer to mud tank.  The flow line pinched the employee's finger between the flange and the BOP causing the amputation.,,,"Caught in or compressed by equipment or objects, unspecified",Nonclassifiable,Amputations,,"DUMAS, TEXAS",Nonclassifiable,YES,YES,Amputations,Amputation,0.0,1.0,0.0,0,INSUFFICIENT_INFORMATION,Kinetic,,,,INSUFFICIENT_INFORMATION,Evidence Assessment (Observed Severity != SIF Precursor),HIGH,OSHA Severe Injury Reports
OSHA-2015010181,OSHA,2015010181,1/13/2015,211112,Severe Injury,"Fall on same level due to tripping, unspecified",An employee slipped on a step and fell forward injuring both knees.,,,"Fall on same level due to tripping, unspecified","Stairs, steps, unspecified","Soreness, pain, hurt-nonspecified injury",,"HAWKINS, TEXAS","Stairs, steps, unspecified",YES,YES,"Soreness, pain, hurt-nonspecified injury",Hospitalization,1.0,0.0,0.0,0,INSUFFICIENT_INFORMATION,Gravity,,,,INSUFFICIENT_INFORMATION,Evidence Assessment (Observed Severity != SIF Precursor),HIGH,OSHA Severe Injury Reports
OSHA-2015010183,OSHA,2015010183,1/13/2015,484110,Severe Injury,Fall on same level due to slipping,"An employee slipped on ice and fractured his ankle.  He had corrective surgery, requiring hospitalization.",,,Fall on same level due to slipping,"Floors, walkways, ground surfaces, unspecified",Fractures,,"EAST STROUDSBURG, PENNSYLVANIA","Floors, walkways, ground surfaces, unspecified",YES,YES,Fractures,Hospitalization,1.0,0.0,0.0,0,INSUFFICIENT_INFORMATION,Unknown,,,,INSUFFICIENT_INFORMATION,Evidence Assessment (Observed Severity != SIF Precursor),HIGH,OSHA Severe Injury Reports
OSHA-2015010184,OSHA,2015010184,1/13/2015,238210,Severe Injury,"Struck by object or equipment, unspecified","The injured employee was installing a back flow preventer in the vertical. The employee was using a chain fall and attempting to place a gasket between the piping. The chain fall ""jumped"" and the pipe landed on his left thumb, which was resting on the pipe's flange. The tip of this left thumb was amputated at the nail bed and could not be reattached. 

The incident occurred in the Ag Building fire pump room.",,,"Struck by object or equipment, unspecified","Pipes, ducts, tubing, unspecified",Amputations,,"PRAIRIE VIEW, TEXAS","Pipes, ducts, tubing, unspecified",YES,YES,Amputations,Amputation,0.0,1.0,0.0,0,INSUFFICIENT_INFORMATION,Gravity,,,,INSUFFICIENT_INFORMATION,Evidence Assessment (Observed Severity != SIF Precursor),HIGH,OSHA Severe Injury Reports
OSHA-2015010185,OSHA,2015010185,1/13/2015,493110,Severe Injury,Struck by or caught in swinging door or gate,The employee was sitting on the forklift and trying to close the container door from the forklift.  The wind was blowing and blew the container door closed.  The tip of the employee's finger was caught between the container doors.,,,Struck by or caught in swinging door or gate,"Containers-nonpressurized, unspecified",Amputations,,"PASADENA, TEXAS","Containers-nonpressurized, unspecified",YES,YES,Amputations,Amputation,0.0,1.0,0.0,0,INSUFFICIENT_INFORMATION,Kinetic,,,,INSUFFICIENT_INFORMATION,Evidence Assessment (Observed Severity != SIF Precursor),HIGH,OSHA Severe Injury Reports
OSHA-2015010186,OSHA,2015010186,1/13/2015,424690,Severe Injury,"Injured by handheld object or equipment, n.e.c.","Employee was moving pallets by hand, wearing heavy cloth gloves. A piece of wood penetrated his glove and cut his left thumb.  The incident was not reported at the time of the incident.  On January 20, 2015, the employee called his supervisor and reported that his thumb was infected and he had been admitted to the hospital.",,,"Injured by handheld object or equipment, n.e.c.","Wood, lumber, unspecified","Cuts, lacerations",,"DALLAS, TEXAS","Wood, lumber, unspecified",YES,YES,"Cuts, lacerations",Hospitalization,1.0,0.0,0.0,0,INSUFFICIENT_INFORMATION,Unknown,,,,INSUFFICIENT_INFORMATION,Evidence Assessment (Observed Severity != SIF Precursor),HIGH,OSHA Severe Injury Reports
OSHA-2015010412,OSHA,2015010412,1/13/2015,522110,Severe Injury,"Fall on same level, unspecified",The employee fell as she was coming out of the restroom of the building's lobby.  The employee fell to the ground and broke her hip.,,,"Fall on same level, unspecified","Floor, n.e.c.",Fractures,,"MILWAUKEE, WISCONSIN","Floor, n.e.c.",YES,YES,Fractures,Hospitalization,1.0,0.0,0.0,0,INSUFFICIENT_INFORMATION,Gravity,,,,INSUFFICIENT_INFORMATION,Evidence Assessment (Observed Severity != SIF Precursor),HIGH,OSHA Severe Injury Reports
OSHA-2015010413,OSHA,2015010413,1/13/2015,326211,Severe Injury,"Caught in running equipment or machinery, unspecified","On or about January 13, 2015, at about 8:05 p.m., a temporary worker was hospitalized for a compound fracture. His arm got caught in and crushed by the rubber bucket mill rollers after his sleeve became caught in the machinery. He has had surgery for the injuries sustained.  He was employed by Aerotek, Inc. and placed at the Trelleborg Wheel Systems dba Maine Industrial Tire LLC Red Lion worksite.",,,"Caught in running equipment or machinery, unspecified","Other special process machinery, unspecified",Fractures,,"RED LION, PENNSYLVANIA","Other special process machinery, unspecified",YES,YES,Fractures,Hospitalization,1.0,0.0,0.0,0,INSUFFICIENT_INFORMATION,Kinetic,,,,INSUFFICIENT_INFORMATION,Evidence Assessment (Observed Severity != SIF Precursor),HIGH,OSHA Severe Injury Reports
OSHA-2015010415,OSHA,2015010415,1/13/2015,322211,Severe Injury,Compressed or pinched by shifting objects or equipment,Employee was struck by an avalanche of waxed corrugated paper resulting in an in-patient hospitalization and compound fracture to employee's left arm.,,,Compressed or pinched by shifting objects or equipment,"Paper, books, magazines, unspecified",Fractures,,"SAN BENITO, TEXAS","Paper, books, magazines, unspecified",YES,YES,Fractures,Hospitalization,1.0,0.0,0.0,0,INSUFFICIENT_INFORMATION,Kinetic,,,,INSUFFICIENT_INFORMATION,Evidence Assessment (Observed Severity != SIF Precursor),HIGH,OSHA Severe Injury Reports
OSHA-2015010416,OSHA,2015010416,1/13/2015,515210,Severe Injury,Other fall to lower level less than 6 feet,"On January 13, 2015, an employee was working at a residential site and fell 5 feet from a ladder onto the ground.  The employee was hospitalized overnight and had surgery on the arm on January 14, 2015.",,,Other fall to lower level less than 6 feet,"Ladders, unspecified","Soreness, pain, hurt-nonspecified injury",,"UTICA, OHIO","Ladders, unspecified",YES,YES,"Soreness, pain, hurt-nonspecified injury",Hospitalization,1.0,0.0,0.0,0,INSUFFICIENT_INFORMATION,Gravity,,,,INSUFFICIENT_INFORMATION,Evidence Assessment (Observed Severity != SIF Precursor),HIGH,OSHA Severe Injury Reports
OSHA-2015010417,OSHA,2015010417,1/13/2015,213112,Severe Injury,"Ignition of vapors, gases, or liquids","On January 13, 2015, the employees were in the process of changing a heater treater tube. The leaking fluid ignited causing severe burn injuries. One employee was sent to the Minnesota burn unit.",,,"Ignition of vapors, gases, or liquids","Coal, natural gas, petroleum fuels and products, unspecified","Heat (thermal) burns, unspecified",,"MANDAREE, NORTH DAKOTA","Coal, natural gas, petroleum fuels and products, unspecified",YES,YES,"Heat (thermal) burns, unspecified",Hospitalization,1.0,0.0,0.0,0,INSUFFICIENT_INFORMATION,Thermal,,,,INSUFFICIENT_INFORMATION,Evidence Assessment (Observed Severity != SIF Precursor),HIGH,OSHA Severe Injury Reports
OSHA-2015010418,OSHA,2015010418,1/13/2015,624229,Severe Injury,Fall on same level due to slipping ,An employee slipped and fell on the ice. The employee is hospitalized and awaiting surgery for a broken ankle.,,,Fall on same level due to slipping ,"Floors, walkways, ground surfaces, unspecified",Fractures,,"KETTERING, OHIO","Floors, walkways, ground surfaces, unspecified",YES,YES,Fractures,Hospitalization,1.0,0.0,0.0,0,INSUFFICIENT_INFORMATION,Gravity,,,,INSUFFICIENT_INFORMATION,Evidence Assessment (Observed Severity != SIF Precursor),HIGH,OSHA Severe Injury Reports
OSHA-2015010419,OSHA,2015010419,1/13/2015,722211,Severe Injury,Contact with hot objects or substances,An employee was burned while cleaning a cooking griddle.,,,Contact with hot objects or substances,"Ranges, cooking ovens, grills, toasters, food warmers","Heat (thermal) burns, unspecified",,"PASCAGOULA, MISSISSIPPI","Ranges, cooking ovens, grills, toasters, food warmers",YES,YES,"Heat (thermal) burns, unspecified",Hospitalization,1.0,0.0,0.0,0,INSUFFICIENT_INFORMATION,Thermal,,,,INSUFFICIENT_INFORMATION,Evidence Assessment (Observed Severity != SIF Precursor),HIGH,OSHA Severe Injury Reports
OSHA-2015010420,OSHA,2015010420,1/13/2015,112120,Severe Injury,"Caught in running equipment or machinery during maintenance, cleaning ",An employee oiling a chain on a manure spreader had his glove caught in a pinch point. The employee suffered an amputation to the right index and middle fingers at the middle knuckle.,,,"Caught in running equipment or machinery during maintenance, cleaning ",Spreading machinery-agricultural,Amputations,,"CLEVELAND, WISCONSIN",Spreading machinery-agricultural,YES,YES,Amputations,Amputation,0.0,1.0,0.0,0,INSUFFICIENT_INFORMATION,Kinetic,,,,INSUFFICIENT_INFORMATION,Evidence Assessment (Observed Severity != SIF Precursor),HIGH,OSHA Severe Injury Reports
OSHA-2015010422,OSHA,2015010422,1/13/2015,326111,Severe Injury,"Caught in running equipment or machinery during maintenance, cleaning ","Employee was performing maintenance on the Draw Tape Conversion #14 machine and removed the side panel to grease the sprocket and chain without locking out the machine, which was still running.  As he attempted to wipe down the sprocket with a rag, it got caught in the sprocket and pulled his left hand in, causing three fingers to be amputated: two fingers down to the nail, and one below the first knuckle.",,,"Caught in running equipment or machinery during maintenance, cleaning ","Special process machinery, unspecified",Amputations,,"MONTGOMERY, ALABAMA","Special process machinery, unspecified",YES,YES,Amputations,Amputation,0.0,1.0,0.0,0,INSUFFICIENT_INFORMATION,Kinetic,,,,INSUFFICIENT_INFORMATION,Evidence Assessment (Observed Severity != SIF Precursor),HIGH,OSHA Severe Injury Reports
OSHA-2015010423,OSHA,2015010423,1/13/2015,541712,Severe Injury,"Fall on same level, n.e.c. ",An employee fell to the floor while moving a pallet jack during material handling activities. Employee suffered a broken pelvis.,,,"Fall on same level, n.e.c. ","Floors, walkways, ground surfaces, unspecified",Fractures,,"GOLDEN, COLORADO","Floors, walkways, ground surfaces, unspecified",YES,YES,Fractures,Hospitalization,1.0,0.0,0.0,0,INSUFFICIENT_INFORMATION,Gravity,,,,INSUFFICIENT_INFORMATION,Evidence Assessment (Observed Severity != SIF Precursor),HIGH,OSHA Severe Injury Reports
OSHA-2015010424,OSHA,2015010424,1/13/2015,332999,Severe Injury,Struck against moving part of machinery or equipment,An employee lifted the guard on a table saw. His right hand came into contact with the moving saw blade amputating four fingers.,,,Struck against moving part of machinery or equipment,Table saws,Amputations,,"WILLACOOCHEE, GEORGIA",Table saws,YES,YES,Amputations,Hospitalization,1.0,1.0,0.0,0,INSUFFICIENT_INFORMATION,Unknown,,,,INSUFFICIENT_INFORMATION,Evidence Assessment (Observed Severity != SIF Precursor),HIGH,OSHA Severe Injury Reports
OSHA-2015010425,OSHA,2015010425,1/13/2015,213112,Severe Injury,"Struck by object or equipment, unspecified","An employee was injured and admitted to the hospital due to being struck by equipment during the movement of pipe while working on a work-over rig in Northeast Colorado. The accident occurred on November 13, 2015 at approximately 1:20 pm.",,,"Struck by object or equipment, unspecified","Tools, instruments, and equipment, unspecified","Traumatic injuries and disorders, unspecified",,"NEW RAYMER, COLORADO","Tools, instruments, and equipment, unspecified",YES,YES,"Traumatic injuries and disorders, unspecified",Hospitalization,1.0,0.0,0.0,0,INSUFFICIENT_INFORMATION,Kinetic,,,,INSUFFICIENT_INFORMATION,Evidence Assessment (Observed Severity != SIF Precursor),HIGH,OSHA Severe Injury Reports
OSHA-2015010426,OSHA,2015010426,1/13/2015,238160,Severe Injury,Other fall to lower level 11 to 15 feet ,An employee fell 12 feet from an aerial lift while laying ornamental sheet metal. The employee sustained a broken vertebrae.,,,Other fall to lower level 11 to 15 feet ,"Aerial lifts, scissor lifts-except truck-mounted",Fractures,,"LOVELAND, COLORADO","Aerial lifts, scissor lifts-except truck-mounted",YES,YES,Fractures,Hospitalization,1.0,0.0,0.0,0,INSUFFICIENT_INFORMATION,Gravity,,,,INSUFFICIENT_INFORMATION,Evidence Assessment (Observed Severity != SIF Precursor),HIGH,OSHA Severe Injury Reports
OSHA-2015010427,OSHA,2015010427,1/13/2015,562910,Severe Injury,Caught in running equipment or machinery during regular operation,"On January 13, 2015, at approximately 3:00 PM, Employee #1 was using a vacuum hose inside a tank when the vacuum caught his hand and pulled his arm in.  The vacuum was caught on Employee #1's arm for approximately 15 seconds before he alerted Employee #2, the attendant operating the equipment, who turned the vacuum off.  Approximately one hour later, Employee #1's arm began to swell.  He was taken to the hospital, and the swelling continued.  Incisions were made into the arm to relieve pressure, and the employee was admitted overnight.",,,Caught in running equipment or machinery during regular operation,Vacuum cleaners,"Soreness, pain, hurt-nonspecified injury",,"AUGUSTA, GEORGIA",Vacuum cleaners,YES,YES,"Soreness, pain, hurt-nonspecified injury",Hospitalization,1.0,0.0,0.0,0,INSUFFICIENT_INFORMATION,High Pressure/Pneumatic,,,,INSUFFICIENT_INFORMATION,Evidence Assessment (Observed Severity != SIF Precursor),HIGH,OSHA Severe Injury Reports
OSHA-2015010429,OSHA,2015010429,1/13/2015,238220,Severe Injury,Other fall to lower level 6 to 10 feet,"On or about 13 Jan 2015 at approximately 14:30hrs an employee fell approximately ten feet from a platform above a ceiling to the ground below suffering a fracture to his L1, cracked ribs, and broken teeth.",,,Other fall to lower level 6 to 10 feet,"Floor, n.e.c.",Fractures,,"FRANKLIN, MASSACHUSETTS","Floor, n.e.c.",YES,YES,Fractures,Hospitalization,1.0,0.0,0.0,0,INSUFFICIENT_INFORMATION,Gravity,,,,INSUFFICIENT_INFORMATION,Evidence Assessment (Observed Severity != SIF Precursor),HIGH,OSHA Severe Injury Reports
OSHA-2015010430,OSHA,2015010430,1/13/2015,312111,Severe Injury,Contact with hot objects or substances,Employee was sprayed with hot water from the condensate return line while steaming a railcar.  Employee incurred 2nd degree burns to the right thigh and knee.,,,Contact with hot objects or substances,Water,Second degree heat (thermal) burns,,"ALLENTOWN, PENNSYLVANIA",Water,YES,YES,Second degree heat (thermal) burns,Hospitalization,1.0,0.0,0.0,0,INSUFFICIENT_INFORMATION,High Pressure/Pneumatic,,,,INSUFFICIENT_INFORMATION,Evidence Assessment (Observed Severity != SIF Precursor),HIGH,OSHA Severe Injury Reports
OSHA-2015010433,OSHA,2015010433,1/13/2015,488320,Severe Injury,"Struck by falling object or equipment, n.e.c.","Employee was loading cargo in a chassis. While he was exiting the container, the chassis rolled away from the warehouse dock.  The forklift forks fell to the ground between the dock and the chassis and pinned him underneath.  The employee was pinned between the forks and the ground.  He was freed by the paramedics and transferred to Methodist Hospital downtown upon his request.",,,"Struck by falling object or equipment, n.e.c.","Forklift, order picker, platform truck-powered","Traumatic injuries and disorders, unspecified",,"SEABROOK, TEXAS","Forklift, order picker, platform truck-powered",YES,YES,"Traumatic injuries and disorders, unspecified",Hospitalization,1.0,0.0,0.0,0,INSUFFICIENT_INFORMATION,Gravity,,,,INSUFFICIENT_INFORMATION,Evidence Assessment (Observed Severity != SIF Precursor),HIGH,OSHA Severe Injury Reports
OSHA-2015010434,OSHA,2015010434,1/13/2015,326111,Severe Injury,"Struck by dislodged flying object, particle","An employee was working at Extruder #2 (piece of equipment used to melt plastic).  As equipment was started up, a piece of equipment blew off the machine and hit the employee in the leg.  The leg was severely gashed. EMS was called and the employee was transported to UMass Medical Center in Worcester, MA.",,,"Struck by dislodged flying object, particle",Extruding machinery,"Cuts, lacerations",,"ORANGE, MASSACHUSETTS",Extruding machinery,YES,YES,"Cuts, lacerations",Hospitalization,1.0,0.0,0.0,0,INSUFFICIENT_INFORMATION,Kinetic,,,,INSUFFICIENT_INFORMATION,Evidence Assessment (Observed Severity != SIF Precursor),HIGH,OSHA Severe Injury Reports
OSHA-2015010435,OSHA,2015010435,1/13/2015,812332,Severe Injury,"Exposure through intact skin, eyes, or other exposed tissue","On or about January 13, 2015, a maintenance employee of Cintas received a chemical spray of sodium hydroxide to the eyes and face requiring hospitalization.  The incident occurred during offloading of the sodium hydroxide from a contracted delivery service's truck (Hydrite).",,,"Exposure through intact skin, eyes, or other exposed tissue","Sodium and potassium hydroxide, potassium carbonate","Chemical burns and corrosions, unspecified",,"ROCKFORD, ILLINOIS","Sodium and potassium hydroxide, potassium carbonate",YES,YES,"Chemical burns and corrosions, unspecified",Hospitalization,1.0,0.0,0.0,0,INSUFFICIENT_INFORMATION,Chemical,,,,INSUFFICIENT_INFORMATION,Evidence Assessment (Observed Severity != SIF Precursor),HIGH,OSHA Severe Injury Reports
OSHA-2015010437,OSHA,2015010437,1/13/2015,325211,Severe Injury,Struck against moving part of machinery or equipment,Employee suffered an amputation on his left index finger while cutting conduit on a portable band saw.,,,Struck against moving part of machinery or equipment,"Saws-powered, except chainsaws",Amputations,,"ATHENS, ALABAMA","Saws-powered, except chainsaws",YES,YES,Amputations,Amputation,0.0,1.0,0.0,0,INSUFFICIENT_INFORMATION,Unknown,,,,INSUFFICIENT_INFORMATION,Evidence Assessment (Observed Severity != SIF Precursor),HIGH,OSHA Severe Injury Reports
OSHA-2015010438,OSHA,2015010438,1/13/2015,213111,Severe Injury,Injured by slipping or swinging object held by injured worker,An employee was making a connection with a drill fork when the speeding wrench struck the left hand smashing the middle finger on that hand.,,,Injured by slipping or swinging object held by injured worker,Wrenches-power not determined,Amputations,,"RUSK, TEXAS",Wrenches-power not determined,YES,YES,Amputations,Amputation,0.0,1.0,0.0,0,INSUFFICIENT_INFORMATION,Kinetic,,,,INSUFFICIENT_INFORMATION,Evidence Assessment (Observed Severity != SIF Precursor),HIGH,OSHA Severe Injury Reports
OSHA-2015010439,OSHA,2015010439,1/13/2015,423510,Severe Injury,Struck against moving part of machinery or equipment,An employee amputated the tip of his right index finger while operating a Kaster Vertical Saw in the saw department in the morning on 1/13/15.,,,Struck against moving part of machinery or equipment,"Sawing machinery-stationary, n.e.c.",Amputations,,"MASSILLON, OHIO","Sawing machinery-stationary, n.e.c.",YES,YES,Amputations,Amputation,0.0,1.0,0.0,0,INSUFFICIENT_INFORMATION,Unknown,,,,INSUFFICIENT_INFORMATION,Evidence Assessment (Observed Severity != SIF Precursor),HIGH,OSHA Severe Injury Reports
OSHA-2015010440,OSHA,2015010440,1/14/2015,237110,Severe Injury,"Struck by discharged or flying object, n.e.c.",An employee was struck in the shin by the fitting of a water hose when it whipped around after being blown with air from a compressor.,,,"Struck by discharged or flying object, n.e.c.",Hoses,"Soreness, pain, hurt-nonspecified injury",,"HAMMONTON, NEW JERSEY",Hoses,YES,YES,"Soreness, pain, hurt-nonspecified injury",Hospitalization,1.0,0.0,0.0,0,INSUFFICIENT_INFORMATION,Kinetic,,,,INSUFFICIENT_INFORMATION,Evidence Assessment (Observed Severity != SIF Precursor),HIGH,OSHA Severe Injury Reports
OSHA-2015010441,OSHA,2015010441,1/14/2015,213112,Severe Injury,"Struck by dislodged flying object, particle","On 1/14/2015 at approximately 11:23a.m. an employee was using a blow down system on a National 340 pump to blow out water in the hard line. Once the 4 inch suction hose was drained, the suction hose was disconnected and a cam lock was placed on the suction hose coming from the pump. The four inch butterfly valve for the suction was left open allowing air to pressure up against the cam lock cap. The employee used this system to build air and blow down the fluid in the tubing line to the tank. The employee was standing in front of the manifold and slightly to the right approximately one foot away. When the employee opened up the manifold, the cam lock cap popped free hitting him in the shin.",,,"Struck by dislodged flying object, particle","Caps, lids, covers, n.e.c.","Soreness, pain, hurt-nonspecified injury",,"GALETON, COLORADO","Caps, lids, covers, n.e.c.",YES,YES,"Soreness, pain, hurt-nonspecified injury",Hospitalization,1.0,0.0,0.0,0,INSUFFICIENT_INFORMATION,High Pressure/Pneumatic,,,,INSUFFICIENT_INFORMATION,Evidence Assessment (Observed Severity != SIF Precursor),HIGH,OSHA Severe Injury Reports
OSHA-2015010443,OSHA,2015010443,1/14/2015,332813,Severe Injury,"Contact with objects and equipment, unspecified",Employee amputated finger on a buffing wheel.,,,"Contact with objects and equipment, unspecified","Buffers, polishers, waxers-powered",Amputations,,"PIQUA, OHIO","Buffers, polishers, waxers-powered",YES,YES,Amputations,Amputation,0.0,1.0,0.0,0,INSUFFICIENT_INFORMATION,Unknown,,,,INSUFFICIENT_INFORMATION,Evidence Assessment (Observed Severity != SIF Precursor),HIGH,OSHA Severe Injury Reports
OSHA-2015010444,OSHA,2015010444,1/14/2015,237120,Severe Injury,"Struck by powered vehicle-nontransport, unspecified",An employee's foot was struck by an excavating machine.  The employee was admitted to the hospital and stayed overnight for surgery.,,,"Struck by powered vehicle-nontransport, unspecified","Excavating machinery, unspecified","Soreness, pain, hurt-nonspecified injury",,"SLIPPERY ROCK, PENNSYLVANIA","Excavating machinery, unspecified",YES,YES,"Soreness, pain, hurt-nonspecified injury",Hospitalization,1.0,0.0,0.0,0,INSUFFICIENT_INFORMATION,Kinetic,,,,INSUFFICIENT_INFORMATION,Evidence Assessment (Observed Severity != SIF Precursor),HIGH,OSHA Severe Injury Reports
OSHA-2015010445,OSHA,2015010445,1/14/2015,238160,Severe Injury,Other fall to lower level 6 to 10 feet,An employee cleaning up roofing material fell 7 feet off the edge of a roof.,,,Other fall to lower level 6 to 10 feet,Roof edges,"Traumatic injuries and disorders, unspecified",,"MELBOURNE BEACH, FLORIDA",Roof edges,YES,YES,"Traumatic injuries and disorders, unspecified",Hospitalization,1.0,0.0,0.0,0,INSUFFICIENT_INFORMATION,Gravity,,,,INSUFFICIENT_INFORMATION,Evidence Assessment (Observed Severity != SIF Precursor),HIGH,OSHA Severe Injury Reports
OSHA-2015010447,OSHA,2015010447,1/14/2015,423990,Severe Injury,"Nonroadway collision with object other than vehicle, n.e.c.",An employee was operating a reach forklift when he struck a pallet that forced him against a compartment of the forklift when it came to an abrupt stop.  The employee sustained injuries to the hip area that required an admission to the hospital.,,,"Nonroadway collision with object other than vehicle, n.e.c.","Forklift, order picker, platform truck-powered","Soreness, pain, hurt-nonspecified injury",,"TEMPLE, TEXAS","Forklift, order picker, platform truck-powered",YES,YES,"Soreness, pain, hurt-nonspecified injury",Hospitalization,1.0,0.0,0.0,0,INSUFFICIENT_INFORMATION,Kinetic,,,,INSUFFICIENT_INFORMATION,Evidence Assessment (Observed Severity != SIF Precursor),HIGH,OSHA Severe Injury Reports
OSHA-2015010448,OSHA,2015010448,1/14/2015,213112,Severe Injury,"Caught in running equipment or machinery during maintenance, cleaning ","An employee was unjamming a stuck granulated salt spreader used on the back of a truck to salt roads.  The employee reached into the impeller and chain components while the machine was running and something grabbed his right hand and amputated his right index finger past the nail bed, but before the first joint.",,,"Caught in running equipment or machinery during maintenance, cleaning ","Machinery, n.e.c.",Amputations,,"ULSTER, PENNSYLVANIA","Machinery, n.e.c.",YES,YES,Amputations,Hospitalization,1.0,1.0,0.0,0,INSUFFICIENT_INFORMATION,Kinetic,,,,INSUFFICIENT_INFORMATION,Evidence Assessment (Observed Severity != SIF Precursor),HIGH,OSHA Severe Injury Reports
OSHA-2015010450,OSHA,2015010450,1/14/2015,333911,Severe Injury,"Fall on same level while climbing stairs, steps, or curbs","The employee went to step up on a platform that leads away from and around the work area.  The employee tripped on the platform step (9 inches off of the floor) and landed on his right knee, breaking his femur.",,,"Fall on same level while climbing stairs, steps, or curbs",Machine platforms,Fractures,,"NEW BERLIN, WISCONSIN",Machine platforms,YES,YES,Fractures,Hospitalization,1.0,0.0,0.0,0,INSUFFICIENT_INFORMATION,Unknown,,,,INSUFFICIENT_INFORMATION,Evidence Assessment (Observed Severity != SIF Precursor),HIGH,OSHA Severe Injury Reports
OSHA-2015010451,OSHA,2015010451,1/14/2015,441110,Severe Injury,Fall on same level due to tripping over an object ,An employee tripped on a shelving unit and broke her pelvis.,,,Fall on same level due to tripping over an object ,"Floor, unspecified",Fractures,,"LEBANON, NEW HAMPSHIRE","Floor, unspecified",YES,YES,Fractures,Hospitalization,1.0,0.0,0.0,0,INSUFFICIENT_INFORMATION,Unknown,,,,INSUFFICIENT_INFORMATION,Evidence Assessment (Observed Severity != SIF Precursor),HIGH,OSHA Severe Injury Reports
OSHA-2015010452,OSHA,2015010452,1/14/2015,238120,Severe Injury,Compressed or pinched by shifting objects or equipment,"An employee was pinched between an aerial lift and walkway. While attempting to come down, the lift acted abnormally. It instead went up and pinched the employee between the lift and walkway.",,,Compressed or pinched by shifting objects or equipment,"Aerial lifts, scissor lifts-except truck-mounted","Traumatic injuries and disorders, unspecified",,"BAY LAKE, FLORIDA","Aerial lifts, scissor lifts-except truck-mounted",YES,YES,"Traumatic injuries and disorders, unspecified",Hospitalization,1.0,0.0,0.0,0,INSUFFICIENT_INFORMATION,Kinetic,,,,INSUFFICIENT_INFORMATION,Evidence Assessment (Observed Severity != SIF Precursor),HIGH,OSHA Severe Injury Reports
OSHA-2015010453,OSHA,2015010453,1/14/2015,311942,Severe Injury,Part of occupant s body caught between vehicle and other object in nonroadway transport incident,"An employee in PIV training was operating a stand-up forklift. He backed into a metal rack, causing himself to be pinned between the PIV and the metal rack.",,,Part of occupant s body caught between vehicle and other object in nonroadway transport incident,"Forklift, order picker, platform truck-powered","Traumatic injuries and disorders, unspecified",,"OAK CREEK, WISCONSIN","Forklift, order picker, platform truck-powered",YES,YES,"Traumatic injuries and disorders, unspecified",Hospitalization,1.0,0.0,0.0,0,INSUFFICIENT_INFORMATION,Unknown,,,,INSUFFICIENT_INFORMATION,Evidence Assessment (Observed Severity != SIF Precursor),HIGH,OSHA Severe Injury Reports
OSHA-2015010454,OSHA,2015010454,1/14/2015,327420,Severe Injury,"Contact with objects and equipment, unspecified",An employee amputated a fingertip while working on equipment in the workplace.,,,"Contact with objects and equipment, unspecified","Tools, instruments, and equipment, unspecified",Amputations,,"ALIQUIPPA, PENNSYLVANIA","Tools, instruments, and equipment, unspecified",YES,YES,Amputations,Amputation,0.0,1.0,0.0,0,INSUFFICIENT_INFORMATION,Unknown,,,,INSUFFICIENT_INFORMATION,Evidence Assessment (Observed Severity != SIF Precursor),HIGH,OSHA Severe Injury Reports
OSHA-2015010455,OSHA,2015010455,1/14/2015,493110,Severe Injury,"Nonroadway collision with object other than vehicle, n.e.c.","An employee lost control of an electric pallet jack when unloading products from a trailer.  The pallet jack hit the dock plate and the handle struck the employee in the stomach, pinning him against the wall of the trailer.",,,"Nonroadway collision with object other than vehicle, n.e.c.",Pallet jack-powered,"Traumatic injuries and disorders, unspecified",,"PLANT CITY, FLORIDA",Pallet jack-powered,YES,YES,"Traumatic injuries and disorders, unspecified",Hospitalization,1.0,0.0,0.0,0,INSUFFICIENT_INFORMATION,Electrical,,,,INSUFFICIENT_INFORMATION,Evidence Assessment (Observed Severity != SIF Precursor),HIGH,OSHA Severe Injury Reports
OSHA-2015010456,OSHA,2015010456,1/14/2015,491110,Severe Injury,"Contact with objects and equipment, n.e.c.","On 1/14/15, an employee on his mail route accidentally swallowed a pen cap. The pen cap traveled to the employee's lung. The employee was hospitalized.",,,"Contact with objects and equipment, n.e.c.",Pens and pencils,"Soreness, pain, hurt-nonspecified injury",,"PORTERVILLE, CALIFORNIA",Pens and pencils,YES,YES,"Soreness, pain, hurt-nonspecified injury",Hospitalization,1.0,0.0,0.0,0,INSUFFICIENT_INFORMATION,Unknown,,,,INSUFFICIENT_INFORMATION,Evidence Assessment (Observed Severity != SIF Precursor),HIGH,OSHA Severe Injury Reports
OSHA-2015010457,OSHA,2015010457,1/14/2015,333611,Severe Injury,Struck against moving part of machinery or equipment,An employee sustained injuries to his ring and index finger while cutting a piece of wood on a table saw.  At the time of the injury on 1/14/15 it was believed that the employee had sustained lacerations to the fingers.  It was later found out on 2/4/15 that the injury to the index finger  resulted in an amputation while the employee was under medical treatment.,,,Struck against moving part of machinery or equipment,Table saws,Amputations,,"WARREN, RHODE ISLAND",Table saws,YES,YES,Amputations,Amputation,0.0,1.0,0.0,0,INSUFFICIENT_INFORMATION,Unknown,,,,INSUFFICIENT_INFORMATION,Evidence Assessment (Observed Severity != SIF Precursor),HIGH,OSHA Severe Injury Reports
OSHA-2015010458,OSHA,2015010458,1/14/2015,336212,Severe Injury,Struck against moving part of machinery or equipment,An employee was trying to pull down a guard on a miter saw when he had his left thumb amputated.,,,Struck against moving part of machinery or equipment,"Sawing machinery-stationary, n.e.c.",Amputations,,"MEXIA, TEXAS","Sawing machinery-stationary, n.e.c.",YES,YES,Amputations,Hospitalization,1.0,1.0,0.0,0,INSUFFICIENT_INFORMATION,Unknown,,,,INSUFFICIENT_INFORMATION,Evidence Assessment (Observed Severity != SIF Precursor),HIGH,OSHA Severe Injury Reports
OSHA-2015010459,OSHA,2015010459,1/14/2015,332420,Severe Injury,"Fall on same level, n.e.c. ","Worker operating a small press brake was struck in the neck by the piece that was being bent. The worker passed out, fell over a stool/chair, and struck his head on the concrete floor. He was transported to the local hospital in Parsons where he was treated, and then transported to Via Christi in Wichita where he remains hospitalized.",,,"Fall on same level, n.e.c. ","Floor, n.e.c.","Intracranial injuries, unspecified",,"PARSONS, KANSAS","Floor, n.e.c.",YES,YES,"Intracranial injuries, unspecified",Hospitalization,1.0,0.0,0.0,0,INSUFFICIENT_INFORMATION,Gravity,,,,INSUFFICIENT_INFORMATION,Evidence Assessment (Observed Severity != SIF Precursor),HIGH,OSHA Severe Injury Reports
OSHA-2015010461,OSHA,2015010461,1/14/2015,332312,Severe Injury,"Other fall to lower level, unspecified",Employee suffered a critical head injury when he fell off an extension ladder while welding at a steel building construction site.,,,"Other fall to lower level, unspecified",Extension ladders,"Intracranial injuries, unspecified",,"BERTHOUD, COLORADO",Extension ladders,YES,YES,"Intracranial injuries, unspecified",Hospitalization,1.0,0.0,0.0,0,INSUFFICIENT_INFORMATION,Gravity,,,,INSUFFICIENT_INFORMATION,Evidence Assessment (Observed Severity != SIF Precursor),HIGH,OSHA Severe Injury Reports
OSHA-2015010462,OSHA,2015010462,1/14/2015,484121,Severe Injury,"Struck by swinging or slipping object, other than handheld, unspecified  ",Employee was connecting the jiff to a trailer. Employee smashed his thumb between the jiff and the trailer connector.,,,"Struck by swinging or slipping object, other than handheld, unspecified  ",Trailers,"Soreness, pain, hurt-nonspecified injury",,"EL PASO, TEXAS",Trailers,YES,YES,"Soreness, pain, hurt-nonspecified injury",Hospitalization,1.0,0.0,0.0,0,INSUFFICIENT_INFORMATION,Unknown,,,,INSUFFICIENT_INFORMATION,Evidence Assessment (Observed Severity != SIF Precursor),HIGH,OSHA Severe Injury Reports
OSHA-2015010463,OSHA,2015010463,1/14/2015,445110,Severe Injury,"Ignition of vapors, gases, or liquids","At approximately 4:30 PM on January 14, 2015, an employee was lighting a gas grill to prepare lunch for employees during a work gathering.  The grill flashed, resulting in minor burns to the employee's arm and face.  The employee went to an urgent care facility, and then a hospital, where he was admitted at approximately 9:30 PM, and kept overnight.",,,"Ignition of vapors, gases, or liquids","Ranges, cooking ovens, grills, toasters, food warmers","Heat (thermal) burns, unspecified",,"DACULA, GEORGIA","Ranges, cooking ovens, grills, toasters, food warmers",YES,YES,"Heat (thermal) burns, unspecified",Hospitalization,1.0,0.0,0.0,0,INSUFFICIENT_INFORMATION,Thermal,,,,INSUFFICIENT_INFORMATION,Evidence Assessment (Observed Severity != SIF Precursor),HIGH,OSHA Severe Injury Reports
OSHA-2015010464,OSHA,2015010464,1/14/2015,321113,Severe Injury,"Caught in running equipment or machinery during maintenance, cleaning ",A piece of wood was jammed in the splitter. The employee tried to unjam it by crawling up onto the machine before the saw had stopped. Somehow his thigh came into contact with the saw. The saw was idling down after being turned off.,,,"Caught in running equipment or machinery during maintenance, cleaning ","Logging and wood processing machinery-specialized, n.e.c.","Traumatic injuries and disorders, unspecified",,"LEWISBURG, PENNSYLVANIA","Logging and wood processing machinery-specialized, n.e.c.",YES,YES,"Traumatic injuries and disorders, unspecified",Hospitalization,1.0,0.0,0.0,0,INSUFFICIENT_INFORMATION,Kinetic,,,,INSUFFICIENT_INFORMATION,Evidence Assessment (Observed Severity != SIF Precursor),HIGH,OSHA Severe Injury Reports
OSHA-2015010465,OSHA,2015010465,1/14/2015,237110,Severe Injury,Other fall to lower level 16 to 20 feet,An employee fell 16 feet from a conical cover on a tank.,,,Other fall to lower level 16 to 20 feet,"Tanks, bins, vats-nonconfined space","Traumatic injuries and disorders, unspecified",,"NEW YORK, NEW YORK","Tanks, bins, vats-nonconfined space",YES,YES,"Traumatic injuries and disorders, unspecified",Hospitalization,1.0,0.0,0.0,0,INSUFFICIENT_INFORMATION,Gravity,,,,INSUFFICIENT_INFORMATION,Evidence Assessment (Observed Severity != SIF Precursor),HIGH,OSHA Severe Injury Reports
OSHA-2015010466,OSHA,2015010466,1/14/2015,238290,Severe Injury,Other fall to lower level 21 to 25 feet ,"An employee, in the process of dismantling a scaffold, climbed the scaffold ladder to approximately 25 feet and stepped off onto a pipe header.  Once on the pipe header, the employee slipped off and fell 25 feet to the ground below where he suffered a right arm compound fracture, a right elbow dislocation, and a fractured pelvis.  A yo-yo tie off was available that the employee was not using. The incident occurred at the 100 rack at the enterprise construction site.",,,Other fall to lower level 21 to 25 feet ,"Scaffolds-staging, unspecified",Fractures and dislocations,,"HOUSTON, TEXAS","Scaffolds-staging, unspecified",YES,YES,Fractures and dislocations,Hospitalization,1.0,0.0,0.0,0,INSUFFICIENT_INFORMATION,Gravity,,,,INSUFFICIENT_INFORMATION,Evidence Assessment (Observed Severity != SIF Precursor),HIGH,OSHA Severe Injury Reports
OSHA-2015010467,OSHA,2015010467,1/14/2015,325211,Severe Injury,Compressed or pinched by shifting objects or equipment,"On January 14, 2015, an employee was pinned between a 4,000 lb motor and the wall of an elevator, when the motor and cart slid from the forks of the truck. The employee suffered a fracture to the right femur.",,,Compressed or pinched by shifting objects or equipment,Motors other than vehicle,Fractures,,"APPLE GROVE, WEST VIRGINIA",Motors other than vehicle,YES,YES,Fractures,Hospitalization,1.0,0.0,0.0,0,INSUFFICIENT_INFORMATION,Unknown,,,,INSUFFICIENT_INFORMATION,Evidence Assessment (Observed Severity != SIF Precursor),HIGH,OSHA Severe Injury Reports
OSHA-2015010468,OSHA,2015010468,1/14/2015,339112,Severe Injury,"Fall, slip, trip, unspecified ",Employee slipped while sweeping and injured back and right leg.,,,"Fall, slip, trip, unspecified ","Floors, walkways, ground surfaces, unspecified","Soreness, pain, hurt-nonspecified injury",,"ROUND LAKE, ILLINOIS","Floors, walkways, ground surfaces, unspecified",YES,YES,"Soreness, pain, hurt-nonspecified injury",Hospitalization,1.0,0.0,0.0,0,INSUFFICIENT_INFORMATION,Unknown,,,,INSUFFICIENT_INFORMATION,Evidence Assessment (Observed Severity != SIF Precursor),HIGH,OSHA Severe Injury Reports
OSHA-2015010469,OSHA,2015010469,1/14/2015,532412,Severe Injury,Fall on same level due to slipping ,An employee was injured when he fell on ice and broke his leg.,,,Fall on same level due to slipping ,"Floors, walkways, ground surfaces, unspecified",Fractures,,"LOVELAND, COLORADO","Floors, walkways, ground surfaces, unspecified",YES,YES,Fractures,Hospitalization,1.0,0.0,0.0,0,INSUFFICIENT_INFORMATION,Gravity,,,,INSUFFICIENT_INFORMATION,Evidence Assessment (Observed Severity != SIF Precursor),HIGH,OSHA Severe Injury Reports
OSHA-2015010470,OSHA,2015010470,1/14/2015,331511,Severe Injury,"Struck against stationary object or equipment, n.e.c.",Employee backed up against a Salamander (heating unit) to get warm and caught the back of his right pant leg on fire. Employee suffered burns to the back of his upper right leg.,,,"Struck against stationary object or equipment, n.e.c.","Furnaces, heaters","Heat (thermal) burns, unspecified",,"DECATUR, ILLINOIS","Furnaces, heaters",YES,YES,"Heat (thermal) burns, unspecified",Hospitalization,1.0,0.0,0.0,0,INSUFFICIENT_INFORMATION,Thermal,,,,INSUFFICIENT_INFORMATION,Evidence Assessment (Observed Severity != SIF Precursor),HIGH,OSHA Severe Injury Reports
OSHA-2015010471,OSHA,2015010471,1/14/2015,492110,Severe Injury,Trip over an object without fall,The employee was walking on the property when he tripped over a concrete parking stop and injured his right knee.,,,Trip over an object without fall,"Bodily motion or position of injured, ill worker","Soreness, pain, hurt-nonspecified injury",,"FORT WORTH, TEXAS","Bodily motion or position of injured, ill worker",YES,YES,"Soreness, pain, hurt-nonspecified injury",Hospitalization,1.0,0.0,0.0,0,INSUFFICIENT_INFORMATION,Unknown,,,,INSUFFICIENT_INFORMATION,Evidence Assessment (Observed Severity != SIF Precursor),HIGH,OSHA Severe Injury Reports
OSHA-2015010472,OSHA,2015010472,1/14/2015,332996,Severe Injury,"Contact with objects and equipment, unspecified",An employee was engaging in pipe fitting using a portable grinder and received an amputation to his finger padding.,,,"Contact with objects and equipment, unspecified",Hand grinders-powered,Amputations,,"CARTERSVILLE, GEORGIA",Hand grinders-powered,YES,YES,Amputations,Amputation,0.0,1.0,0.0,0,INSUFFICIENT_INFORMATION,Unknown,,,,INSUFFICIENT_INFORMATION,Evidence Assessment (Observed Severity != SIF Precursor),HIGH,OSHA Severe Injury Reports
OSHA-2015010473,OSHA,2015010473,1/14/2015,311919,Severe Injury,"Caught in running equipment or machinery during maintenance, cleaning ",Employee was working on the high-speed packing line when a belt came off of the pulley. He suffered an amputation of the tip of his left index finger while trying to re-mount the conveyor belt while it was in motion.,,,"Caught in running equipment or machinery during maintenance, cleaning ",Conveyors-belt,Amputations,,"PARKER, COLORADO",Conveyors-belt,YES,YES,Amputations,Amputation,0.0,1.0,0.0,0,INSUFFICIENT_INFORMATION,Unknown,,,,INSUFFICIENT_INFORMATION,Evidence Assessment (Observed Severity != SIF Precursor),HIGH,OSHA Severe Injury Reports
OSHA-2015010474,OSHA,2015010474,1/14/2015,331221,Severe Injury,"Caught in running equipment or machinery, unspecified",An employee was hospitalized after sustaining an injury to his right ring finger in the coil bay.  The employee caught his right ring finger between a C-hook and a coil while operating an overhead crane remotely.,,,"Caught in running equipment or machinery, unspecified","Cranes, unspecified","Soreness, pain, hurt-nonspecified injury",,"INDIANOLA, PENNSYLVANIA","Cranes, unspecified",YES,YES,"Soreness, pain, hurt-nonspecified injury",Hospitalization,1.0,0.0,0.0,0,INSUFFICIENT_INFORMATION,Kinetic,,,,INSUFFICIENT_INFORMATION,Evidence Assessment (Observed Severity != SIF Precursor),HIGH,OSHA Severe Injury Reports
OSHA-2015010475,OSHA,2015010475,1/14/2015,491110,Severe Injury,Fall on same level due to slipping ,"An employee was delivering a package to a residence.  When the employee walked up the driveway, she encountered a slick spot due to ice.  The employee fell and broke her left leg in two places.",,,Fall on same level due to slipping ,"Street, road, driveway, unspecified",Fractures,,"PLAINFIELD, INDIANA","Street, road, driveway, unspecified",YES,YES,Fractures,Hospitalization,1.0,0.0,0.0,0,INSUFFICIENT_INFORMATION,Gravity,,,,INSUFFICIENT_INFORMATION,Evidence Assessment (Observed Severity != SIF Precursor),HIGH,OSHA Severe Injury Reports
OSHA-2015010476,OSHA,2015010476,1/14/2015,322211,Severe Injury,"Caught in running equipment or machinery, unspecified","The employee was checking the ink level on a print department machine without shutting it down.  As the employee reached in to check the ink tray, the employee's shirt was pulled into a roller or shaft.  The employee's left arm and shoulder were subsequently pulled into the machine.  The employee was able to pull the arm free, but suffered lacerations to the left arm and injured the shoulder.  The employee was transported to Freemont Medical Center and then transferred to a hospital in Omaha.",,,"Caught in running equipment or machinery, unspecified","Printing machinery and equipment, unspecified",Cuts and abrasions or bruises,,"FREMONT, NEBRASKA","Printing machinery and equipment, unspecified",YES,YES,Cuts and abrasions or bruises,Hospitalization,1.0,0.0,0.0,0,INSUFFICIENT_INFORMATION,Kinetic,,,,INSUFFICIENT_INFORMATION,Evidence Assessment (Observed Severity != SIF Precursor),HIGH,OSHA Severe Injury Reports
OSHA-2015010477,OSHA,2015010477,1/14/2015,483211,Severe Injury,Contact with hot objects or substances,Employee was burned while unloading asphalt from a transportation vessel. The employee was in the process of cleaning the transfer lines from the vessel when he was burned on his face and arms.,,,Contact with hot objects or substances,"Paving asphalt, asphaltic cement","Heat (thermal) burns, unspecified",,"CATOOSA, OKLAHOMA","Paving asphalt, asphaltic cement",YES,YES,"Heat (thermal) burns, unspecified",Hospitalization,1.0,0.0,0.0,0,INSUFFICIENT_INFORMATION,Thermal,,,,INSUFFICIENT_INFORMATION,Evidence Assessment (Observed Severity != SIF Precursor),HIGH,OSHA Severe Injury Reports
OSHA-2015010012,OSHA,2015010012,1/15/2015,336992,Severe Injury,"Struck by falling object or equipment, unspecified","On or about January 20, 2015, an employee was injured when a large metal plate fell on the right foot.  Toes on the foot were subsequently amputated as a result of the injuries.",,,"Struck by falling object or equipment, unspecified","Metal plates, metal panels",Amputations,,"LIMA, OHIO","Metal plates, metal panels",YES,YES,Amputations,Amputation,0.0,1.0,0.0,0,INSUFFICIENT_INFORMATION,Gravity,,,,INSUFFICIENT_INFORMATION,Evidence Assessment (Observed Severity != SIF Precursor),HIGH,OSHA Severe Injury Reports
OSHA-2015010478,OSHA,2015010478,1/15/2015,213112,Severe Injury,Inhalation of harmful substance-single episode,"Frac technicians conducting monitoring operations on water levels of gauging tanks during oil and gas drilling operations are potentially overexposed to air contaminants and respiratory irritants such as chlorine, hydrogen sulfide, and benzene.  Recently, an employee was admitted to the hospital for observation and treatment after suffering from an extreme coughing episode after working a monitoring shift at the worksite.  A second employee was treated and released.",,,Inhalation of harmful substance-single episode,"Chlorine, chlorine bleach","Symptoms involving respiratory system and chest, n.e.c.",,"BUTLER, PENNSYLVANIA","Chlorine, chlorine bleach",YES,YES,"Symptoms involving respiratory system and chest, n.e.c.",Hospitalization,1.0,0.0,0.0,0,INSUFFICIENT_INFORMATION,Unknown,,,,INSUFFICIENT_INFORMATION,Evidence Assessment (Observed Severity != SIF Precursor),HIGH,OSHA Severe Injury Reports
OSHA-2015010481,OSHA,2015010481,1/15/2015,311615,Severe Injury,Caught in running equipment or machinery during regular operation,Employee suffered an amputation of his right index finger while putting a bird's leg back into a shackle in the picking room. Employee's finger got caught in the moving shackle.,,,Caught in running equipment or machinery during regular operation,Butchering machinery,Amputations,,"GADSDEN, ALABAMA",Butchering machinery,YES,YES,Amputations,Amputation,0.0,1.0,0.0,0,INSUFFICIENT_INFORMATION,Kinetic,,,,INSUFFICIENT_INFORMATION,Evidence Assessment (Observed Severity != SIF Precursor),HIGH,OSHA Severe Injury Reports
OSHA-2015010482,OSHA,2015010482,1/15/2015,312111,Severe Injury,"Caught in running equipment or machinery during maintenance, cleaning ",Employee removed machine guards to check the bearings. The machine engaged and his finger was pinched between the ball gear and bearings. The finger was amputated below the finger nail first knuckle.,,,"Caught in running equipment or machinery during maintenance, cleaning ","Special process machinery, unspecified",Amputations,,"DALLAS, TEXAS","Special process machinery, unspecified",YES,YES,Amputations,Amputation,0.0,1.0,0.0,0,INSUFFICIENT_INFORMATION,Kinetic,,,,INSUFFICIENT_INFORMATION,Evidence Assessment (Observed Severity != SIF Precursor),HIGH,OSHA Severe Injury Reports
OSHA-2015010484,OSHA,2015010484,1/15/2015,623312,Severe Injury,Fall on same level due to slipping ,"While walking into the dining manager's office from the stove area, an employee slipped on the threshold of the office door and landed on his left elbow and onto his back. Preliminary diagnosis was concussion without loss of consciousness, acute headache, cervical sprain, thoracic spine sprain, and lumbar spine sprain.",,,Fall on same level due to slipping ,"Floor, n.e.c.","Sprains and other injuries, n.e.c.",,"ALTAMONTE SPRINGS, FLORIDA","Floor, n.e.c.",YES,YES,"Sprains and other injuries, n.e.c.",Hospitalization,1.0,0.0,0.0,0,INSUFFICIENT_INFORMATION,Unknown,,,,INSUFFICIENT_INFORMATION,Evidence Assessment (Observed Severity != SIF Precursor),HIGH,OSHA Severe Injury Reports
OSHA-2015010487,OSHA,2015010487,1/15/2015,444130,Severe Injury,Other fall to lower level less than 6 feet,An employee fell from the platform of a 3-step ladder when taking products down from the shelf.,,,Other fall to lower level less than 6 feet,Step ladders,"Traumatic injuries and disorders, unspecified",,"ALTAMONTE SPRINGS, FLORIDA",Step ladders,YES,YES,"Traumatic injuries and disorders, unspecified",Hospitalization,1.0,0.0,0.0,0,INSUFFICIENT_INFORMATION,Gravity,,,,INSUFFICIENT_INFORMATION,Evidence Assessment (Observed Severity != SIF Precursor),HIGH,OSHA Severe Injury Reports
OSHA-2015010488,OSHA,2015010488,1/15/2015,326122,Severe Injury,Compressed or pinched between two stationary objects,"Employee was rebilling pipe. While placing a spacer board between the pipe and pipe pusher, his finger got caught between the two, skinning the tip of his finger.",,,Compressed or pinched between two stationary objects,"Plastic, PVC, or rubber pipes and tubing",Amputations,,"LUBBOCK, TEXAS","Plastic, PVC, or rubber pipes and tubing",YES,YES,Amputations,Amputation,0.0,1.0,0.0,0,INSUFFICIENT_INFORMATION,Kinetic,,,,INSUFFICIENT_INFORMATION,Evidence Assessment (Observed Severity != SIF Precursor),HIGH,OSHA Severe Injury Reports
OSHA-2015010489,OSHA,2015010489,1/15/2015,311615,Severe Injury,Caught in running equipment or machinery during regular operation,"On January 15, 2015, at approximately 2:45 a.m., Employee #1 experienced a laceration to the right little finger while operating equipment used to remove the breast and tenders from the bird. The employee was taken to the hospital, where it was determined that a surgical amputation was necessary.",,,Caught in running equipment or machinery during regular operation,Butchering machinery,Amputations,,"PERRY, GEORGIA",Butchering machinery,YES,YES,Amputations,Amputation,0.0,1.0,0.0,0,INSUFFICIENT_INFORMATION,Unknown,,,,INSUFFICIENT_INFORMATION,Evidence Assessment (Observed Severity != SIF Precursor),HIGH,OSHA Severe Injury Reports
OSHA-2015010491,OSHA,2015010491,1/15/2015,311615,Severe Injury,Struck against moving part of machinery or equipment,"Following flashlight failure during a pre-op inspection, employee was pointing to sanitation and contacted the belt with the right index finger, avulsing the fingertip and fracturing the bone. Employee was transported to the hospital where the fingertip and bone were amputated.",,,Struck against moving part of machinery or equipment,Butchering machinery,Amputations,,"IRVING, TEXAS",Butchering machinery,YES,YES,Amputations,Hospitalization,1.0,0.0,0.0,0,INSUFFICIENT_INFORMATION,Unknown,,,,INSUFFICIENT_INFORMATION,Evidence Assessment (Observed Severity != SIF Precursor),HIGH,OSHA Severe Injury Reports
OSHA-2015010493,OSHA,2015010493,1/15/2015,111310,Severe Injury,"Caught in running equipment or machinery during maintenance, cleaning ","An employee's finger tip on the right hand was deeply cut when his finger slipped under the conveyer belt while adjusting the tension chain.  

At the McAllen Medical Hospital the doctor amputated the fingertip.",,,"Caught in running equipment or machinery during maintenance, cleaning ",Conveyors-belt,Amputations,,"MISSION, TEXAS",Conveyors-belt,YES,YES,Amputations,Hospitalization,1.0,1.0,0.0,0,INSUFFICIENT_INFORMATION,Unknown,,,,INSUFFICIENT_INFORMATION,Evidence Assessment (Observed Severity != SIF Precursor),HIGH,OSHA Severe Injury Reports
OSHA-2015010494,OSHA,2015010494,1/15/2015,332991,Severe Injury,"Caught in running equipment or machinery during maintenance, cleaning ","An employee was presetting a roller channel machine.  While presetting the chuck, a jam occurred.  The employee tried to clear the jam.  The pusher activated and pinched the tip of the employee's right index finger.  The employee went to the emergency room, which documented the injury as an amputation.",,,"Caught in running equipment or machinery during maintenance, cleaning ","Metal, woodworking, and special material machinery, unspecified",Amputations,,"HANOVER, PENNSYLVANIA","Metal, woodworking, and special material machinery, unspecified",YES,YES,Amputations,Amputation,0.0,1.0,0.0,0,INSUFFICIENT_INFORMATION,Kinetic,,,,INSUFFICIENT_INFORMATION,Evidence Assessment (Observed Severity != SIF Precursor),HIGH,OSHA Severe Injury Reports
OSHA-2015010495,OSHA,2015010495,1/15/2015,332999,Severe Injury,Part of occupant s body caught between vehicle and other object in nonroadway transport incident,An employee stuck his leg out of a golf cart while operating it and when he lost control of the buggy due to contact with water or slush on the shop floor his leg struck a pole causing a fracture that required hospitalization and surgery.,,,Part of occupant s body caught between vehicle and other object in nonroadway transport incident,"Golf cart, personnel transport cart",Fractures,,"SHELBY, OHIO","Golf cart, personnel transport cart",YES,YES,Fractures,Hospitalization,1.0,0.0,0.0,0,INSUFFICIENT_INFORMATION,Kinetic,,,,INSUFFICIENT_INFORMATION,Evidence Assessment (Observed Severity != SIF Precursor),HIGH,OSHA Severe Injury Reports
OSHA-2015010496,OSHA,2015010496,1/15/2015,336611,Severe Injury,Trip over an object without fall,An employee was walking on a catwalk when he tripped on an object that protruded from the floor of the walkway and broke his left femur.,,,Trip over an object without fall,"Bodily motion or position of injured, ill worker",Fractures,,"PORTSMOUTH, VIRGINIA","Bodily motion or position of injured, ill worker",YES,YES,Fractures,Hospitalization,1.0,0.0,0.0,0,INSUFFICIENT_INFORMATION,Unknown,,,,INSUFFICIENT_INFORMATION,Evidence Assessment (Observed Severity != SIF Precursor),HIGH,OSHA Severe Injury Reports
OSHA-2015010497,OSHA,2015010497,1/15/2015,238320,Severe Injury,"Other fall to lower level, unspecified",Employee fell from the roof while descending a ladder and was hospitalized.,,,"Other fall to lower level, unspecified","Ladders, unspecified","Traumatic injuries and disorders, unspecified",,"DAVIE, FLORIDA","Ladders, unspecified",YES,YES,"Traumatic injuries and disorders, unspecified",Hospitalization,1.0,0.0,0.0,0,INSUFFICIENT_INFORMATION,Gravity,,,,INSUFFICIENT_INFORMATION,Evidence Assessment (Observed Severity != SIF Precursor),HIGH,OSHA Severe Injury Reports
OSHA-2015010498,OSHA,2015010498,1/15/2015,336214,Severe Injury,"Caught in running equipment or machinery, unspecified","On January 15, 2015, the employee was caught between equipment and suffered serious injuries while operating a saw machine located at 2130 Third Avenue NW in West Fargo, North Dakota.",,,"Caught in running equipment or machinery, unspecified","Sawing machinery-stationary, unspecified","Traumatic injuries and disorders, unspecified",,"WEST FARGO, NORTH DAKOTA","Sawing machinery-stationary, unspecified",YES,YES,"Traumatic injuries and disorders, unspecified",Hospitalization,1.0,0.0,0.0,0,INSUFFICIENT_INFORMATION,Kinetic,,,,INSUFFICIENT_INFORMATION,Evidence Assessment (Observed Severity != SIF Precursor),HIGH,OSHA Severe Injury Reports
OSHA-2015010499,OSHA,2015010499,1/15/2015,332323,Severe Injury,"Other fall to lower level, unspecified",Maintenance employee suffered a hip injury from a fall to a lower level when he fell off a ladder.,,,"Other fall to lower level, unspecified","Ladders, unspecified","Soreness, pain, hurt-nonspecified injury",,"BIRMINGHAM, ALABAMA","Ladders, unspecified",YES,YES,"Soreness, pain, hurt-nonspecified injury",Hospitalization,1.0,0.0,0.0,0,INSUFFICIENT_INFORMATION,Gravity,,,,INSUFFICIENT_INFORMATION,Evidence Assessment (Observed Severity != SIF Precursor),HIGH,OSHA Severe Injury Reports
OSHA-2015010501,OSHA,2015010501,1/15/2015,484121,Severe Injury,"Other fall to lower level, unspecified",Employee fell off of a flatbed tractor trailer bed while strapping down a palletized load.  Employee suffered a leg injury and was taken to a local hospital and admitted.,,,"Other fall to lower level, unspecified","Semi, tractor-trailer, tanker truck","Soreness, pain, hurt-nonspecified injury",,"KINGWOOD, WEST VIRGINIA","Semi, tractor-trailer, tanker truck",YES,YES,"Soreness, pain, hurt-nonspecified injury",Hospitalization,1.0,0.0,0.0,0,INSUFFICIENT_INFORMATION,Gravity,,,,INSUFFICIENT_INFORMATION,Evidence Assessment (Observed Severity != SIF Precursor),HIGH,OSHA Severe Injury Reports
OSHA-2015010502,OSHA,2015010502,1/15/2015,424490,Severe Injury,"Fall on same level, n.e.c. ","Employee was making a delivery and parked the tractor trailer behind Walgreens at 9th & Shipley.  The tractor trailer caught a low hanging wire from overhead poles on the front driver's side corner of the trailer.  The driver attempted to remove the wire from the trailer catwalk and then attempted to remove the corner cap from the trailer.  The cap came loose suddenly, hit the associate in the face, and he fell flat on the roof of the trailer.  He sustained facial and eye injuries, along with spinal injuries, and was admitted to the hospital for treatment.",,,"Fall on same level, n.e.c. ","Semi, tractor-trailer, tanker truck","Soreness, pain, hurt-nonspecified injury",,"WILMINGTON, DELAWARE","Semi, tractor-trailer, tanker truck",YES,YES,"Soreness, pain, hurt-nonspecified injury",Hospitalization,1.0,0.0,0.0,0,INSUFFICIENT_INFORMATION,Gravity,,,,INSUFFICIENT_INFORMATION,Evidence Assessment (Observed Severity != SIF Precursor),HIGH,OSHA Severe Injury Reports
OSHA-2015010503,OSHA,2015010503,1/15/2015,337110,Severe Injury,"Struck by dislodged flying object, particle","While cutting a board at a 45-degree angle, the cut piece jammed and flew back at the employee, hitting the employee's fingers.",,,"Struck by dislodged flying object, particle","Wood pieces, trim pieces, wood scraps, n.e.c.","Soreness, pain, hurt-nonspecified injury",,"MELBOURNE, FLORIDA","Wood pieces, trim pieces, wood scraps, n.e.c.",YES,YES,"Soreness, pain, hurt-nonspecified injury",Hospitalization,1.0,0.0,0.0,0,INSUFFICIENT_INFORMATION,Unknown,,,,INSUFFICIENT_INFORMATION,Evidence Assessment (Observed Severity != SIF Precursor),HIGH,OSHA Severe Injury Reports
OSHA-2015010504,OSHA,2015010504,1/15/2015,238220,Severe Injury,"Rubbed or abraded by friction or pressure, n.e.c.","Employee was bleeding the pressure off a weighted ball used to check stormwater pipes for leaks. The weight of the water inside the PVC pipe caused the ball to slide down the pipe. Employee grabbed the rope strap with his right hand and the strap's force and sharp edge severed his right-thumb tip. 

The finger tip was recovered and delivered to Parkland Hospital, but didn't have enough bone to be reattached.",,,"Rubbed or abraded by friction or pressure, n.e.c.",Strapping,Amputations,,"FARMERS BRANCH, TEXAS",Strapping,YES,YES,Amputations,Hospitalization,1.0,0.0,0.0,0,INSUFFICIENT_INFORMATION,High Pressure/Pneumatic,,,,INSUFFICIENT_INFORMATION,Evidence Assessment (Observed Severity != SIF Precursor),HIGH,OSHA Severe Injury Reports
OSHA-2015010505,OSHA,2015010505,1/15/2015,238290,Severe Injury,Other fall to lower level 6 to 10 feet,An employee using a 10-foot A-frame ladder was knocked over when another employee opened a manual overhead door they were working on. The employee fell off the ladder and sustained multiple bone fractures on both forearms and wrists.,,,Other fall to lower level 6 to 10 feet,"Ladders, n.e.c.",Fractures,,"AUSTIN, TEXAS","Ladders, n.e.c.",YES,YES,Fractures,Hospitalization,1.0,0.0,0.0,0,INSUFFICIENT_INFORMATION,Gravity,,,,INSUFFICIENT_INFORMATION,Evidence Assessment (Observed Severity != SIF Precursor),HIGH,OSHA Severe Injury Reports
OSHA-2015010506,OSHA,2015010506,1/15/2015,213112,Severe Injury,"Ignition of vapors, gases, or liquids",Employee burned by flash fire at pumping station while adjusting compressor.,,,"Ignition of vapors, gases, or liquids","Coal, natural gas, petroleum fuels and products, unspecified","Heat (thermal) burns, unspecified",,"LAVERNE, OKLAHOMA","Coal, natural gas, petroleum fuels and products, unspecified",YES,YES,"Heat (thermal) burns, unspecified",Hospitalization,1.0,0.0,0.0,0,INSUFFICIENT_INFORMATION,Thermal,,,,INSUFFICIENT_INFORMATION,Evidence Assessment (Observed Severity != SIF Precursor),HIGH,OSHA Severe Injury Reports
OSHA-2015010509,OSHA,2015010509,1/15/2015,423390,Severe Injury,"Caught in or compressed by equipment or objects, unspecified","On 1/15/2015, employee injured two fingers on his right hand after catching it under a bundle of rebar while operating a side-loader in the yard. Part of the bone of his right ring finger was surgically removed on 1/20/15.",,,"Caught in or compressed by equipment or objects, unspecified","Bars, rods, reinforcing bar (rebar)",Amputations,,"CARLISLE, PENNSYLVANIA","Bars, rods, reinforcing bar (rebar)",YES,YES,Amputations,Amputation,0.0,1.0,0.0,0,INSUFFICIENT_INFORMATION,Unknown,,,,INSUFFICIENT_INFORMATION,Evidence Assessment (Observed Severity != SIF Precursor),HIGH,OSHA Severe Injury Reports
OSHA-2015010510,OSHA,2015010510,1/15/2015,322220,Severe Injury,Fall on same level due to slipping ,"Employee was walking from the parking lot to the front entrance of the facility via the sidewalk near the building. About 15 yards from the door, there was a patch of ice on the sidewalk due to drainage (melting/refreezing) from the building. The employee slipped on this ice and fell.  The employee suffered a left hip injury.",,,Fall on same level due to slipping ,"Sidewalks, paths, outdoor walkways, unspecified","Soreness, pain, hurt-nonspecified injury",,"OMAHA, NEBRASKA","Sidewalks, paths, outdoor walkways, unspecified",YES,YES,"Soreness, pain, hurt-nonspecified injury",Hospitalization,1.0,0.0,0.0,0,INSUFFICIENT_INFORMATION,Gravity,,,,INSUFFICIENT_INFORMATION,Evidence Assessment (Observed Severity != SIF Precursor),HIGH,OSHA Severe Injury Reports
OSHA-2015010511,OSHA,2015010511,1/15/2015,325211,Severe Injury,Contact with hot objects or substances,Employee received 2nd and 3rd degree burns from hot liquid plastic while removing a plug.,,,Contact with hot objects or substances,"Plastics, resins, unspecified",Third or fourth degree heat (thermal) burns,,"POINT COMFORT, TEXAS","Plastics, resins, unspecified",YES,YES,Third or fourth degree heat (thermal) burns,Hospitalization,1.0,0.0,0.0,0,INSUFFICIENT_INFORMATION,Thermal,,,,INSUFFICIENT_INFORMATION,Evidence Assessment (Observed Severity != SIF Precursor),HIGH,OSHA Severe Injury Reports
OSHA-2015010512,OSHA,2015010512,1/15/2015,339920,Severe Injury,"Contact with objects and equipment, unspecified","On or about January 15, 2015 an employee was injured while working on a CNC lathe which resulted in the employee being hospitalized for over five days from the injuries sustained from the accident.",,,"Contact with objects and equipment, unspecified","Lathes, unspecified",Nonclassifiable,,"DEEP RIVER, CONNECTICUT","Lathes, unspecified",YES,YES,Nonclassifiable,Hospitalization,1.0,0.0,0.0,0,INSUFFICIENT_INFORMATION,Unknown,,,,INSUFFICIENT_INFORMATION,Evidence Assessment (Observed Severity != SIF Precursor),HIGH,OSHA Severe Injury Reports
OSHA-2015010514,OSHA,2015010514,1/15/2015,622110,Severe Injury,Injured by physical contact with person while moving that person-unintentional,"Employee was assisting a person who was under the influence into the hospital when the person/patient fell onto the employee, knocking him down and causing him to sustain a fracture to the right ankle.  Employee was hospitalized.",,,Injured by physical contact with person while moving that person-unintentional,Patient ,Fractures,,"SHAKER HEIGHTS, OHIO",Patient ,YES,YES,Fractures,Hospitalization,1.0,0.0,0.0,0,INSUFFICIENT_INFORMATION,Gravity,,,,INSUFFICIENT_INFORMATION,Evidence Assessment (Observed Severity != SIF Precursor),HIGH,OSHA Severe Injury Reports
OSHA-2015010515,OSHA,2015010515,1/15/2015,321113,Severe Injury,Struck against moving part of machinery or equipment,"The employee was operating a Whirlwind pop up saw, cutting 2X2 lumber into 36-inch lengths.  The employee accidentally activated the foot pedal that controls the saw.  When the pedal was depressed, the ""guard"" and 8-inch saw blade came up, amputating the employee's right index, middle, and ring fingers. The employee was brought to the hospital where two of the three fingers were re-attached.  

The incident occurred in the pop-up saw area.",,,Struck against moving part of machinery or equipment,"Sawing machinery-stationary, n.e.c.",Amputations,,"WILLIS, TEXAS","Sawing machinery-stationary, n.e.c.",YES,YES,Amputations,Amputation,0.0,1.0,0.0,0,INSUFFICIENT_INFORMATION,Unknown,,,,INSUFFICIENT_INFORMATION,Evidence Assessment (Observed Severity != SIF Precursor),HIGH,OSHA Severe Injury Reports
OSHA-2015010516,OSHA,2015010516,1/15/2015,491110,Severe Injury,"Other fall to lower level, unspecified","On 1-15-15 at 11:30AM an employee walking down stairway 2 from the third to the second floor fell. The worker has a fractured thoracic spine, a fractured middle finger, a bump on the head, and is having tests on her hip and thigh.",,,"Other fall to lower level, unspecified","Stairs, steps-indoors",Fractures,,"BOSTON, MASSACHUSETTS","Stairs, steps-indoors",YES,YES,Fractures,Hospitalization,1.0,0.0,0.0,0,INSUFFICIENT_INFORMATION,Gravity,,,,INSUFFICIENT_INFORMATION,Evidence Assessment (Observed Severity != SIF Precursor),HIGH,OSHA Severe Injury Reports
OSHA-2015010517,OSHA,2015010517,1/16/2015,238210,Severe Injury,Other fall to lower level less than 6 feet,"An employee was installing a light fixture. He was shocked and fell from the 8-foot, A-frame ladder he was using, with his feet about 4 feet off the ground. When he was shocked, the ladder and he fell in opposite directions. He has some tingling in his right arm and restrictions for both arms until further evaluation.",,,Other fall to lower level less than 6 feet,Step ladders,"Electrocutions, electric shocks",,"KISSIMMEE, FLORIDA",Step ladders,YES,YES,"Electrocutions, electric shocks",Hospitalization,1.0,0.0,0.0,0,INSUFFICIENT_INFORMATION,Gravity,,,,INSUFFICIENT_INFORMATION,Evidence Assessment (Observed Severity != SIF Precursor),HIGH,OSHA Severe Injury Reports
OSHA-2015010518,OSHA,2015010518,1/16/2015,442110,Severe Injury,Compressed or pinched by shifting objects or equipment,"Employee was part of a two-man team moving furniture from a customer's location. Employees were moving a large sleep sofa to the ground level when the sofa came into contact with a metal stair rail. The injured employee's finger was between the two objects at one point, and when they came together, they severed the employee's finger below the first joint.",,,Compressed or pinched by shifting objects or equipment,Sofas,Amputations,,"HOUSTON, TEXAS",Sofas,YES,YES,Amputations,Amputation,0.0,1.0,0.0,0,INSUFFICIENT_INFORMATION,Unknown,,,,INSUFFICIENT_INFORMATION,Evidence Assessment (Observed Severity != SIF Precursor),HIGH,OSHA Severe Injury Reports
OSHA-2015010519,OSHA,2015010519,1/16/2015,624120,Severe Injury,"Exposure through intact skin, eyes, or other exposed tissue","On or about January 16, 2015, at approximately 2:30 p.m., an employee had an allergic reaction to latex resulting in hospitalization.",,,"Exposure through intact skin, eyes, or other exposed tissue",Latex gloves,Other or unspecified allergic reactions ,,"PLYMOUTH, WISCONSIN",Latex gloves,YES,YES,Other or unspecified allergic reactions ,Hospitalization,1.0,0.0,0.0,0,INSUFFICIENT_INFORMATION,Unknown,,,,INSUFFICIENT_INFORMATION,Evidence Assessment (Observed Severity != SIF Precursor),HIGH,OSHA Severe Injury Reports
OSHA-2015010520,OSHA,2015010520,1/16/2015,332999,Severe Injury,Nonclassifiable,An employee working in Department 429 suffered a skull fracture while loading an 88-pound disc on the west side of a 55-ton mechanical press.,,,Nonclassifiable,"Presses, except printing, n.e.c.",Fractures,,"QUINCY, ILLINOIS","Presses, except printing, n.e.c.",YES,YES,Fractures,Hospitalization,1.0,0.0,0.0,0,INSUFFICIENT_INFORMATION,Unknown,,,,INSUFFICIENT_INFORMATION,Evidence Assessment (Observed Severity != SIF Precursor),HIGH,OSHA Severe Injury Reports
OSHA-2015010521,OSHA,2015010521,1/16/2015,333318,Severe Injury,"Caught in running equipment or machinery, unspecified",An employee suffered serious injuries after being caught in a machine that was in motion. Surgery was required.,,,"Caught in running equipment or machinery, unspecified","Machinery, unspecified","Traumatic injuries and disorders, unspecified",,"ITASCA, ILLINOIS","Machinery, unspecified",YES,YES,"Traumatic injuries and disorders, unspecified",Hospitalization,1.0,0.0,0.0,0,INSUFFICIENT_INFORMATION,Kinetic,,,,INSUFFICIENT_INFORMATION,Evidence Assessment (Observed Severity != SIF Precursor),HIGH,OSHA Severe Injury Reports
OSHA-2015010522,OSHA,2015010522,1/16/2015,213112,Severe Injury,"Indirect exposure to electricity, unspecified",Employee received an electric shock when he placed his wrench near an energized bolt on a conductor he was removing.,,,"Indirect exposure to electricity, unspecified",Wrenches-power not determined,"Electrocutions, electric shocks",,"KINGSVILLE, TEXAS",Wrenches-power not determined,YES,YES,"Electrocutions, electric shocks",Hospitalization,1.0,0.0,0.0,0,INSUFFICIENT_INFORMATION,Electrical,,,,INSUFFICIENT_INFORMATION,Evidence Assessment (Observed Severity != SIF Precursor),HIGH,OSHA Severe Injury Reports
OSHA-2015010523,OSHA,2015010523,1/16/2015,238220,Severe Injury,"Contact with objects and equipment, n.e.c.","Employee was lowering a boom lift while installing fire protection piping. The hydraulics failed, causing the employee to break the lower left leg.",,,"Contact with objects and equipment, n.e.c.","Boom truck, bucket or basket hoist truck",Fractures,,"WICHITA FALLS, TEXAS","Boom truck, bucket or basket hoist truck",YES,YES,Fractures,Hospitalization,1.0,0.0,0.0,0,INSUFFICIENT_INFORMATION,High Pressure/Pneumatic,,,,INSUFFICIENT_INFORMATION,Evidence Assessment (Observed Severity != SIF Precursor),HIGH,OSHA Severe Injury Reports
OSHA-2015010524,OSHA,2015010524,1/16/2015,326160,Severe Injury,"Other fall to lower level, unspecified",Employee sustained a fall from a material platform (catwalk) after fixing a jam on the material line.,,,"Other fall to lower level, unspecified",Material and personnel hoists,"Traumatic injuries and disorders, unspecified",,"VALLEY CITY, NORTH DAKOTA",Material and personnel hoists,YES,YES,"Traumatic injuries and disorders, unspecified",Hospitalization,1.0,0.0,0.0,0,INSUFFICIENT_INFORMATION,Gravity,,,,INSUFFICIENT_INFORMATION,Evidence Assessment (Observed Severity != SIF Precursor),HIGH,OSHA Severe Injury Reports
OSHA-2015010525,OSHA,2015010525,1/16/2015,488310,Severe Injury,"Pedestrian struck by vehicle in nonroadway area, unspecified",An employee was run over by a forklift and suffered an amputation of his lower left leg.,,,"Pedestrian struck by vehicle in nonroadway area, unspecified","Forklift, order picker, platform truck-powered",Amputations,,"PALMETTO, FLORIDA","Forklift, order picker, platform truck-powered",YES,YES,Amputations,Hospitalization,1.0,1.0,0.0,0,INSUFFICIENT_INFORMATION,Unknown,,,,INSUFFICIENT_INFORMATION,Evidence Assessment (Observed Severity != SIF Precursor),HIGH,OSHA Severe Injury Reports
OSHA-2015010526,OSHA,2015010526,1/16/2015,213111,Severe Injury,"Struck by object or equipment, unspecified","Employee was tightening a strap used to tie down equipment on his truck when the pry bar came out of the hole and hit him in the mouth, fracturing the maxilla bone.",,,"Struck by object or equipment, unspecified",Crowbars,Fractures,,"VICTORIA, TEXAS",Crowbars,YES,YES,Fractures,Hospitalization,1.0,0.0,0.0,0,INSUFFICIENT_INFORMATION,Unknown,,,,INSUFFICIENT_INFORMATION,Evidence Assessment (Observed Severity != SIF Precursor),HIGH,OSHA Severe Injury Reports
OSHA-2015010527,OSHA,2015010527,1/16/2015,331315,Severe Injury,"Exposure through intact skin, eyes, or other exposed tissue","An employee was hospitalized after a pump seal failed during the repair of a pump. Pennzoil 50H and X850 oil blew into the employee's eyes, throat, and nose, resulting in inflammation and irritation.",,,"Exposure through intact skin, eyes, or other exposed tissue","Coal, natural gas, petroleum fuels and products, n.e.c.","Swelling, inflammation, irritation-nonspecified injury",,"CLARKSBURG, WEST VIRGINIA","Coal, natural gas, petroleum fuels and products, n.e.c.",YES,YES,"Swelling, inflammation, irritation-nonspecified injury",Hospitalization,1.0,0.0,0.0,0,INSUFFICIENT_INFORMATION,Unknown,,,,INSUFFICIENT_INFORMATION,Evidence Assessment (Observed Severity != SIF Precursor),HIGH,OSHA Severe Injury Reports
OSHA-2015010528,OSHA,2015010528,1/16/2015,713110,Severe Injury,Other fall to lower level less than 6 feet,"A Disney worker was going down the stairs at the end of her shift.  She fell down 6 or 7 steps and fractured her left arm, which required surgery.",,,Other fall to lower level less than 6 feet,"Stairs, steps, unspecified",Fractures,,"BAY LAKE, FLORIDA","Stairs, steps, unspecified",YES,YES,Fractures,Hospitalization,1.0,0.0,0.0,0,INSUFFICIENT_INFORMATION,Gravity,,,,INSUFFICIENT_INFORMATION,Evidence Assessment (Observed Severity != SIF Precursor),HIGH,OSHA Severe Injury Reports
OSHA-2015010529,OSHA,2015010529,1/16/2015,331221,Severe Injury,Contact with hot objects or substances,An employee was using a handheld torch to cut a hole into steel pipe when the torch hose blew. The employee suffered burns on his hand and was admitted to Lady of Lords Burn Center overnight for treatment.,,,Contact with hot objects or substances,"Welding, cutting, and blow torches","Heat (thermal) burns, unspecified",,"NEW IBERIA, LOUISIANA","Welding, cutting, and blow torches",YES,YES,"Heat (thermal) burns, unspecified",Hospitalization,1.0,0.0,0.0,0,INSUFFICIENT_INFORMATION,Thermal,,,,INSUFFICIENT_INFORMATION,Evidence Assessment (Observed Severity != SIF Precursor),HIGH,OSHA Severe Injury Reports
OSHA-2015010530,OSHA,2015010530,1/16/2015,484230,Severe Injury,Nonclassifiable,Forklift Incident.,,,Nonclassifiable,"Forklift, order picker, platform truck-powered","Traumatic injuries and disorders, unspecified",,"AVENEL, NEW JERSEY","Forklift, order picker, platform truck-powered",YES,YES,"Traumatic injuries and disorders, unspecified",Hospitalization,1.0,0.0,0.0,0,INSUFFICIENT_INFORMATION,Unknown,,,,INSUFFICIENT_INFORMATION,Evidence Assessment (Observed Severity != SIF Precursor),HIGH,OSHA Severe Injury Reports
OSHA-2015010532,OSHA,2015010532,1/16/2015,237130,Severe Injury,"Struck by object or equipment, unspecified",Employee was struck by a PVC pipe while installing an underground television cable.,,,"Struck by object or equipment, unspecified","Plastic, PVC, or rubber pipes and tubing","Traumatic injuries and disorders, unspecified",,"COLUMBUS, GEORGIA","Plastic, PVC, or rubber pipes and tubing",YES,YES,"Traumatic injuries and disorders, unspecified",Hospitalization,1.0,0.0,0.0,0,INSUFFICIENT_INFORMATION,Kinetic,,,,INSUFFICIENT_INFORMATION,Evidence Assessment (Observed Severity != SIF Precursor),HIGH,OSHA Severe Injury Reports
OSHA-2015010533,OSHA,2015010533,1/16/2015,238310,Severe Injury,Other fall to lower level 11 to 15 feet ,"An employee was working from a 12-foot step ladder that was folded and placed on top of an air handler. The top of the ladder was leaning against a wall. As the employee stood on the ladder finishing a wall inside a mechanical room, the ladder slid away from the wall and the employee fell to the ground. The employee suffered a left broken leg above the ankle and a broken right little finger.  The employee was admitted to University Medical Center in Jackson, Mississippi.",,,Other fall to lower level 11 to 15 feet ,Step ladders,Fractures,,"FOREST, MISSISSIPPI",Step ladders,YES,YES,Fractures,Hospitalization,1.0,0.0,0.0,0,INSUFFICIENT_INFORMATION,Gravity,,,,INSUFFICIENT_INFORMATION,Evidence Assessment (Observed Severity != SIF Precursor),HIGH,OSHA Severe Injury Reports
OSHA-2015010534,OSHA,2015010534,1/16/2015,237110,Severe Injury,"Struck by swinging or slipping object, other than handheld, n.e.c.","Worker was in a trench and was injured when an operator moved the trench box. The spreader bar on the trench box struck the worker in the back, cracking his vertebra. The worker was hospitalized one night.",,,"Struck by swinging or slipping object, other than handheld, n.e.c.","Parts and materials, n.e.c.",Fractures,,"GODDARD, KANSAS","Parts and materials, n.e.c.",YES,YES,Fractures,Hospitalization,1.0,0.0,0.0,0,INSUFFICIENT_INFORMATION,Kinetic,,,,INSUFFICIENT_INFORMATION,Evidence Assessment (Observed Severity != SIF Precursor),HIGH,OSHA Severe Injury Reports
OSHA-2015010535,OSHA,2015010535,1/16/2015,237310,Severe Injury,"Other fall to lower level, unspecified","Employee was on top of a hot oil tanker trailer attempting to remove the lid to fill the tanker. The lid was stuck due to sitting for a couple of weeks because of inclement weather.  The fall protection cage provided at the fill location did not fit the tanker trailer properly, leaving a gap large enough for the employee to fall beneath the cage. When the lid came loose, the employee fell from the top of the tanker trailer, under the fall protection cage, to the ground. The employee dislocated a shoulder, broke two to three ribs, and received contusions.",,,"Other fall to lower level, unspecified","Semi, tractor-trailer, tanker truck","Multiple traumatic injuries and disorders, n.e.c.",,"CHANNELVIEW, TEXAS","Semi, tractor-trailer, tanker truck",YES,YES,"Multiple traumatic injuries and disorders, n.e.c.",Hospitalization,1.0,0.0,0.0,0,INSUFFICIENT_INFORMATION,Gravity,,,,INSUFFICIENT_INFORMATION,Evidence Assessment (Observed Severity != SIF Precursor),HIGH,OSHA Severe Injury Reports
OSHA-2015010536,OSHA,2015010536,1/16/2015,321211,Severe Injury,Nonclassifiable,An employee damaged tendons in two fingers and was admitted to the hospital.,,,Nonclassifiable,Nonclassifiable,"Traumatic injuries to muscles, tendons, ligaments, joints, etc., unspecified",,"DARLINGTON, PENNSYLVANIA",Nonclassifiable,YES,YES,"Traumatic injuries to muscles, tendons, ligaments, joints, etc., unspecified",Hospitalization,1.0,0.0,0.0,0,INSUFFICIENT_INFORMATION,Unknown,,,,INSUFFICIENT_INFORMATION,Evidence Assessment (Observed Severity != SIF Precursor),HIGH,OSHA Severe Injury Reports
OSHA-2015010537,OSHA,2015010537,1/16/2015,238160,Severe Injury,"Other fall to lower level, unspecified",Employee fell from ladder when coming down the roof and broke his hands and neck.,,,"Other fall to lower level, unspecified","Ladders, unspecified",Fractures,,"TAMARAC, FLORIDA","Ladders, unspecified",YES,YES,Fractures,Hospitalization,1.0,0.0,0.0,0,INSUFFICIENT_INFORMATION,Gravity,,,,INSUFFICIENT_INFORMATION,Evidence Assessment (Observed Severity != SIF Precursor),HIGH,OSHA Severe Injury Reports
OSHA-2015010538,OSHA,2015010538,1/16/2015,238350,Severe Injury,Compressed or pinched by shifting objects or equipment,Two employees were installing a murphy bed when the lifting mechanism snapped.  One employee suffered a severe laceration to a thumb and was hospitalized for two days to reattach the finger.,,,Compressed or pinched by shifting objects or equipment,"Fasteners, n.e.c.","Cuts, lacerations",,"SCITUATE, MASSACHUSETTS","Fasteners, n.e.c.",YES,YES,"Cuts, lacerations",Hospitalization,1.0,0.0,0.0,0,INSUFFICIENT_INFORMATION,Unknown,,,,INSUFFICIENT_INFORMATION,Evidence Assessment (Observed Severity != SIF Precursor),HIGH,OSHA Severe Injury Reports
OSHA-2015010539,OSHA,2015010539,1/16/2015,531110,Severe Injury,"Caught in running equipment or machinery, n.e.c.",Employee was performing a garage audit. The garage door wasn't closing properly due to a chain malfunction. Employee's finger was caught in the door bin.,,,"Caught in running equipment or machinery, n.e.c.",Garage doors,Amputations,,"OMAHA, NEBRASKA",Garage doors,YES,YES,Amputations,Amputation,0.0,1.0,0.0,0,INSUFFICIENT_INFORMATION,Kinetic,,,,INSUFFICIENT_INFORMATION,Evidence Assessment (Observed Severity != SIF Precursor),HIGH,OSHA Severe Injury Reports
OSHA-2015010540,OSHA,2015010540,1/16/2015,424410,Severe Injury,"Caught in running equipment or machinery during maintenance, cleaning ",Employee amputated the fourth finger on his left hand when it was caught between a rotating belt and pulley. He was attempting to tighten a bolt on the motor of a cooling unit. The rotating belt and pulley was located in the center of the roof of the cooling unit.,,,"Caught in running equipment or machinery during maintenance, cleaning ",Air conditioning units,Amputations,,"HOUSTON, TEXAS",Air conditioning units,YES,YES,Amputations,Amputation,0.0,1.0,0.0,0,INSUFFICIENT_INFORMATION,Gravity,,,,INSUFFICIENT_INFORMATION,Evidence Assessment (Observed Severity != SIF Precursor),HIGH,OSHA Severe Injury Reports
OSHA-2015010541,OSHA,2015010541,1/16/2015,213112,Severe Injury,"Ignition of vapors, gases, or liquids",Two employees were burned when a bubble tower exploded creating a flash fire during maintenance work on a well site.,,,"Ignition of vapors, gases, or liquids","Coal, natural gas, petroleum fuels and products, unspecified","Heat (thermal) burns, unspecified",,"STANLEY, NORTH DAKOTA","Coal, natural gas, petroleum fuels and products, unspecified",YES,YES,"Heat (thermal) burns, unspecified",Severe Injury,2.0,0.0,0.0,0,INSUFFICIENT_INFORMATION,Thermal,,,,INSUFFICIENT_INFORMATION,Evidence Assessment (Observed Severity != SIF Precursor),HIGH,OSHA Severe Injury Reports
OSHA-2015010542,OSHA,2015010542,1/16/2015,561730,Severe Injury,Injured by slipping or swinging object held by injured worker,"Employee was using a Stihl chainsaw to flush cut a tree stump when it kicked back and cut his leg, requiring hospitalization and surgery.",,,Injured by slipping or swinging object held by injured worker,Chainsaws-powered,"Cuts, lacerations",,"CHURCHVILLE, PENNSYLVANIA",Chainsaws-powered,YES,YES,"Cuts, lacerations",Hospitalization,1.0,0.0,0.0,0,INSUFFICIENT_INFORMATION,Unknown,,,,INSUFFICIENT_INFORMATION,Evidence Assessment (Observed Severity != SIF Precursor),HIGH,OSHA Severe Injury Reports
OSHA-2015010543,OSHA,2015010543,1/16/2015,236220,Severe Injury,Fall through surface or existing opening 21 to 25 feet ,"The worker was taking photos of the project from the roof, when he stepped back and fell through a sky light. He fell 22 feet to the concrete floor below.",,,Fall through surface or existing opening 21 to 25 feet ,Skylights,"Traumatic injuries and disorders, unspecified",,"RICHWOOD, TEXAS",Skylights,YES,YES,"Traumatic injuries and disorders, unspecified",Hospitalization,1.0,0.0,0.0,0,INSUFFICIENT_INFORMATION,Gravity,,,,INSUFFICIENT_INFORMATION,Evidence Assessment (Observed Severity != SIF Precursor),HIGH,OSHA Severe Injury Reports
OSHA-2015010544,OSHA,2015010544,1/16/2015,238130,Severe Injury,Other fall to lower level 26 to 30 feet,An employee fell approximately 26 feet while working on a scissor lift.,,,Other fall to lower level 26 to 30 feet,"Aerial lifts, scissor lifts-except truck-mounted","Traumatic injuries and disorders, unspecified",,"DAHLONEGA, GEORGIA","Aerial lifts, scissor lifts-except truck-mounted",YES,YES,"Traumatic injuries and disorders, unspecified",Hospitalization,1.0,0.0,0.0,0,INSUFFICIENT_INFORMATION,Gravity,,,,INSUFFICIENT_INFORMATION,Evidence Assessment (Observed Severity != SIF Precursor),HIGH,OSHA Severe Injury Reports
OSHA-2015010545,OSHA,2015010545,1/16/2015,236115,Severe Injury,Struck by falling part of powered vehicle still attached,An employee was assisting the truck driver to clear small amounts of cement left in the vehicle when the rear  chute came down on the employee's left middle finger amputating the tip.  The employee was taken to hospital and the fingertip was reattached.,,,Struck by falling part of powered vehicle still attached,Chutes,Amputations,,"SEWAREN, NEW JERSEY",Chutes,YES,YES,Amputations,Hospitalization,1.0,0.0,0.0,0,INSUFFICIENT_INFORMATION,Unknown,,,,INSUFFICIENT_INFORMATION,Evidence Assessment (Observed Severity != SIF Precursor),HIGH,OSHA Severe Injury Reports
OSHA-2015010546,OSHA,2015010546,1/16/2015,321992,Severe Injury,Struck by object falling from vehicle or machinery-other than vehicle part,"Employee was moving a wall while using a crane. One end of the wall fell and broke the employee's arm.  Surgery was performed, and the employee was hospitalized post-surgery.",,,Struck by object falling from vehicle or machinery-other than vehicle part,Walls,Fractures,,"LYNN, ALABAMA",Walls,YES,YES,Fractures,Hospitalization,1.0,0.0,0.0,0,INSUFFICIENT_INFORMATION,Gravity,,,,INSUFFICIENT_INFORMATION,Evidence Assessment (Observed Severity != SIF Precursor),HIGH,OSHA Severe Injury Reports
OSHA-2015010548,OSHA,2015010548,1/16/2015,237130,Severe Injury,"Struck by falling object or equipment, n.e.c.",The rope broke while a new cross arm was being installed on an electrical power pole. An employee walking under the rope was struck by the falling arm.,,,"Struck by falling object or equipment, n.e.c.","Electric parts, n.e.c.","Traumatic injuries and disorders, unspecified",,"CROSBY, MISSISSIPPI","Electric parts, n.e.c.",YES,YES,"Traumatic injuries and disorders, unspecified",Hospitalization,1.0,0.0,0.0,0,INSUFFICIENT_INFORMATION,Gravity,,,,INSUFFICIENT_INFORMATION,Evidence Assessment (Observed Severity != SIF Precursor),HIGH,OSHA Severe Injury Reports
OSHA-2015010549,OSHA,2015010549,1/16/2015,622110,Severe Injury,Other fall to lower level less than 6 feet,"At approximately 9:00 p.m. on 1/16/15, an employee leaving work outside the building stepped down from the curb and broke her leg in two places. The employee was taken to the hospital where she had emergency surgery. The employee was released two days later on 1/18/15.",,,Other fall to lower level less than 6 feet,Curbs,Fractures,,"HAZEL CREST, ILLINOIS",Curbs,YES,YES,Fractures,Hospitalization,1.0,0.0,0.0,0,INSUFFICIENT_INFORMATION,Unknown,,,,INSUFFICIENT_INFORMATION,Evidence Assessment (Observed Severity != SIF Precursor),HIGH,OSHA Severe Injury Reports
OSHA-2015010551,OSHA,2015010551,1/16/2015,921190,Severe Injury,"Other exertions or bodily reactions, unspecified",Employee dislocated a knee during a weapons training exercise.,,,"Other exertions or bodily reactions, unspecified","Bodily motion or position of injured, ill worker","Dislocations, unspecified",,"BRUNSWICK, GEORGIA","Bodily motion or position of injured, ill worker",YES,YES,"Dislocations, unspecified",Hospitalization,1.0,0.0,0.0,0,INSUFFICIENT_INFORMATION,Unknown,,,,INSUFFICIENT_INFORMATION,Evidence Assessment (Observed Severity != SIF Precursor),HIGH,OSHA Severe Injury Reports
OSHA-2015010013,OSHA,2015010013,1/17/2015,623110,Severe Injury,"Fall, slip, trip, unspecified ",An employee was admitted to the hospital after being injured as the result of a fall.,,,"Fall, slip, trip, unspecified ",Nonclassifiable,"Traumatic injuries and disorders, unspecified",,"STOUGHTON, MASSACHUSETTS",Nonclassifiable,YES,YES,"Traumatic injuries and disorders, unspecified",Hospitalization,1.0,0.0,0.0,0,INSUFFICIENT_INFORMATION,Gravity,,,,INSUFFICIENT_INFORMATION,Evidence Assessment (Observed Severity != SIF Precursor),HIGH,OSHA Severe Injury Reports
OSHA-2015010014,OSHA,2015010014,1/17/2015,332991,Severe Injury,"Caught in running equipment or machinery during maintenance, cleaning ","On or about January 17, 2015 an employee suffered an amputation injury while unjamming a part stuck in a CNC machine.",,,"Caught in running equipment or machinery during maintenance, cleaning ","Metal, woodworking, and special material machinery, unspecified",Amputations,,"MACOMB, ILLINOIS","Metal, woodworking, and special material machinery, unspecified",YES,YES,Amputations,Amputation,0.0,1.0,0.0,0,INSUFFICIENT_INFORMATION,Kinetic,,,,INSUFFICIENT_INFORMATION,Evidence Assessment (Observed Severity != SIF Precursor),HIGH,OSHA Severe Injury Reports
OSHA-2015010187,OSHA,2015010187,1/17/2015,311412,Severe Injury,"Nonroadway noncollision incident, n.e.c.","On or about 1/17/2015, an employee was struck by a forklift, resulting in fractures to both legs. The employee was subsequently hospitalized for these injuries.",,,"Nonroadway noncollision incident, n.e.c.","Industrial vehicle, material hauling and transport-powered, unspecified",Fractures,,"ELK GROVE VILLAGE, ILLINOIS","Industrial vehicle, material hauling and transport-powered, unspecified",YES,YES,Fractures,Hospitalization,1.0,0.0,0.0,0,INSUFFICIENT_INFORMATION,Kinetic,,,,INSUFFICIENT_INFORMATION,Evidence Assessment (Observed Severity != SIF Precursor),HIGH,OSHA Severe Injury Reports
OSHA-2015010189,OSHA,2015010189,1/17/2015,445110,Severe Injury,"Pedestrian struck by vehicle in nonroadway area, unspecified",Employee was struck by a moving vehicle while assisting a customer in the Publix Supermarket.,,,"Pedestrian struck by vehicle in nonroadway area, unspecified","Highway vehicle, motorized, unspecified","Traumatic injuries and disorders, unspecified",,"CORAL SPRINGS, FLORIDA","Highway vehicle, motorized, unspecified",YES,YES,"Traumatic injuries and disorders, unspecified",Hospitalization,1.0,0.0,0.0,0,INSUFFICIENT_INFORMATION,Kinetic,,,,INSUFFICIENT_INFORMATION,Evidence Assessment (Observed Severity != SIF Precursor),HIGH,OSHA Severe Injury Reports
OSHA-2015010191,OSHA,2015010191,1/17/2015,623311,Severe Injury,"Struck by falling object or equipment, n.e.c.","On January 17, 2015, an employee was exposed to a sharp hazard when a meat thermometer was caught in mid-air and went into the employee's hand.  Employee had to have inpatient ligament  surgery on January 19, 2015, due to the injury.",,,"Struck by falling object or equipment, n.e.c.","Measuring handtools, n.e.c.","Traumatic injuries to muscles, tendons, ligaments, joints, etc., unspecified",,"HANOVER, NEW HAMPSHIRE","Measuring handtools, n.e.c.",YES,YES,"Traumatic injuries to muscles, tendons, ligaments, joints, etc., unspecified",Hospitalization,1.0,0.0,0.0,0,INSUFFICIENT_INFORMATION,Kinetic,,,,INSUFFICIENT_INFORMATION,Evidence Assessment (Observed Severity != SIF Precursor),HIGH,OSHA Severe Injury Reports
OSHA-2015010553,OSHA,2015010553,1/17/2015,441310,Severe Injury,Other fall to lower level less than 6 feet,An employee fell off the tailgate of a box truck while closing the back door. The employee injured his back and ribs and was hospitalized.,,,Other fall to lower level less than 6 feet,Delivery truck or van,"Soreness, pain, hurt-nonspecified injury",,"CLEVELAND, OHIO",Delivery truck or van,YES,YES,"Soreness, pain, hurt-nonspecified injury",Hospitalization,1.0,0.0,0.0,0,INSUFFICIENT_INFORMATION,Gravity,,,,INSUFFICIENT_INFORMATION,Evidence Assessment (Observed Severity != SIF Precursor),HIGH,OSHA Severe Injury Reports
OSHA-2015010554,OSHA,2015010554,1/17/2015,491110,Severe Injury,Caught in running equipment or machinery during regular operation,"At approximately 8:05 p.m., an employee suffered a possible amputation. The employee was sweeping mail at bin #1 and her finger was caught in the belt. The finger was then dragged between the belt and roller, resulting in a 2-cm avulsion to her middle finger on her right hand.",,,Caught in running equipment or machinery during regular operation,Mailing and metering machines,Amputations,,"ALBUQUERQUE, NEW MEXICO",Mailing and metering machines,YES,YES,Amputations,Amputation,0.0,1.0,0.0,0,INSUFFICIENT_INFORMATION,Kinetic,,,,INSUFFICIENT_INFORMATION,Evidence Assessment (Observed Severity != SIF Precursor),HIGH,OSHA Severe Injury Reports
OSHA-2015010555,OSHA,2015010555,1/17/2015,238130,Severe Injury,"Other fall to lower level, unspecified",Employee fell from a ladder while descending. The employee broke arm/wrist.,,,"Other fall to lower level, unspecified","Ladders, unspecified",Fractures,,"LOVELAND, COLORADO","Ladders, unspecified",YES,YES,Fractures,Hospitalization,1.0,0.0,0.0,0,INSUFFICIENT_INFORMATION,Gravity,,,,INSUFFICIENT_INFORMATION,Evidence Assessment (Observed Severity != SIF Precursor),HIGH,OSHA Severe Injury Reports
OSHA-2015010556,OSHA,2015010556,1/17/2015,321113,Severe Injury,"Nonroadway incident involving motorized land vehicle, unspecified",An employee was involved in a forklift accident that resulted in hospitalization.,,,"Nonroadway incident involving motorized land vehicle, unspecified","Forklift, order picker, platform truck-powered","Traumatic injuries and disorders, unspecified",,"BARNESVILLE, GEORGIA","Forklift, order picker, platform truck-powered",YES,YES,"Traumatic injuries and disorders, unspecified",Hospitalization,1.0,0.0,0.0,0,INSUFFICIENT_INFORMATION,Unknown,,,,INSUFFICIENT_INFORMATION,Evidence Assessment (Observed Severity != SIF Precursor),HIGH,OSHA Severe Injury Reports
OSHA-2015010557,OSHA,2015010557,1/17/2015,325998,Severe Injury,"Caught in running equipment or machinery during maintenance, cleaning ","A mechanic suffered a thumb amputation while performing maintenance on the packing station conveyor line #7.  The employee removed the guard to see what was making a noise, lost his balance, and fell into a chain and sprocket.",,,"Caught in running equipment or machinery during maintenance, cleaning ","Conveyors-powered, unspecified",Amputations,,"DANVILLE, ILLINOIS","Conveyors-powered, unspecified",YES,YES,Amputations,Hospitalization,1.0,1.0,0.0,0,INSUFFICIENT_INFORMATION,Gravity,,,,INSUFFICIENT_INFORMATION,Evidence Assessment (Observed Severity != SIF Precursor),HIGH,OSHA Severe Injury Reports
OSHA-2015010562,OSHA,2015010562,1/17/2015,623210,Severe Injury,Fall on same level due to slipping ,"Employee fell in parking lot on the way to her car after working her shift.  She fell on ice and hit her head, resulting in transport and admission to the hospital.",,,Fall on same level due to slipping ,"Parking lot, unspecified","Intracranial injuries, unspecified",,"BETHLEHEM, PENNSYLVANIA","Parking lot, unspecified",YES,YES,"Intracranial injuries, unspecified",Hospitalization,1.0,0.0,0.0,0,INSUFFICIENT_INFORMATION,Gravity,,,,INSUFFICIENT_INFORMATION,Evidence Assessment (Observed Severity != SIF Precursor),HIGH,OSHA Severe Injury Reports
OSHA-2015010563,OSHA,2015010563,1/17/2015,213112,Severe Injury,"Fall on same level, n.e.c. ",Employee was taking out a 10-inch hose to get water ready for the frac operation when he was struck by the hose on his ankle.  The employee flipped and fell on his head.  He bled from the left ear and suffered a closed fracture behind his left ear and internal bleeding on the brain.,,,"Fall on same level, n.e.c. ","Floors, walkways, ground surfaces, unspecified",Skull fracture and intracranial injury,,"TIOGA, NORTH DAKOTA","Floors, walkways, ground surfaces, unspecified",YES,YES,Skull fracture and intracranial injury,Hospitalization,1.0,0.0,0.0,0,INSUFFICIENT_INFORMATION,Gravity,,,,INSUFFICIENT_INFORMATION,Evidence Assessment (Observed Severity != SIF Precursor),HIGH,OSHA Severe Injury Reports
OSHA-2015010564,OSHA,2015010564,1/17/2015,562219,Severe Injury,Struck or run over by rolling powered vehicle,"The employee had finished making a drop off at the Waste Management Landfill, when he observed his back gate was open. He got out of the truck, and went to the back of the vehicle to close the gate mechanism. The truck began to roll backwards, and the employee ran to get back into the vehicle. The employee fell, landing in the path of the vehicle. The vehicle ran over the employee, causing multiple fractures on his right side and a cut to his calf.",,,Struck or run over by rolling powered vehicle,"Highway vehicle, motorized, unspecified",Fractures,,"BAYTOWN, TEXAS","Highway vehicle, motorized, unspecified",YES,YES,Fractures,Hospitalization,1.0,0.0,0.0,0,INSUFFICIENT_INFORMATION,Gravity,,,,INSUFFICIENT_INFORMATION,Evidence Assessment (Observed Severity != SIF Precursor),HIGH,OSHA Severe Injury Reports
OSHA-2015010565,OSHA,2015010565,1/17/2015,623312,Severe Injury,"Hitting, kicking, beating, shoving",Employee was attacked and beaten by three to four assailants and was hospitalized.,,,"Hitting, kicking, beating, shoving","Assailant, suspect, unspecified","Traumatic injuries and disorders, unspecified",,"NORTHBROOK, ILLINOIS","Assailant, suspect, unspecified",YES,YES,"Traumatic injuries and disorders, unspecified",Hospitalization,1.0,0.0,0.0,0,INSUFFICIENT_INFORMATION,Unknown,,,,INSUFFICIENT_INFORMATION,Evidence Assessment (Observed Severity != SIF Precursor),HIGH,OSHA Severe Injury Reports
OSHA-2015010566,OSHA,2015010566,1/17/2015,721110,Severe Injury,Fall on same level due to tripping over an object ,"Employee was walking in the parking lot, tripped over a parking block and fell.  The fall resulted in a laceration to the employees face which required hospitalization.",,,Fall on same level due to tripping over an object ,"Parking lot, unspecified","Cuts, lacerations",,"BRANSON, MISSOURI","Parking lot, unspecified",YES,YES,"Cuts, lacerations",Hospitalization,1.0,0.0,0.0,0,INSUFFICIENT_INFORMATION,Gravity,,,,INSUFFICIENT_INFORMATION,Evidence Assessment (Observed Severity != SIF Precursor),HIGH,OSHA Severe Injury Reports
OSHA-2015010567,OSHA,2015010567,1/17/2015,447110,Severe Injury,"Exposure to other harmful substances, unspecified",An employee was exposed to a fuel spill at gas pumps #1 and #2. Employee got sick and has been throwing up blood. The employee is hospitalized at Southwest General Hospital for treatment.,,,"Exposure to other harmful substances, unspecified","Gasoline, diesel fuel, jet fuel","Nausea, vomiting- toxic, noxious, or allergenic effect",,"VON ORMY, TEXAS","Gasoline, diesel fuel, jet fuel",YES,YES,"Nausea, vomiting- toxic, noxious, or allergenic effect",Hospitalization,1.0,0.0,0.0,0,INSUFFICIENT_INFORMATION,Unknown,,,,INSUFFICIENT_INFORMATION,Evidence Assessment (Observed Severity != SIF Precursor),HIGH,OSHA Severe Injury Reports
OSHA-2015010568,OSHA,2015010568,1/17/2015,213112,Severe Injury,"Ignition of vapors, gases, or liquids","Employee was injured while performing a ""cold cut"" on a 6"" metal pipe of a gathering system. Employee was burned on the face, both arms, and knees. Employee was using a striker from the welding equipment and possibly ignited natural gas.",,,"Ignition of vapors, gases, or liquids",Natural gas,"Heat (thermal) burns, unspecified",,"SAN ANTONIO, TEXAS",Natural gas,YES,YES,"Heat (thermal) burns, unspecified",Hospitalization,1.0,0.0,0.0,0,INSUFFICIENT_INFORMATION,Thermal,,,,INSUFFICIENT_INFORMATION,Evidence Assessment (Observed Severity != SIF Precursor),HIGH,OSHA Severe Injury Reports
OSHA-2015010569,OSHA,2015010569,1/17/2015,213112,Severe Injury,Other fall to lower level 6 to 10 feet,"At the Hat Creek Production Pad, an employee slipped when climbing down a fixed ladder of a heater treater. The employee fell from an approximate height of 6' onto the ground. The employee was hospitalized for a period of 2 days at Southwest General Hospital.",,,Other fall to lower level 6 to 10 feet,Ladders-fixed,"Traumatic injuries and disorders, unspecified",,"SAN ANTONIO, TEXAS",Ladders-fixed,YES,YES,"Traumatic injuries and disorders, unspecified",Hospitalization,1.0,0.0,0.0,0,INSUFFICIENT_INFORMATION,Gravity,,,,INSUFFICIENT_INFORMATION,Evidence Assessment (Observed Severity != SIF Precursor),HIGH,OSHA Severe Injury Reports
OSHA-2015010570,OSHA,2015010570,1/17/2015,322211,Severe Injury,Caught in running equipment or machinery during regular operation,"Employee was working on a load former unit.  Employee hit the cycle button to retract the stripper plate while placing his hand on the cover plate.  The stripper plate returned to the extended position and employees middle finger was caught by the machine, removing the tip of the finger and part of the finger nail.",,,Caught in running equipment or machinery during regular operation,"Machinery, unspecified",Amputations,,"SEALY, TEXAS","Machinery, unspecified",YES,YES,Amputations,Amputation,0.0,1.0,0.0,0,INSUFFICIENT_INFORMATION,Kinetic,,,,INSUFFICIENT_INFORMATION,Evidence Assessment (Observed Severity != SIF Precursor),HIGH,OSHA Severe Injury Reports
OSHA-2015010572,OSHA,2015010572,1/17/2015,451130,Severe Injury,"Fall, slip, trip, unspecified ",Employee working at a cash register tripped over the scanner cord.,,,"Fall, slip, trip, unspecified ","Power cords, electrical cords, extension cords","Traumatic injuries and disorders, unspecified",,"WEST DEPTFORD, NEW JERSEY","Power cords, electrical cords, extension cords",YES,YES,"Traumatic injuries and disorders, unspecified",Hospitalization,1.0,0.0,0.0,0,INSUFFICIENT_INFORMATION,Unknown,,,,INSUFFICIENT_INFORMATION,Evidence Assessment (Observed Severity != SIF Precursor),HIGH,OSHA Severe Injury Reports
OSHA-2015010192,OSHA,2015010192,1/18/2015,331316,Severe Injury,Compressed or pinched between two stationary objects,"While moving dye, employee pinched the right ring finger between the clevis and hook. The employee was taken to the hospital where the tip of the finger was amputated.",,,Compressed or pinched between two stationary objects,"Hooks, shackles, magnets, clamshells",Amputations,,"SAINT AUGUSTINE, FLORIDA","Hooks, shackles, magnets, clamshells",YES,YES,Amputations,Amputation,0.0,1.0,0.0,0,INSUFFICIENT_INFORMATION,Kinetic,,,,INSUFFICIENT_INFORMATION,Evidence Assessment (Observed Severity != SIF Precursor),HIGH,OSHA Severe Injury Reports
OSHA-2015010193,OSHA,2015010193,1/18/2015,623110,Severe Injury,Fall on same level due to slipping ,"An employee working in the dish room slipped and fell, breaking a wrist. The employee was hospitalized and surgery was performed.",,,Fall on same level due to slipping ,"Floor, n.e.c.",Fractures,,"WESTLAKE, OHIO","Floor, n.e.c.",YES,YES,Fractures,Hospitalization,1.0,0.0,0.0,0,INSUFFICIENT_INFORMATION,Gravity,,,,INSUFFICIENT_INFORMATION,Evidence Assessment (Observed Severity != SIF Precursor),HIGH,OSHA Severe Injury Reports
OSHA-2015010194,OSHA,2015010194,1/18/2015,488510,Severe Injury,"Exposure through intact skin, eyes, or other exposed tissue","Employee was offloading customer hoses at facility and attempted to remove the cap off of a hose. The hose still maintained some pressure, and when the employee removed the cap, Styrene splashed onto the employee's face and midsection. The employee was sent to the hospital and was admitted overnight.",,,"Exposure through intact skin, eyes, or other exposed tissue",Styrene,"Poisoning, toxic, noxious, or allergenic effect, unspecified",,"HOUSTON, TEXAS",Styrene,YES,YES,"Poisoning, toxic, noxious, or allergenic effect, unspecified",Hospitalization,1.0,0.0,0.0,0,INSUFFICIENT_INFORMATION,High Pressure/Pneumatic,,,,INSUFFICIENT_INFORMATION,Evidence Assessment (Observed Severity != SIF Precursor),HIGH,OSHA Severe Injury Reports
OSHA-2015010195,OSHA,2015010195,1/18/2015,621610,Severe Injury,Fall on same level due to slipping ,"Employee slipped on ice resulting in a broken nose and a back injury. Employee has been hospitalized since January 18, 2015.",,,Fall on same level due to slipping ,"Floors, walkways, ground surfaces, unspecified",Fractures,,"PLYMOUTH, MASSACHUSETTS","Floors, walkways, ground surfaces, unspecified",YES,YES,Fractures,Hospitalization,1.0,0.0,0.0,0,INSUFFICIENT_INFORMATION,Unknown,,,,INSUFFICIENT_INFORMATION,Evidence Assessment (Observed Severity != SIF Precursor),HIGH,OSHA Severe Injury Reports
OSHA-2015010196,OSHA,2015010196,1/18/2015,311999,Severe Injury,Fall on same level due to slipping ,Employee was walking through the parking lot on a designated walk area while leaving work. The injured employee slipped on black ice and injured her right leg.,,,Fall on same level due to slipping ,"Sidewalks, paths, outdoor walkways, unspecified","Soreness, pain, hurt-nonspecified injury",,"JEFFERSON, WISCONSIN","Sidewalks, paths, outdoor walkways, unspecified",YES,YES,"Soreness, pain, hurt-nonspecified injury",Hospitalization,1.0,0.0,0.0,0,INSUFFICIENT_INFORMATION,Unknown,,,,INSUFFICIENT_INFORMATION,Evidence Assessment (Observed Severity != SIF Precursor),HIGH,OSHA Severe Injury Reports
OSHA-2015010197,OSHA,2015010197,1/18/2015,324191,Severe Injury,"Other fall to lower level, unspecified","Employee was working from a ladder with a tool, repairing a conveyor belt system. Weight shifted and the employee tried to regain balance by stepping to the second step. Employee lost footing and fell to the ground, fracturing his femur.",,,"Other fall to lower level, unspecified","Ladders, unspecified",Fractures,,"PORT ARTHUR, TEXAS","Ladders, unspecified",YES,YES,Fractures,Hospitalization,1.0,0.0,0.0,0,INSUFFICIENT_INFORMATION,Gravity,,,,INSUFFICIENT_INFORMATION,Evidence Assessment (Observed Severity != SIF Precursor),HIGH,OSHA Severe Injury Reports
OSHA-2015010198,OSHA,2015010198,1/18/2015,325180,Severe Injury,Contact with hot objects or substances,An employee was exposed to hot condensate while transiting through the basement of the bleach plant. The condensate burned his lower legs.,,,Contact with hot objects or substances,"Steam, vapors, liquids, ice, n.e.c.","Heat (thermal) burns, unspecified",,"BREWTON, ALABAMA","Steam, vapors, liquids, ice, n.e.c.",YES,YES,"Heat (thermal) burns, unspecified",Hospitalization,1.0,0.0,0.0,0,INSUFFICIENT_INFORMATION,Thermal,,,,INSUFFICIENT_INFORMATION,Evidence Assessment (Observed Severity != SIF Precursor),HIGH,OSHA Severe Injury Reports
OSHA-2015010199,OSHA,2015010199,1/18/2015,336611,Severe Injury,"Caught in running equipment or machinery, unspecified","While manufacturing a shaft pin on a metal lathe, an employee in the Bldg. #304 Machine Shop was sanding the rotating pin with an emery cloth.  The cloth bound and pulled the employee into the rotating lathe machine, resulting in a left broken hand and lacerations on the right hand that required surgery and in-patient hospitalization.",,,"Caught in running equipment or machinery, unspecified",Metalworking lathes,"Fractures and other injuries, n.e.c.",,"NORFOLK, VIRGINIA",Metalworking lathes,YES,YES,"Fractures and other injuries, n.e.c.",Hospitalization,1.0,0.0,0.0,0,INSUFFICIENT_INFORMATION,Kinetic,,,,INSUFFICIENT_INFORMATION,Evidence Assessment (Observed Severity != SIF Precursor),HIGH,OSHA Severe Injury Reports
OSHA-2015010573,OSHA,2015010573,1/18/2015,722310,Severe Injury,"Injury by other person-unintentional or intent unknown, unspecified",An employee was shot in store during working hours.,,,"Injury by other person-unintentional or intent unknown, unspecified","Person, other than injured or ill worker, unspecified",Gunshot wounds,,"MOBILE, ALABAMA","Person, other than injured or ill worker, unspecified",YES,YES,Gunshot wounds,Hospitalization,1.0,0.0,0.0,0,INSUFFICIENT_INFORMATION,Thermal,,,,INSUFFICIENT_INFORMATION,Evidence Assessment (Observed Severity != SIF Precursor),HIGH,OSHA Severe Injury Reports
OSHA-2015010574,OSHA,2015010574,1/18/2015,445110,Severe Injury,Struck against moving part of machinery or equipment,The employee reached around with her right hand to clean the front of the meat slicer and did not realize the slicer was on.  The tip of the employee's right index finger just below the fingernail was amputated. There was no bone loss.,,,Struck against moving part of machinery or equipment,Food slicers,Amputations,,"OLIVE BRANCH, MISSISSIPPI",Food slicers,YES,YES,Amputations,Amputation,0.0,1.0,0.0,0,INSUFFICIENT_INFORMATION,Unknown,,,,INSUFFICIENT_INFORMATION,Evidence Assessment (Observed Severity != SIF Precursor),HIGH,OSHA Severe Injury Reports
OSHA-2015010575,OSHA,2015010575,1/18/2015,333293,Severe Injury,"Fall on same level, unspecified",Employee was walking on the sidewalk when she fell and hit her head resulting in a concussion.,,,"Fall on same level, unspecified","Sidewalks, paths, outdoor walkways, unspecified",Concussions,,"SOMERVILLE, NEW JERSEY","Sidewalks, paths, outdoor walkways, unspecified",YES,YES,Concussions,Hospitalization,1.0,0.0,0.0,0,INSUFFICIENT_INFORMATION,Gravity,,,,INSUFFICIENT_INFORMATION,Evidence Assessment (Observed Severity != SIF Precursor),HIGH,OSHA Severe Injury Reports
OSHA-2015010577,OSHA,2015010577,1/18/2015,326199,Severe Injury,Contact with hot objects or substances,Employee was operating an injection molding machine. The employee was hospitalized due to burns on hand from injection mold.,,,Contact with hot objects or substances,"Plastics, resins, unspecified","Heat (thermal) burns, unspecified",,"VALDOSTA, GEORGIA","Plastics, resins, unspecified",YES,YES,"Heat (thermal) burns, unspecified",Hospitalization,1.0,0.0,0.0,0,INSUFFICIENT_INFORMATION,Thermal,,,,INSUFFICIENT_INFORMATION,Evidence Assessment (Observed Severity != SIF Precursor),HIGH,OSHA Severe Injury Reports
OSHA-2015010578,OSHA,2015010578,1/18/2015,322211,Severe Injury,Other fall to lower level less than 6 feet,"On or about January 18, 2015 at noon, an employee was working on a baler rotary valve.  The employee slipped and fell approximately 48"" hitting the mid-section.",,,Other fall to lower level less than 6 feet,"Structures and surfaces, unspecified","Soreness, pain, hurt-nonspecified injury",,"APPLETON, WISCONSIN","Structures and surfaces, unspecified",YES,YES,"Soreness, pain, hurt-nonspecified injury",Hospitalization,1.0,0.0,0.0,0,INSUFFICIENT_INFORMATION,Gravity,,,,INSUFFICIENT_INFORMATION,Evidence Assessment (Observed Severity != SIF Precursor),HIGH,OSHA Severe Injury Reports
OSHA-2015010015,OSHA,2015010015,1/19/2015,238220,Severe Injury,Fall on same level due to tripping on uneven surface,The HVAC team was removing an air-conditioning system from a roof when an employee stumbled over and fell onto angle irons that were supporting the system. The employee was hospitalized and had two surgeries on his right thigh.,,,Fall on same level due to tripping on uneven surface,Roof surfaces other than roof edge,"Soreness, pain, hurt-nonspecified injury",,"WACO, TEXAS",Roof surfaces other than roof edge,YES,YES,"Soreness, pain, hurt-nonspecified injury",Hospitalization,1.0,0.0,0.0,0,INSUFFICIENT_INFORMATION,Gravity,,,,INSUFFICIENT_INFORMATION,Evidence Assessment (Observed Severity != SIF Precursor),HIGH,OSHA Severe Injury Reports
OSHA-2015010579,OSHA,2015010579,1/19/2015,561720,Severe Injury,"Fall from collapsing structure or equipment, unspecified",Catwalk collapsed while employee was on it.  Employee landed on feet and fractured both ankles. Employee was hospitalized.,,,"Fall from collapsing structure or equipment, unspecified",Catwalks,Fractures,,"KANSAS CITY, KANSAS",Catwalks,YES,YES,Fractures,Hospitalization,1.0,0.0,0.0,0,INSUFFICIENT_INFORMATION,Unknown,,,,INSUFFICIENT_INFORMATION,Evidence Assessment (Observed Severity != SIF Precursor),HIGH,OSHA Severe Injury Reports
OSHA-2015010580,OSHA,2015010580,1/19/2015,323119,Severe Injury,"Contact with objects and equipment, unspecified","On or about January 19, 2015, an employee received a partial finger amputation while using the shrink wrap machine.",,,"Contact with objects and equipment, unspecified","Packaging, wrapping, bundling machinery",Amputations,,"BOWLING GREEN, OHIO","Packaging, wrapping, bundling machinery",YES,YES,Amputations,Hospitalization,1.0,1.0,0.0,0,INSUFFICIENT_INFORMATION,Kinetic,,,,INSUFFICIENT_INFORMATION,Evidence Assessment (Observed Severity != SIF Precursor),HIGH,OSHA Severe Injury Reports
OSHA-2015010581,OSHA,2015010581,1/19/2015,333294,Severe Injury,Entangled in other object or equipment,"An employee was polishing a main drive shaft on the South Bend lathe.  He was wearing gloves and an apron, and his glove got caught in the lathe. It started to wrap him up and pull him in, breaking his left arm.  He pulled himself free from the machine.",,,Entangled in other object or equipment,"Lathes, unspecified",Fractures,,"LAKELAND, FLORIDA","Lathes, unspecified",YES,YES,Fractures,Hospitalization,1.0,0.0,0.0,0,INSUFFICIENT_INFORMATION,Kinetic,,,,INSUFFICIENT_INFORMATION,Evidence Assessment (Observed Severity != SIF Precursor),HIGH,OSHA Severe Injury Reports
OSHA-2015010582,OSHA,2015010582,1/19/2015,444110,Severe Injury,Fall on same level due to tripping over an object ,"A sales consultant was at the home of a client. While putting her case into her car, she fell backwards over samples that she had placed on the ground.  She was hospitalized with a broken hip and elbow.",,,Fall on same level due to tripping over an object ,"Street, road, driveway, unspecified",Fractures,,"CLEARWATER, FLORIDA","Street, road, driveway, unspecified",YES,YES,Fractures,Hospitalization,1.0,0.0,0.0,0,INSUFFICIENT_INFORMATION,Gravity,,,,INSUFFICIENT_INFORMATION,Evidence Assessment (Observed Severity != SIF Precursor),HIGH,OSHA Severe Injury Reports
OSHA-2015010583,OSHA,2015010583,1/19/2015,622110,Severe Injury,Fall on same level due to slipping ,A home health aid slipped on ice on a driveway at a client's home which resulted in a ligament sprain in both knees and a patellar tracking disorder of the right knee requiring hospitalization.,,,Fall on same level due to slipping ,"Street, road, driveway, unspecified","Traumatic injuries to muscles, tendons, ligaments, joints, etc., unspecified",,"PITTSFIELD, MASSACHUSETTS","Street, road, driveway, unspecified",YES,YES,"Traumatic injuries to muscles, tendons, ligaments, joints, etc., unspecified",Hospitalization,1.0,0.0,0.0,0,INSUFFICIENT_INFORMATION,Unknown,,,,INSUFFICIENT_INFORMATION,Evidence Assessment (Observed Severity != SIF Precursor),HIGH,OSHA Severe Injury Reports
OSHA-2015010584,OSHA,2015010584,1/19/2015,336611,Severe Injury,Rubbed or abraded by objects being handled ,An employee was sandblasting miscellaneous steel when he lost his balance and shot blasted his bicep and chest area.  He was transported to the hospital. The extent of his injuries are not known at this time.,,,Rubbed or abraded by objects being handled ,"Sand, gravel","Surface wounds and bruises, unspecified",,"TAMPA, FLORIDA","Sand, gravel",YES,YES,"Surface wounds and bruises, unspecified",Hospitalization,1.0,0.0,0.0,0,INSUFFICIENT_INFORMATION,Thermal,,,,INSUFFICIENT_INFORMATION,Evidence Assessment (Observed Severity != SIF Precursor),HIGH,OSHA Severe Injury Reports
OSHA-2015010585,OSHA,2015010585,1/19/2015,311615,Severe Injury,"Fall on same level, n.e.c. ",Employee working in the stock room at floor level lost balance while trying to catch a tub that was falling from a table. Employee fell to the ground and fractured a hip.,,,"Fall on same level, n.e.c. ","Floor, unspecified",Fractures,,"MOOREFIELD, WEST VIRGINIA","Floor, unspecified",YES,YES,Fractures,Hospitalization,1.0,0.0,0.0,0,INSUFFICIENT_INFORMATION,Gravity,,,,INSUFFICIENT_INFORMATION,Evidence Assessment (Observed Severity != SIF Precursor),HIGH,OSHA Severe Injury Reports
OSHA-2015010586,OSHA,2015010586,1/19/2015,445110,Severe Injury,"Other fall to lower level, unspecified",An employee fell from a scissor lift loading platform.,,,"Other fall to lower level, unspecified","Aerial lifts, scissor lifts-except truck-mounted","Traumatic injuries and disorders, unspecified",,"HIALEAH, FLORIDA","Aerial lifts, scissor lifts-except truck-mounted",YES,YES,"Traumatic injuries and disorders, unspecified",Hospitalization,1.0,0.0,0.0,0,INSUFFICIENT_INFORMATION,Gravity,,,,INSUFFICIENT_INFORMATION,Evidence Assessment (Observed Severity != SIF Precursor),HIGH,OSHA Severe Injury Reports
OSHA-2015010587,OSHA,2015010587,1/19/2015,332313,Severe Injury,"Struck by falling object or equipment, unspecified",The employee suffered a fracture to her foot when the edge of a steel plate dropped and landed on her foot.,,,"Struck by falling object or equipment, unspecified","Metal plates, metal panels",Fractures,,"BRANDON, SOUTH DAKOTA","Metal plates, metal panels",YES,YES,Fractures,Hospitalization,1.0,0.0,0.0,0,INSUFFICIENT_INFORMATION,Unknown,,,,INSUFFICIENT_INFORMATION,Evidence Assessment (Observed Severity != SIF Precursor),HIGH,OSHA Severe Injury Reports
OSHA-2015010588,OSHA,2015010588,1/19/2015,623110,Severe Injury,"Fall on same level while climbing stairs, steps, or curbs","On January 19, 2015, at approximately 9:50 PM, an employee slipped while stepping from the parking lot to the sidewalk.  The employee struck her knee, resulting in the need for surgery and hospitalization.",,,"Fall on same level while climbing stairs, steps, or curbs","Parking lot, unspecified","Soreness, pain, hurt-nonspecified injury",,"PAXTON, ILLINOIS","Parking lot, unspecified",YES,YES,"Soreness, pain, hurt-nonspecified injury",Hospitalization,1.0,0.0,0.0,0,INSUFFICIENT_INFORMATION,Kinetic,,,,INSUFFICIENT_INFORMATION,Evidence Assessment (Observed Severity != SIF Precursor),HIGH,OSHA Severe Injury Reports
OSHA-2015010589,OSHA,2015010589,1/19/2015,441310,Severe Injury,Compressed or pinched by shifting objects or equipment,Employee's right pinky finger distal tip was amputated when pinched in an automobile door. The employee was helping to push start a customer's car related to a battery change when the customer closed the car door on the employee's hand.,,,Compressed or pinched by shifting objects or equipment,Automobile,Amputations,,"HOUSTON, TEXAS",Automobile,YES,YES,Amputations,Amputation,0.0,1.0,0.0,0,INSUFFICIENT_INFORMATION,Kinetic,,,,INSUFFICIENT_INFORMATION,Evidence Assessment (Observed Severity != SIF Precursor),HIGH,OSHA Severe Injury Reports
OSHA-2015010590,OSHA,2015010590,1/19/2015,722310,Severe Injury,Struck by object or equipment dropped by injured worker,Employee making a delivery struck a tree limb with his truck when entering the facility.  The tree limb fell and remained on top of the trailer.  The employee pulled the downed limb off the top of the truck and the limb landed on him breaking his leg.,,,Struck by object or equipment dropped by injured worker,"Limbs, branches-unattached",Amputations,,"ENNIS, TEXAS","Limbs, branches-unattached",YES,YES,Amputations,Hospitalization,1.0,0.0,0.0,0,INSUFFICIENT_INFORMATION,Gravity,,,,INSUFFICIENT_INFORMATION,Evidence Assessment (Observed Severity != SIF Precursor),HIGH,OSHA Severe Injury Reports
OSHA-2015010591,OSHA,2015010591,1/19/2015,332722,Severe Injury,"Contact with objects and equipment, unspecified",Employee was using a shear when his right middle finger went beyond the point of operation.  Injury is an amputation to the right middle finger above the first digit.,,,"Contact with objects and equipment, unspecified",Nonclassifiable,Amputations,,"BIRMINGHAM, ALABAMA",Nonclassifiable,YES,YES,Amputations,Amputation,0.0,1.0,0.0,0,INSUFFICIENT_INFORMATION,Unknown,,,,INSUFFICIENT_INFORMATION,Evidence Assessment (Observed Severity != SIF Precursor),HIGH,OSHA Severe Injury Reports
OSHA-2015010592,OSHA,2015010592,1/19/2015,333120,Severe Injury,"Caught in or compressed by equipment or objects, unspecified","On January 19, 2015, an employee received a partial amputation of his left index finger when it got caught between two tubes while he was manually assembling a grip.",,,"Caught in or compressed by equipment or objects, unspecified",Nonclassifiable,Amputations,,"FINDLAY, OHIO",Nonclassifiable,YES,YES,Amputations,Amputation,0.0,1.0,0.0,0,INSUFFICIENT_INFORMATION,Kinetic,,,,INSUFFICIENT_INFORMATION,Evidence Assessment (Observed Severity != SIF Precursor),HIGH,OSHA Severe Injury Reports
OSHA-2015010593,OSHA,2015010593,1/19/2015,237990,Severe Injury,"Struck by swinging or slipping object, other than handheld, n.e.c.","Employees were using a backhoe to remove a section of railroad rail when the rail broke loose and swung, striking an employee in the leg.  The employee received fractures to the femur and ankle.  It was estimated that the rail was 18 feet long and the employee was 15 to 16 feet from the backhoe.",,,"Struck by swinging or slipping object, other than handheld, n.e.c.",Railroad tracks,Fractures,,"STEELTON, PENNSYLVANIA",Railroad tracks,YES,YES,Fractures,Hospitalization,1.0,0.0,0.0,0,INSUFFICIENT_INFORMATION,Unknown,,,,INSUFFICIENT_INFORMATION,Evidence Assessment (Observed Severity != SIF Precursor),HIGH,OSHA Severe Injury Reports
OSHA-2015010594,OSHA,2015010594,1/19/2015,314110,Severe Injury,Other fall to lower level 6 to 10 feet,An employee was injured by falling more than 7 feet from the first level of a creel while moving a yarn dolly. The injury resulted in an overnight hospital stay.,,,Other fall to lower level 6 to 10 feet,"Textile, apparel, leather production machinery, unspecified","Traumatic injuries and disorders, unspecified",,"DALTON, GEORGIA","Textile, apparel, leather production machinery, unspecified",YES,YES,"Traumatic injuries and disorders, unspecified",Hospitalization,1.0,0.0,0.0,0,INSUFFICIENT_INFORMATION,Gravity,,,,INSUFFICIENT_INFORMATION,Evidence Assessment (Observed Severity != SIF Precursor),HIGH,OSHA Severe Injury Reports
OSHA-2015010595,OSHA,2015010595,1/19/2015,311513,Severe Injury,Compressed or pinched by shifting objects or equipment,"On or about January 19, 2015, an employee was operating a walk-behind lift truck and pinched his finger between the barrel lifting attachment and a stationary part.",,,Compressed or pinched by shifting objects or equipment,"Elevators, hoists, aerial lifts, personnel platforms-except truck-mounted, n.e.c.","Soreness, pain, hurt-nonspecified injury",,"PLYMOUTH, WISCONSIN","Elevators, hoists, aerial lifts, personnel platforms-except truck-mounted, n.e.c.",YES,YES,"Soreness, pain, hurt-nonspecified injury",Hospitalization,1.0,0.0,0.0,0,INSUFFICIENT_INFORMATION,Kinetic,,,,INSUFFICIENT_INFORMATION,Evidence Assessment (Observed Severity != SIF Precursor),HIGH,OSHA Severe Injury Reports
OSHA-2015010596,OSHA,2015010596,1/19/2015,332999,Severe Injury,"Struck by object or equipment, n.e.c.","An employee was helping another employee line up two heating plates that weighed approximately 2,000 pounds. The second employee signaled the forklift operator to set the plate down. When the forklift operator lowered the plate too quickly, the injured employee could not get his left thumb out of the way, causing the tip of his thumb to be amputated between the plates.",,,"Struck by object or equipment, n.e.c.","Metal plates, metal panels",Amputations,,"WHEELING, ILLINOIS","Metal plates, metal panels",YES,YES,Amputations,Amputation,0.0,1.0,0.0,0,INSUFFICIENT_INFORMATION,Unknown,,,,INSUFFICIENT_INFORMATION,Evidence Assessment (Observed Severity != SIF Precursor),HIGH,OSHA Severe Injury Reports
OSHA-2015010597,OSHA,2015010597,1/19/2015,213112,Severe Injury,Struck by object falling from vehicle or machinery-other than vehicle part,An employee suffered a back injury when a hopper that was being lifted by a forklift fell on the employee.,,,Struck by object falling from vehicle or machinery-other than vehicle part,"Containers, n.e.c.","Soreness, pain, hurt-nonspecified injury",,"STANLEY, NORTH DAKOTA","Containers, n.e.c.",YES,YES,"Soreness, pain, hurt-nonspecified injury",Hospitalization,1.0,0.0,0.0,0,INSUFFICIENT_INFORMATION,Gravity,,,,INSUFFICIENT_INFORMATION,Evidence Assessment (Observed Severity != SIF Precursor),HIGH,OSHA Severe Injury Reports
OSHA-2015010599,OSHA,2015010599,1/19/2015,424720,Severe Injury,Fall on same level due to tripping over an object ,"An employee delivering fuel unhooked the metal cable across the driveway to enter the facility.  When he was going back to the truck, he got caught up in the cable, tripped, and fell.  He was hospitalized with a fractured hip.",,,Fall on same level due to tripping over an object ,"Wire, cables-nonelectrical",Fractures,,"TAMPA, FLORIDA","Wire, cables-nonelectrical",YES,YES,Fractures,Hospitalization,1.0,0.0,0.0,0,INSUFFICIENT_INFORMATION,Gravity,,,,INSUFFICIENT_INFORMATION,Evidence Assessment (Observed Severity != SIF Precursor),HIGH,OSHA Severe Injury Reports
OSHA-2015010601,OSHA,2015010601,1/19/2015,517110,Severe Injury,"Other fall to lower level, unspecified","An employee was on a ladder installing a new line.  When he cut the old line, which was tight, the line whipped back and knocked the employee off the ladder.",,,"Other fall to lower level, unspecified","Ladders, unspecified","Traumatic injuries and disorders, unspecified",,"SAINT AUGUSTINE, FLORIDA","Ladders, unspecified",YES,YES,"Traumatic injuries and disorders, unspecified",Hospitalization,1.0,0.0,0.0,0,INSUFFICIENT_INFORMATION,Gravity,,,,INSUFFICIENT_INFORMATION,Evidence Assessment (Observed Severity != SIF Precursor),HIGH,OSHA Severe Injury Reports
OSHA-2015010602,OSHA,2015010602,1/19/2015,541910,Severe Injury,"Overexertion and bodily reaction and exertion, n.e.c.","On 1/19/15, an employee was placing items in the freezer when the employee began to see spots in the left eye and then lost vision in that eye.  Employee was hospitalized overnight.",,,"Overexertion and bodily reaction and exertion, n.e.c.","Bodily motion or position of injured, ill worker","Blindness, low vision",,"SWAMPSCOTT, MASSACHUSETTS","Bodily motion or position of injured, ill worker",YES,YES,"Blindness, low vision",Hospitalization,1.0,0.0,0.0,0,INSUFFICIENT_INFORMATION,Unknown,,,,INSUFFICIENT_INFORMATION,Evidence Assessment (Observed Severity != SIF Precursor),HIGH,OSHA Severe Injury Reports
OSHA-2015010604,OSHA,2015010604,1/19/2015,327320,Severe Injury,Injured by physical contact during horseplay ,"On 1/19/15, employee was burned on the upper right and left legs and buttocks as a result of employee horse play. The employee was hospitalized in Mercy Burn Unit for a week.",,,Injured by physical contact during horseplay ,Co-worker,"Heat (thermal) burns, unspecified",,"WENTZVILLE, MISSOURI",Co-worker,YES,YES,"Heat (thermal) burns, unspecified",Hospitalization,1.0,0.0,0.0,0,INSUFFICIENT_INFORMATION,Thermal,,,,INSUFFICIENT_INFORMATION,Evidence Assessment (Observed Severity != SIF Precursor),HIGH,OSHA Severe Injury Reports
OSHA-2015010606,OSHA,2015010606,1/19/2015,337110,Severe Injury,"Struck by falling object or equipment, n.e.c.","An employee was feeding the sander on the Hessman Sanding Machine. A panel of plywood (18""x96""x3/4"") fell from the buggy and struck him on the head, neck, and shoulders.",,,"Struck by falling object or equipment, n.e.c.","Plywood, wood paneling; particle, chip, flake board","Soreness, pain, hurt-nonspecified injury",,"KREAMER, PENNSYLVANIA","Plywood, wood paneling; particle, chip, flake board",YES,YES,"Soreness, pain, hurt-nonspecified injury",Hospitalization,1.0,0.0,0.0,0,INSUFFICIENT_INFORMATION,Gravity,,,,INSUFFICIENT_INFORMATION,Evidence Assessment (Observed Severity != SIF Precursor),HIGH,OSHA Severe Injury Reports
OSHA-2015010607,OSHA,2015010607,1/19/2015,238120,Severe Injury,"Other fall to lower level, unspecified","Employee was descending a ladder when he slipped striking his jaw and face resulting in a broken jaw, nose, and facial bones and a broken right thumb.",,,"Other fall to lower level, unspecified","Ladders, unspecified",Fractures,,"CAMBRIDGE, MASSACHUSETTS","Ladders, unspecified",YES,YES,Fractures,Hospitalization,1.0,0.0,0.0,0,INSUFFICIENT_INFORMATION,Gravity,,,,INSUFFICIENT_INFORMATION,Evidence Assessment (Observed Severity != SIF Precursor),HIGH,OSHA Severe Injury Reports
OSHA-2015010608,OSHA,2015010608,1/19/2015,561730,Severe Injury,Fall on same level due to slipping ,"An employee was checking the lights on the trailer or truck, which had just been repaired.  He climbed up onto the trailer to check the lights and slipped due to the morning dew on the trailer.  He landed the wrong way and broke his left tibia.",,,Fall on same level due to slipping ,Trailers,Fractures,,"BONITA SPRINGS, FLORIDA",Trailers,YES,YES,Fractures,Hospitalization,1.0,0.0,0.0,0,INSUFFICIENT_INFORMATION,Unknown,,,,INSUFFICIENT_INFORMATION,Evidence Assessment (Observed Severity != SIF Precursor),HIGH,OSHA Severe Injury Reports
OSHA-2015010609,OSHA,2015010609,1/19/2015,238910,Severe Injury,"Caught in or compressed by equipment or objects, n.e.c.",Employee amputated tip of finger when he caught it in a clamp while running rods.,,,"Caught in or compressed by equipment or objects, n.e.c.","Clamps, couplings",Amputations,,"MIDLAND, TEXAS","Clamps, couplings",YES,YES,Amputations,Hospitalization,1.0,1.0,0.0,0,INSUFFICIENT_INFORMATION,Kinetic,,,,INSUFFICIENT_INFORMATION,Evidence Assessment (Observed Severity != SIF Precursor),HIGH,OSHA Severe Injury Reports
OSHA-2015010200,OSHA,2015010200,1/20/2015,322219,Severe Injury,"Caught in running equipment or machinery during maintenance, cleaning ","An employee sustained an amputation injury to the tip of the middle finger on his left hand while clearing a jam on a Global Partition Slotter, which makes slots in corrugated cardboard. The employee reached into an area 3x4"" wide, 2' long while the equipment was running. The equipment was not guarded at the time, nor was it shut down or locked out.",,,"Caught in running equipment or machinery during maintenance, cleaning ","Paper production machinery, n.e.c.",Amputations,,"ELLINGTON, CONNECTICUT","Paper production machinery, n.e.c.",YES,YES,Amputations,Amputation,0.0,1.0,0.0,0,INSUFFICIENT_INFORMATION,Unknown,,,,INSUFFICIENT_INFORMATION,Evidence Assessment (Observed Severity != SIF Precursor),HIGH,OSHA Severe Injury Reports
OSHA-2015010201,OSHA,2015010201,1/20/2015,423320,Severe Injury,Struck by powered vehicle tipping over-nontransport,An employee was injured when an excavator rolled over while moving material.,,,Struck by powered vehicle tipping over-nontransport,"Excavating machinery, unspecified","Traumatic injuries and disorders, unspecified",,"FAIRLESS HILLS, PENNSYLVANIA","Excavating machinery, unspecified",YES,YES,"Traumatic injuries and disorders, unspecified",Hospitalization,1.0,0.0,0.0,0,INSUFFICIENT_INFORMATION,Unknown,,,,INSUFFICIENT_INFORMATION,Evidence Assessment (Observed Severity != SIF Precursor),HIGH,OSHA Severe Injury Reports
OSHA-2015010203,OSHA,2015010203,1/20/2015,237130,Severe Injury,"Direct exposure to electricity, unspecified",An employee suffered a severe burn injury while working on a power pole when he made contact with a live wire. The employee was sent to Utah Burn Center.,,,"Direct exposure to electricity, unspecified","Power lines, transformers, convertors","Electrical burns, unspecified",,"WATFORD CITY, NORTH DAKOTA","Power lines, transformers, convertors",YES,YES,"Electrical burns, unspecified",Hospitalization,1.0,0.0,0.0,0,INSUFFICIENT_INFORMATION,Electrical,,,,INSUFFICIENT_INFORMATION,Evidence Assessment (Observed Severity != SIF Precursor),HIGH,OSHA Severe Injury Reports
OSHA-2015010611,OSHA,2015010611,1/20/2015,321211,Severe Injury,Caught in running equipment or machinery during regular operation,"On January 20, 2015, the tip of an employee's left thumb was amputated while performing work on the Raimann #2 machine, which uses dies to remove knots from 4x4 sheets of plywood.",,,Caught in running equipment or machinery during regular operation,"Sawing machinery-stationary, n.e.c.",Amputations,,"CRAIGSVILLE, WEST VIRGINIA","Sawing machinery-stationary, n.e.c.",YES,YES,Amputations,Amputation,0.0,1.0,0.0,0,INSUFFICIENT_INFORMATION,Kinetic,,,,INSUFFICIENT_INFORMATION,Evidence Assessment (Observed Severity != SIF Precursor),HIGH,OSHA Severe Injury Reports
OSHA-2015010612,OSHA,2015010612,1/20/2015,237990,Severe Injury,"Caught in or compressed by equipment or objects, n.e.c.","Employee was installing steam trace lines from an aerial lift. The individual then bent over while working; the aerial lift moved, catching the employee's head between the cage of the aerial lift and an iron beam of the support structure for the unit.",,,"Caught in or compressed by equipment or objects, n.e.c.","Aerial lifts, scissor lifts-except truck-mounted","Soreness, pain, hurt-nonspecified injury",,"FREEPORT, TEXAS","Aerial lifts, scissor lifts-except truck-mounted",YES,YES,"Soreness, pain, hurt-nonspecified injury",Hospitalization,1.0,0.0,0.0,0,INSUFFICIENT_INFORMATION,High Pressure/Pneumatic,,,,INSUFFICIENT_INFORMATION,Evidence Assessment (Observed Severity != SIF Precursor),HIGH,OSHA Severe Injury Reports
OSHA-2015010613,OSHA,2015010613,1/20/2015,332312,Severe Injury,"Contact with objects and equipment, unspecified","On or about January 20, 2015, at approximately 3:10 PM, an employee suffered an amputation of the left-hand ring finger, just above the first knuckle. The employee was attempting to stop heavy gauge from falling off the top of a cart.",,,"Contact with objects and equipment, unspecified","Parts and materials, unspecified",Amputations,,"SPRINGFIELD, ILLINOIS","Parts and materials, unspecified",YES,YES,Amputations,Amputation,0.0,1.0,0.0,0,INSUFFICIENT_INFORMATION,Gravity,,,,INSUFFICIENT_INFORMATION,Evidence Assessment (Observed Severity != SIF Precursor),HIGH,OSHA Severe Injury Reports
OSHA-2015010614,OSHA,2015010614,1/20/2015,722110,Severe Injury,Nonclassifiable,"Employee strained his back while working at the restaurant and was unable to stand up straight, requiring the employee to go to the hospital.",,,Nonclassifiable,Nonclassifiable,Strains,,"RIVERSIDE, RHODE ISLAND",Nonclassifiable,YES,YES,Strains,Hospitalization,1.0,0.0,0.0,0,INSUFFICIENT_INFORMATION,Unknown,,,,INSUFFICIENT_INFORMATION,Evidence Assessment (Observed Severity != SIF Precursor),HIGH,OSHA Severe Injury Reports
OSHA-2015010615,OSHA,2015010615,1/20/2015,488190,Severe Injury,"Fall on same level, unspecified","An employee was walking in a hallway in the Skills & Development Center, Building 1260, when she fell and fractured her hip.",,,"Fall on same level, unspecified","Floor, unspecified",Fractures,,"CORPUS CHRISTI, TEXAS","Floor, unspecified",YES,YES,Fractures,Hospitalization,1.0,0.0,0.0,0,INSUFFICIENT_INFORMATION,Gravity,,,,INSUFFICIENT_INFORMATION,Evidence Assessment (Observed Severity != SIF Precursor),HIGH,OSHA Severe Injury Reports
OSHA-2015010616,OSHA,2015010616,1/20/2015,325412,Severe Injury,"Fall, slip, trip, unspecified ",An employee fell and struck her knee on the parking lot pavement.  The trauma required transport and inpatient hospitalization.,,,"Fall, slip, trip, unspecified ","Parking lot, unspecified","Soreness, pain, hurt-nonspecified injury",,"FORT WASHINGTON, PENNSYLVANIA","Parking lot, unspecified",YES,YES,"Soreness, pain, hurt-nonspecified injury",Hospitalization,1.0,0.0,0.0,0,INSUFFICIENT_INFORMATION,Gravity,,,,INSUFFICIENT_INFORMATION,Evidence Assessment (Observed Severity != SIF Precursor),HIGH,OSHA Severe Injury Reports
OSHA-2015010617,OSHA,2015010617,1/20/2015,311513,Severe Injury,Slip on substance without fall,An employee dismounted a forklift into a puddle of water and slipped. The employee suffered a groin tear/sprain.,,,Slip on substance without fall,"Bodily motion or position of injured, ill worker","Sprains, strains, tears, unspecified",,"MENASHA, WISCONSIN","Bodily motion or position of injured, ill worker",YES,YES,"Sprains, strains, tears, unspecified",Hospitalization,1.0,0.0,0.0,0,INSUFFICIENT_INFORMATION,Unknown,,,,INSUFFICIENT_INFORMATION,Evidence Assessment (Observed Severity != SIF Precursor),HIGH,OSHA Severe Injury Reports
OSHA-2015010618,OSHA,2015010618,1/20/2015,721110,Severe Injury,Struck or run over by rolling powered vehicle,An employee was getting out of a Ford F-150 when the truck started rolling back and the front tire rolled over the employee's left leg.,,,Struck or run over by rolling powered vehicle,Pickup truck,"Soreness, pain, hurt-nonspecified injury",,"CANYON LAKE, TEXAS",Pickup truck,YES,YES,"Soreness, pain, hurt-nonspecified injury",Hospitalization,1.0,0.0,0.0,0,INSUFFICIENT_INFORMATION,Unknown,,,,INSUFFICIENT_INFORMATION,Evidence Assessment (Observed Severity != SIF Precursor),HIGH,OSHA Severe Injury Reports
OSHA-2015010620,OSHA,2015010620,1/20/2015,493120,Severe Injury,"Struck by falling object or equipment, n.e.c.","Around 11 p.m. on January 20, 2015, an employee was attempting to load a trailer of frozen products. He went to roll up the dock door and the spring came loose, causing the door to come down on his left leg. He suffered a fracture to his left fibula and tibia and was sent to Memorial Hospital of York. At 8:30 a.m. he was evaluated for inpatient rehabilitation.",,,"Struck by falling object or equipment, n.e.c.",Garage doors,Fractures,,"MANCHESTER, PENNSYLVANIA",Garage doors,YES,YES,Fractures,Hospitalization,1.0,0.0,0.0,0,INSUFFICIENT_INFORMATION,Unknown,,,,INSUFFICIENT_INFORMATION,Evidence Assessment (Observed Severity != SIF Precursor),HIGH,OSHA Severe Injury Reports
OSHA-2015010622,OSHA,2015010622,1/20/2015,236210,Severe Injury,"Struck by falling object or equipment, unspecified",A worker was fabricating a spool from steel. A portion of the steel fell onto the worker's hand and sliced through the tip of his pinky.,,,"Struck by falling object or equipment, unspecified","Metal sheets, ingots, bars-nonstructural",Amputations,,"BATON ROUGE, LOUISIANA","Metal sheets, ingots, bars-nonstructural",YES,YES,Amputations,Amputation,0.0,1.0,0.0,0,INSUFFICIENT_INFORMATION,Gravity,,,,INSUFFICIENT_INFORMATION,Evidence Assessment (Observed Severity != SIF Precursor),HIGH,OSHA Severe Injury Reports
OSHA-2015010623,OSHA,2015010623,1/20/2015,813110,Severe Injury,"Caught in running equipment or machinery during maintenance, cleaning ",Employee was working on the HVAC unit and amputated his left index finger when it was caught on the HVAC's unit belt.,,,"Caught in running equipment or machinery during maintenance, cleaning ","Heating, cooling, and cleaning machinery and appliances, unspecified",Amputations,,"JACKSONVILLE BEACH, FLORIDA","Heating, cooling, and cleaning machinery and appliances, unspecified",YES,YES,Amputations,Amputation,0.0,1.0,0.0,0,INSUFFICIENT_INFORMATION,Kinetic,,,,INSUFFICIENT_INFORMATION,Evidence Assessment (Observed Severity != SIF Precursor),HIGH,OSHA Severe Injury Reports
OSHA-2015010624,OSHA,2015010624,1/20/2015,452111,Severe Injury,"Struck against object or equipment, unspecified",Employee cut his finger while he was cleaning the meat slicer in the deli.,,,"Struck against object or equipment, unspecified",Food slicers,Amputations,,"HOLLYWOOD, FLORIDA",Food slicers,YES,YES,Amputations,Amputation,0.0,1.0,0.0,0,INSUFFICIENT_INFORMATION,Unknown,,,,INSUFFICIENT_INFORMATION,Evidence Assessment (Observed Severity != SIF Precursor),HIGH,OSHA Severe Injury Reports
PHMSA-20230109,PHMSA,20230109,4/26/2023 16:30,Hazardous Liquid Pipeline,Pipeline Accident,Containment Failure / Release,Pipeline incident on 24-INCH LINE (ONSHORE PUMP/METER STATION EQUIPMENT AND PIPING). Primary cause: CORROSION FAILURE - INTERNAL CORROSION.,INTERNAL CORROSION,,CORROSION FAILURE,INTERNAL CORROSION,Pressurized Flammable/Toxic Fluid Release,Pipeline Transmission & Storage,SHELBURNE,ONSHORE PUMP/METER STATION EQUIPMENT AND PIPING,YES,YES,Workforce Injury,Injury,,,,0,YES,Multiple,BARRIER_FAILED,CORROSION FAILURE,Energy Isolation,INSUFFICIENT_INFORMATION,PHMSA Process Safety & Explosion Metrics,HIGH,PHMSA Hazardous Liquid Pipeline Accident Database
PHMSA-20210306,PHMSA,20210306,9/28/2021 12:30,Hazardous Liquid Pipeline,Pipeline Accident,Containment Failure / Release,"Pipeline incident on ST 130 (""""""""""""""""""""""""""""""""""""""""""""""""OFFSHORE PIPELINE, INCLUDING RISER AND RISER BEND""""""""""""""""""""""""""""""""""""""""""""""""). Primary cause: OTHER OUTSIDE FORCE DAMAGE - """"""""""""""""""""""""""""""""""""""""""""""""DAMAGE BY BOATS, BARGES, DRILLING RIGS, OR OTHER MARITIME EQUIPMENT OR VESSELS SET ADRIFT OR WHICH HAVE OTHERWISE LOST THEIR MOORING"""""""""""""""""""""""""""""""""""""""""""""""".","""""""""""""""""""""""""""""""""""""""""""""""""DAMAGE BY BOATS, BARGES, DRILLING RIGS, OR OTHER MARITIME EQUIPMENT OR VESSELS SET ADRIFT OR WHICH HAVE OTHERWISE LOST THEIR MOORING""""""""""""""""""""""""""""""""""""""""""""""""",,OTHER OUTSIDE FORCE DAMAGE,"""""""""""""""""""""""""""""""""""""""""""""""""DAMAGE BY BOATS, BARGES, DRILLING RIGS, OR OTHER MARITIME EQUIPMENT OR VESSELS SET ADRIFT OR WHICH HAVE OTHERWISE LOST THEIR MOORING""""""""""""""""""""""""""""""""""""""""""""""""",Pressurized Flammable/Toxic Fluid Release,Pipeline Transmission & Storage,nan,"""""""""""""""""""""""""""""""""""""""""""""""""OFFSHORE PIPELINE, INCLUDING RISER AND RISER BEND""""""""""""""""""""""""""""""""""""""""""""""""",YES,YES,Workforce Injury,Injury,,,,0,YES,Multiple,BARRIER_FAILED,OTHER OUTSIDE FORCE DAMAGE,Energy Isolation,INSUFFICIENT_INFORMATION,PHMSA Process Safety & Explosion Metrics,HIGH,PHMSA Hazardous Liquid Pipeline Accident Database
PHMSA-20210137,PHMSA,20210137,4/3/21 9:30,Hazardous Liquid Pipeline,Pipeline Accident,Containment Failure / Release,"Pipeline incident on AMDEL PIPELINE (""""""""""""""""""""""""""""""""""""""""""""""""ONSHORE PIPELINE, INCLUDING VALVE SITES""""""""""""""""""""""""""""""""""""""""""""""""). Primary cause: MATERIAL FAILURE OF PIPE OR WELD - """"""""""""""""""""""""""""""""""""""""""""""""DESIGN-, CONSTRUCTION-, INSTALLATION-, OR FABRICATION-RELATED"""""""""""""""""""""""""""""""""""""""""""""""".","""""""""""""""""""""""""""""""""""""""""""""""""DESIGN-, CONSTRUCTION-, INSTALLATION-, OR FABRICATION-RELATED""""""""""""""""""""""""""""""""""""""""""""""""",,MATERIAL FAILURE OF PIPE OR WELD,"""""""""""""""""""""""""""""""""""""""""""""""""DESIGN-, CONSTRUCTION-, INSTALLATION-, OR FABRICATION-RELATED""""""""""""""""""""""""""""""""""""""""""""""""",Pressurized Flammable/Toxic Fluid Release,Pipeline Transmission & Storage,BALLINGER,"""""""""""""""""""""""""""""""""""""""""""""""""ONSHORE PIPELINE, INCLUDING VALVE SITES""""""""""""""""""""""""""""""""""""""""""""""""",YES,YES,Workforce Injury,Fatality,,,,4,YES,Multiple,BARRIER_FAILED,MATERIAL FAILURE OF PIPE OR WELD,Energy Isolation,YES,PHMSA Process Safety & Explosion Metrics,HIGH,PHMSA Hazardous Liquid Pipeline Accident Database
PHMSA-20200166,PHMSA,20200166,5/7/20 11:33,Hazardous Liquid Pipeline,Pipeline Accident,Containment Failure / Release,Pipeline incident on KEYSTONE PIPELINE (ONSHORE TERMINAL/TANK FARM EQUIPMENT AND PIPING). Primary cause: CORROSION FAILURE - INTERNAL CORROSION.,INTERNAL CORROSION,,CORROSION FAILURE,INTERNAL CORROSION,Pressurized Flammable/Toxic Fluid Release,Pipeline Transmission & Storage,BEAUMONT,ONSHORE TERMINAL/TANK FARM EQUIPMENT AND PIPING,YES,YES,Workforce Injury,Fatality,,,,1,YES,Multiple,BARRIER_FAILED,CORROSION FAILURE,Energy Isolation,YES,PHMSA Process Safety & Explosion Metrics,HIGH,PHMSA Hazardous Liquid Pipeline Accident Database
PHMSA-20190007,PHMSA,20190007,12/13/2018 23:41,Hazardous Liquid Pipeline,Pipeline Accident,Containment Failure / Release,"Pipeline incident on LS 18 (SECTION OF EL PASO TO TUCSON 12-INCH) (""""""""""""""""""""""""""""""""""""""""""""""""ONSHORE PIPELINE, INCLUDING VALVE SITES""""""""""""""""""""""""""""""""""""""""""""""""). Primary cause: CORROSION FAILURE - EXTERNAL CORROSION.",EXTERNAL CORROSION,,CORROSION FAILURE,EXTERNAL CORROSION,Pressurized Flammable/Toxic Fluid Release,Pipeline Transmission & Storage,ANTHONY,"""""""""""""""""""""""""""""""""""""""""""""""""ONSHORE PIPELINE, INCLUDING VALVE SITES""""""""""""""""""""""""""""""""""""""""""""""""",YES,YES,Workforce Injury,Fatality,,,,2,YES,Multiple,BARRIER_FAILED,CORROSION FAILURE,Energy Isolation,YES,PHMSA Process Safety & Explosion Metrics,HIGH,PHMSA Hazardous Liquid Pipeline Accident Database
PHMSA-20180111,PHMSA,20180111,3/20/2018 18:21,Hazardous Liquid Pipeline,Pipeline Accident,Containment Failure / Release,"Pipeline incident on """"""""""""""""""""""""""""""""""""""""""""""""ROBINSON TO MT. VERNON, IN 10"""""""""""""""""""""""""""""""""""""""""""""""""""""""""""""""" PRODUCTS"""""""""""""""""""""""""""""""""""""""""""""""" (""""""""""""""""""""""""""""""""""""""""""""""""ONSHORE PIPELINE, INCLUDING VALVE SITES""""""""""""""""""""""""""""""""""""""""""""""""). Primary cause: NATURAL FORCE DAMAGE - HEAVY RAINS/FLOODS.",HEAVY RAINS/FLOODS,,NATURAL FORCE DAMAGE,HEAVY RAINS/FLOODS,Pressurized Flammable/Toxic Fluid Release,Pipeline Transmission & Storage,SOLITUDE,"""""""""""""""""""""""""""""""""""""""""""""""""ONSHORE PIPELINE, INCLUDING VALVE SITES""""""""""""""""""""""""""""""""""""""""""""""""",YES,YES,Workforce Injury,Fatality,,,,3,YES,Multiple,BARRIER_FAILED,NATURAL FORCE DAMAGE,Energy Isolation,YES,PHMSA Process Safety & Explosion Metrics,HIGH,PHMSA Hazardous Liquid Pipeline Accident Database
PHMSA-20170320,PHMSA,20170320,8/31/2017 23:30,Hazardous Liquid Pipeline,Pipeline Accident,Containment Failure / Release,"Pipeline incident on GALENA PARK (""""""""""""""""""""""""""""""""""""""""""""""""ONSHORE BREAKOUT TANK OR STORAGE VESSEL, INCLUDING ATTACHED APPURTENANCES""""""""""""""""""""""""""""""""""""""""""""""""). Primary cause: NATURAL FORCE DAMAGE - HEAVY RAINS/FLOODS.",HEAVY RAINS/FLOODS,,NATURAL FORCE DAMAGE,HEAVY RAINS/FLOODS,Pressurized Flammable/Toxic Fluid Release,Pipeline Transmission & Storage,GALENA PARK,"""""""""""""""""""""""""""""""""""""""""""""""""ONSHORE BREAKOUT TANK OR STORAGE VESSEL, INCLUDING ATTACHED APPURTENANCES""""""""""""""""""""""""""""""""""""""""""""""""",YES,YES,Workforce Injury,Fatality,,,,4,YES,Multiple,BARRIER_FAILED,NATURAL FORCE DAMAGE,Energy Isolation,YES,PHMSA Process Safety & Explosion Metrics,HIGH,PHMSA Hazardous Liquid Pipeline Accident Database
PHMSA-20170321,PHMSA,20170321,8/31/2017 23:30,Hazardous Liquid Pipeline,Pipeline Accident,Containment Failure / Release,"Pipeline incident on GALENA PARK (""""""""""""""""""""""""""""""""""""""""""""""""ONSHORE BREAKOUT TANK OR STORAGE VESSEL, INCLUDING ATTACHED APPURTENANCES""""""""""""""""""""""""""""""""""""""""""""""""). Primary cause: NATURAL FORCE DAMAGE - HEAVY RAINS/FLOODS.",HEAVY RAINS/FLOODS,,NATURAL FORCE DAMAGE,HEAVY RAINS/FLOODS,Pressurized Flammable/Toxic Fluid Release,Pipeline Transmission & Storage,GALENA PARK,"""""""""""""""""""""""""""""""""""""""""""""""""ONSHORE BREAKOUT TANK OR STORAGE VESSEL, INCLUDING ATTACHED APPURTENANCES""""""""""""""""""""""""""""""""""""""""""""""""",YES,YES,Workforce Injury,Fatality,,,,4,YES,Multiple,BARRIER_FAILED,NATURAL FORCE DAMAGE,Energy Isolation,YES,PHMSA Process Safety & Explosion Metrics,HIGH,PHMSA Hazardous Liquid Pipeline Accident Database
PHMSA-20160393,PHMSA,20160393,10/29/2016 21:21,Hazardous Liquid Pipeline,Pipeline Accident,Containment Failure / Release,Pipeline incident on WHITE CLIFFS II (ONSHORE PUMP/METER STATION EQUIPMENT AND PIPING). Primary cause: INCORRECT OPERATION - OTHER INCORRECT OPERATION.,OTHER INCORRECT OPERATION,,INCORRECT OPERATION,OTHER INCORRECT OPERATION,Pressurized Flammable/Toxic Fluid Release,Pipeline Transmission & Storage,Not Within a Municipality,ONSHORE PUMP/METER STATION EQUIPMENT AND PIPING,YES,YES,Workforce Injury,Fatality,,,,3,YES,Multiple,BARRIER_FAILED,INCORRECT OPERATION,Energy Isolation,YES,PHMSA Process Safety & Explosion Metrics,HIGH,PHMSA Hazardous Liquid Pipeline Accident Database
PHMSA-20160087,PHMSA,20160087,2/22/2016 12:25,Hazardous Liquid Pipeline,Pipeline Accident,Containment Failure / Release,"Pipeline incident on IMTT-BAYONNE (ONSHORE TERMINAL/TANK FARM EQUIPMENT AND PIPING). Primary cause: MATERIAL FAILURE OF PIPE OR WELD - """"""""""""""""""""""""""""""""""""""""""""""""DESIGN-, CONSTRUCTION-, INSTALLATION-, OR FABRICATION-RELATED"""""""""""""""""""""""""""""""""""""""""""""""".","""""""""""""""""""""""""""""""""""""""""""""""""DESIGN-, CONSTRUCTION-, INSTALLATION-, OR FABRICATION-RELATED""""""""""""""""""""""""""""""""""""""""""""""""",,MATERIAL FAILURE OF PIPE OR WELD,"""""""""""""""""""""""""""""""""""""""""""""""""DESIGN-, CONSTRUCTION-, INSTALLATION-, OR FABRICATION-RELATED""""""""""""""""""""""""""""""""""""""""""""""""",Pressurized Flammable/Toxic Fluid Release,Pipeline Transmission & Storage,BAYONNE,ONSHORE TERMINAL/TANK FARM EQUIPMENT AND PIPING,YES,YES,Workforce Injury,Fatality,,,,3,YES,Multiple,BARRIER_FAILED,MATERIAL FAILURE OF PIPE OR WELD,Energy Isolation,YES,PHMSA Process Safety & Explosion Metrics,HIGH,PHMSA Hazardous Liquid Pipeline Accident Database
PHMSA-20150071,PHMSA,20150071,1/26/2015 9:38,Hazardous Liquid Pipeline,Pipeline Accident,Containment Failure / Release,"Pipeline incident on ATEX-1 (""""""""""""""""""""""""""""""""""""""""""""""""ONSHORE PIPELINE, INCLUDING VALVE SITES""""""""""""""""""""""""""""""""""""""""""""""""). Primary cause: MATERIAL FAILURE OF PIPE OR WELD - """"""""""""""""""""""""""""""""""""""""""""""""DESIGN-, CONSTRUCTION-, INSTALLATION-, OR FABRICATION-RELATED"""""""""""""""""""""""""""""""""""""""""""""""".","""""""""""""""""""""""""""""""""""""""""""""""""DESIGN-, CONSTRUCTION-, INSTALLATION-, OR FABRICATION-RELATED""""""""""""""""""""""""""""""""""""""""""""""""",,MATERIAL FAILURE OF PIPE OR WELD,"""""""""""""""""""""""""""""""""""""""""""""""""DESIGN-, CONSTRUCTION-, INSTALLATION-, OR FABRICATION-RELATED""""""""""""""""""""""""""""""""""""""""""""""""",Pressurized Flammable/Toxic Fluid Release,Pipeline Transmission & Storage,COLLIERS,"""""""""""""""""""""""""""""""""""""""""""""""""ONSHORE PIPELINE, INCLUDING VALVE SITES""""""""""""""""""""""""""""""""""""""""""""""""",YES,YES,Workforce Injury,Fatality,,,,4,YES,Multiple,BARRIER_FAILED,MATERIAL FAILURE OF PIPE OR WELD,Energy Isolation,YES,PHMSA Process Safety & Explosion Metrics,HIGH,PHMSA Hazardous Liquid Pipeline Accident Database
PHMSA-20150054,PHMSA,20150054,12/14/2014 14:00,Hazardous Liquid Pipeline,Pipeline Accident,Containment Failure / Release,"Pipeline incident on SAND ISLAND TERMINAL FACILITY (""""""""""""""""""""""""""""""""""""""""""""""""ONSHORE BREAKOUT TANK OR STORAGE VESSEL, INCLUDING ATTACHED APPURTENANCES""""""""""""""""""""""""""""""""""""""""""""""""). Primary cause: CORROSION FAILURE - EXTERNAL CORROSION.",EXTERNAL CORROSION,,CORROSION FAILURE,EXTERNAL CORROSION,Pressurized Flammable/Toxic Fluid Release,Pipeline Transmission & Storage,HONOLULU,"""""""""""""""""""""""""""""""""""""""""""""""""ONSHORE BREAKOUT TANK OR STORAGE VESSEL, INCLUDING ATTACHED APPURTENANCES""""""""""""""""""""""""""""""""""""""""""""""""",YES,YES,Workforce Injury,Fatality,,,,5,YES,Multiple,BARRIER_FAILED,CORROSION FAILURE,Energy Isolation,YES,PHMSA Process Safety & Explosion Metrics,HIGH,PHMSA Hazardous Liquid Pipeline Accident Database
PHMSA-20130289,PHMSA,20130289,7/26/2013 8:00,Hazardous Liquid Pipeline,Pipeline Accident,Containment Failure / Release,Pipeline incident on BLAKE PUMP STATION (ONSHORE PUMP/METER STATION EQUIPMENT AND PIPING). Primary cause: EQUIPMENT FAILURE - MALFUNCTION OF CONTROL/RELIEF EQUIPMENT.,MALFUNCTION OF CONTROL/RELIEF EQUIPMENT,,EQUIPMENT FAILURE,MALFUNCTION OF CONTROL/RELIEF EQUIPMENT,Pressurized Flammable/Toxic Fluid Release,Pipeline Transmission & Storage,COPAN,ONSHORE PUMP/METER STATION EQUIPMENT AND PIPING,YES,YES,Workforce Injury,Fatality,,,,5,YES,Multiple,BARRIER_FAILED,EQUIPMENT FAILURE,Energy Isolation,YES,PHMSA Process Safety & Explosion Metrics,HIGH,PHMSA Hazardous Liquid Pipeline Accident Database
PHMSA-20130136,PHMSA,20130136,3/18/2013 15:26,Hazardous Liquid Pipeline,Pipeline Accident,Containment Failure / Release,"Pipeline incident on SALT LAKE PRODUCTS SYSTEM (""""""""""""""""""""""""""""""""""""""""""""""""ONSHORE PIPELINE, INCLUDING VALVE SITES""""""""""""""""""""""""""""""""""""""""""""""""). Primary cause: CORROSION FAILURE - EXTERNAL CORROSION.",EXTERNAL CORROSION,,CORROSION FAILURE,EXTERNAL CORROSION,Pressurized Flammable/Toxic Fluid Release,Pipeline Transmission & Storage,WILLARD,"""""""""""""""""""""""""""""""""""""""""""""""""ONSHORE PIPELINE, INCLUDING VALVE SITES""""""""""""""""""""""""""""""""""""""""""""""""",YES,YES,Workforce Injury,Fatality,,,,6,YES,Multiple,BARRIER_FAILED,CORROSION FAILURE,Energy Isolation,YES,PHMSA Process Safety & Explosion Metrics,HIGH,PHMSA Hazardous Liquid Pipeline Accident Database
PHMSA-20130084,PHMSA,20130084,2/5/13 15:00,Hazardous Liquid Pipeline,Pipeline Accident,Containment Failure / Release,Pipeline incident on HEIDELBERG PIPELINE (ONSHORE PUMP/METER STATION EQUIPMENT AND PIPING). Primary cause: CORROSION FAILURE - INTERNAL CORROSION.,INTERNAL CORROSION,,CORROSION FAILURE,INTERNAL CORROSION,Pressurized Flammable/Toxic Fluid Release,Pipeline Transmission & Storage,BAY SPRINGS,ONSHORE PUMP/METER STATION EQUIPMENT AND PIPING,YES,YES,,Fatality,,,,5,YES,Multiple,BARRIER_FAILED,CORROSION FAILURE,Energy Isolation,YES,PHMSA Process Safety & Explosion Metrics,HIGH,PHMSA Hazardous Liquid Pipeline Accident Database
PHMSA-20120071,PHMSA,20120071,2/14/2012 16:55,Hazardous Liquid Pipeline,Pipeline Accident,Containment Failure / Release,Pipeline incident on ROSEMOUNT PUMP STATION (ONSHORE TERMINAL/TANK FARM EQUIPMENT AND PIPING). Primary cause: EQUIPMENT FAILURE - NON-THREADED CONNECTION FAILURE.,NON-THREADED CONNECTION FAILURE,,EQUIPMENT FAILURE,NON-THREADED CONNECTION FAILURE,Pressurized Flammable/Toxic Fluid Release,Pipeline Transmission & Storage,APPLE VALLEY,ONSHORE TERMINAL/TANK FARM EQUIPMENT AND PIPING,YES,YES,,Fatality,,,,3,YES,Multiple,BARRIER_FAILED,EQUIPMENT FAILURE,Energy Isolation,YES,PHMSA Process Safety & Explosion Metrics,HIGH,PHMSA Hazardous Liquid Pipeline Accident Database
PHMSA-20110370,PHMSA,20110370,9/12/11 6:16,Hazardous Liquid Pipeline,Pipeline Accident,Containment Failure / Release,"Pipeline incident on nan (""""""""""""""""""""""""""""""""""""""""""""""""OFFSHORE PIPELINE, INCLUDING RISER AND RISER BEND""""""""""""""""""""""""""""""""""""""""""""""""). Primary cause: OTHER ACCIDENT CAUSE - MISCELLANEOUS.",MISCELLANEOUS,,OTHER ACCIDENT CAUSE,MISCELLANEOUS,Pressurized Flammable/Toxic Fluid Release,Pipeline Transmission & Storage,nan,"""""""""""""""""""""""""""""""""""""""""""""""""OFFSHORE PIPELINE, INCLUDING RISER AND RISER BEND""""""""""""""""""""""""""""""""""""""""""""""""",NO,NO,,Property/Containment Damage,,,,0,YES,Multiple,BARRIER_FAILED,OTHER ACCIDENT CAUSE,Energy Isolation,NO,PHMSA Process Safety & Explosion Metrics,HIGH,PHMSA Hazardous Liquid Pipeline Accident Database
PHMSA-20110220,PHMSA,20110220,6/12/11 6:30,Hazardous Liquid Pipeline,Pipeline Accident,Containment Failure / Release,"Pipeline incident on nan (""""""""""""""""""""""""""""""""""""""""""""""""OFFSHORE PIPELINE, INCLUDING RISER AND RISER BEND""""""""""""""""""""""""""""""""""""""""""""""""). Primary cause: EQUIPMENT FAILURE - NON-THREADED CONNECTION FAILURE.",NON-THREADED CONNECTION FAILURE,,EQUIPMENT FAILURE,NON-THREADED CONNECTION FAILURE,Pressurized Flammable/Toxic Fluid Release,Pipeline Transmission & Storage,nan,"""""""""""""""""""""""""""""""""""""""""""""""""OFFSHORE PIPELINE, INCLUDING RISER AND RISER BEND""""""""""""""""""""""""""""""""""""""""""""""""",NO,NO,,Property/Containment Damage,,,,0,YES,Multiple,BARRIER_FAILED,EQUIPMENT FAILURE,Energy Isolation,YES,PHMSA Process Safety & Explosion Metrics,HIGH,PHMSA Hazardous Liquid Pipeline Accident Database
PHMSA-20110155,PHMSA,20110155,4/5/10 9:10,Hazardous Liquid Pipeline,Pipeline Accident,Containment Failure / Release,"Pipeline incident on BRIDGER LAKE (""""""""""""""""""""""""""""""""""""""""""""""""ONSHORE PIPELINE, INCLUDING VALVE SITES""""""""""""""""""""""""""""""""""""""""""""""""). Primary cause: INCORRECT OPERATION - PIPELINE OR EQUIPMENT OVERPRESSURED.",PIPELINE OR EQUIPMENT OVERPRESSURED,,INCORRECT OPERATION,PIPELINE OR EQUIPMENT OVERPRESSURED,Pressurized Flammable/Toxic Fluid Release,Pipeline Transmission & Storage,ROBERTSON,"""""""""""""""""""""""""""""""""""""""""""""""""ONSHORE PIPELINE, INCLUDING VALVE SITES""""""""""""""""""""""""""""""""""""""""""""""""",NO,NO,,Property/Containment Damage,,,,0,YES,Multiple,BARRIER_FAILED,INCORRECT OPERATION,Energy Isolation,YES,PHMSA Process Safety & Explosion Metrics,HIGH,PHMSA Hazardous Liquid Pipeline Accident Database
PHMSA-20100045,PHMSA,20100045,3/25/2010 17:36,Hazardous Liquid Pipeline,Pipeline Accident,Containment Failure / Release,"Pipeline incident on nan (""""""""""""""""""""""""""""""""""""""""""""""""OFFSHORE PIPELINE, INCLUDING RISER AND RISER BEND""""""""""""""""""""""""""""""""""""""""""""""""). Primary cause: OTHER OUTSIDE FORCE DAMAGE - OTHER OUTSIDE FORCE DAMAGE.",OTHER OUTSIDE FORCE DAMAGE,,OTHER OUTSIDE FORCE DAMAGE,OTHER OUTSIDE FORCE DAMAGE,Pressurized Flammable/Toxic Fluid Release,Pipeline Transmission & Storage,nan,"""""""""""""""""""""""""""""""""""""""""""""""""OFFSHORE PIPELINE, INCLUDING RISER AND RISER BEND""""""""""""""""""""""""""""""""""""""""""""""""",NO,NO,,Property/Containment Damage,,,,0,YES,Multiple,BARRIER_FAILED,OTHER OUTSIDE FORCE DAMAGE,Energy Isolation,YES,PHMSA Process Safety & Explosion Metrics,HIGH,PHMSA Hazardous Liquid Pipeline Accident Database
PHMSA-20100021,PHMSA,20100021,1/8/10 23:38,Hazardous Liquid Pipeline,Pipeline Accident,Containment Failure / Release,"Pipeline incident on nan (""""""""""""""""""""""""""""""""""""""""""""""""ONSHORE PIPELINE, INCLUDING VALVE SITES""""""""""""""""""""""""""""""""""""""""""""""""). Primary cause: MATERIAL FAILURE OF PIPE OR WELD - ORIGINAL MANUFACTURING-RELATED (NOT GIRTH WELD OR OTHER WELDS FORMED IN THE FIELD).",ORIGINAL MANUFACTURING-RELATED (NOT GIRTH WELD OR OTHER WELDS FORMED IN THE FIELD),,MATERIAL FAILURE OF PIPE OR WELD,ORIGINAL MANUFACTURING-RELATED (NOT GIRTH WELD OR OTHER WELDS FORMED IN THE FIELD),Pressurized Flammable/Toxic Fluid Release,Pipeline Transmission & Storage,NECHE,"""""""""""""""""""""""""""""""""""""""""""""""""ONSHORE PIPELINE, INCLUDING VALVE SITES""""""""""""""""""""""""""""""""""""""""""""""""",NO,NO,,Property/Containment Damage,,,,0,NO,High Pressure/Pneumatic,BARRIER_FAILED,MATERIAL FAILURE OF PIPE OR WELD,Energy Isolation,NO,PHMSA Process Safety & Explosion Metrics,HIGH,PHMSA Hazardous Liquid Pipeline Accident Database
PHMSA-20230193,PHMSA,20230193,8/13/2023 19:12,Hazardous Liquid Pipeline,Pipeline Accident,Containment Failure / Release,Pipeline incident on WILBRIDGE TERMINAL (ONSHORE TERMINAL/TANK FARM EQUIPMENT AND PIPING). Primary cause: OTHER ACCIDENT CAUSE - UNKNOWN.,UNKNOWN,,OTHER ACCIDENT CAUSE,UNKNOWN,Pressurized Flammable/Toxic Fluid Release,Pipeline Transmission & Storage,PORTLAND,ONSHORE TERMINAL/TANK FARM EQUIPMENT AND PIPING,NO,NO,,Property/Containment Damage,,,,0,NO,High Pressure/Pneumatic,BARRIER_FAILED,OTHER ACCIDENT CAUSE,Energy Isolation,NO,PHMSA Process Safety & Explosion Metrics,HIGH,PHMSA Hazardous Liquid Pipeline Accident Database
PHMSA-20230191,PHMSA,20230191,8/9/23 17:00,Hazardous Liquid Pipeline,Pipeline Accident,Containment Failure / Release,Pipeline incident on BATON ROUGE TANK FARM (ONSHORE TERMINAL/TANK FARM EQUIPMENT AND PIPING). Primary cause: EQUIPMENT FAILURE - NON-THREADED CONNECTION FAILURE.,NON-THREADED CONNECTION FAILURE,,EQUIPMENT FAILURE,NON-THREADED CONNECTION FAILURE,Pressurized Flammable/Toxic Fluid Release,Pipeline Transmission & Storage,BATON ROUGE,ONSHORE TERMINAL/TANK FARM EQUIPMENT AND PIPING,NO,NO,,Property/Containment Damage,,,,0,NO,High Pressure/Pneumatic,BARRIER_FAILED,EQUIPMENT FAILURE,Energy Isolation,NO,PHMSA Process Safety & Explosion Metrics,HIGH,PHMSA Hazardous Liquid Pipeline Accident Database
PHMSA-20230200,PHMSA,20230200,8/4/23 5:40,Hazardous Liquid Pipeline,Pipeline Accident,Containment Failure / Release,Pipeline incident on WEST WINFREE STATION (ONSHORE PUMP/METER STATION EQUIPMENT AND PIPING). Primary cause: EQUIPMENT FAILURE - NON-THREADED CONNECTION FAILURE.,NON-THREADED CONNECTION FAILURE,,EQUIPMENT FAILURE,NON-THREADED CONNECTION FAILURE,Pressurized Flammable/Toxic Fluid Release,Pipeline Transmission & Storage,MONT BELVIEU,ONSHORE PUMP/METER STATION EQUIPMENT AND PIPING,NO,NO,,Property/Containment Damage,,,,0,NO,High Pressure/Pneumatic,BARRIER_FAILED,EQUIPMENT FAILURE,Energy Isolation,NO,PHMSA Process Safety & Explosion Metrics,HIGH,PHMSA Hazardous Liquid Pipeline Accident Database
PHMSA-20230201,PHMSA,20230201,8/2/23 6:00,Hazardous Liquid Pipeline,Pipeline Accident,Containment Failure / Release,Pipeline incident on WEST WINFREE STATION (ONSHORE PUMP/METER STATION EQUIPMENT AND PIPING). Primary cause: EQUIPMENT FAILURE - NON-THREADED CONNECTION FAILURE.,NON-THREADED CONNECTION FAILURE,,EQUIPMENT FAILURE,NON-THREADED CONNECTION FAILURE,Pressurized Flammable/Toxic Fluid Release,Pipeline Transmission & Storage,MONT BELVIEU,ONSHORE PUMP/METER STATION EQUIPMENT AND PIPING,NO,NO,,Property/Containment Damage,,,,0,NO,High Pressure/Pneumatic,BARRIER_FAILED,EQUIPMENT FAILURE,Energy Isolation,NO,PHMSA Process Safety & Explosion Metrics,HIGH,PHMSA Hazardous Liquid Pipeline Accident Database
PHMSA-20230199,PHMSA,20230199,8/1/23 22:05,Hazardous Liquid Pipeline,Pipeline Accident,Containment Failure / Release,"Pipeline incident on P66 BEAUMONT TERMINAL (""""""""""""""""""""""""""""""""""""""""""""""""ONSHORE BREAKOUT TANK OR STORAGE VESSEL, INCLUDING ATTACHED APPURTENANCES""""""""""""""""""""""""""""""""""""""""""""""""). Primary cause: INCORRECT OPERATION - OTHER INCORRECT OPERATION.",OTHER INCORRECT OPERATION,,INCORRECT OPERATION,OTHER INCORRECT OPERATION,Pressurized Flammable/Toxic Fluid Release,Pipeline Transmission & Storage,NEDERLAND,"""""""""""""""""""""""""""""""""""""""""""""""""ONSHORE BREAKOUT TANK OR STORAGE VESSEL, INCLUDING ATTACHED APPURTENANCES""""""""""""""""""""""""""""""""""""""""""""""""",NO,NO,,Property/Containment Damage,,,,0,NO,High Pressure/Pneumatic,BARRIER_FAILED,INCORRECT OPERATION,Energy Isolation,NO,PHMSA Process Safety & Explosion Metrics,HIGH,PHMSA Hazardous Liquid Pipeline Accident Database
PHMSA-20230197,PHMSA,20230197,7/31/2023 18:58,Hazardous Liquid Pipeline,Pipeline Accident,Containment Failure / Release,Pipeline incident on P66 BEAUMONT TERMINAL (ONSHORE TERMINAL/TANK FARM EQUIPMENT AND PIPING). Primary cause: CORROSION FAILURE - INTERNAL CORROSION.,INTERNAL CORROSION,,CORROSION FAILURE,INTERNAL CORROSION,Pressurized Flammable/Toxic Fluid Release,Pipeline Transmission & Storage,NEDERLAND,ONSHORE TERMINAL/TANK FARM EQUIPMENT AND PIPING,NO,NO,,Property/Containment Damage,,,,0,NO,High Pressure/Pneumatic,BARRIER_FAILED,CORROSION FAILURE,Energy Isolation,NO,PHMSA Process Safety & Explosion Metrics,HIGH,PHMSA Hazardous Liquid Pipeline Accident Database
PHMSA-20230196,PHMSA,20230196,7/31/2023 11:22,Hazardous Liquid Pipeline,Pipeline Accident,Containment Failure / Release,"Pipeline incident on ALON STATION (""""""""""""""""""""""""""""""""""""""""""""""""ONSHORE PIPELINE, INCLUDING VALVE SITES""""""""""""""""""""""""""""""""""""""""""""""""). Primary cause: CORROSION FAILURE - INTERNAL CORROSION.",INTERNAL CORROSION,,CORROSION FAILURE,INTERNAL CORROSION,Pressurized Flammable/Toxic Fluid Release,Pipeline Transmission & Storage,Not Within a Municipality,"""""""""""""""""""""""""""""""""""""""""""""""""ONSHORE PIPELINE, INCLUDING VALVE SITES""""""""""""""""""""""""""""""""""""""""""""""""",NO,NO,,Property/Containment Damage,,,,0,NO,High Pressure/Pneumatic,BARRIER_FAILED,CORROSION FAILURE,Energy Isolation,NO,PHMSA Process Safety & Explosion Metrics,HIGH,PHMSA Hazardous Liquid Pipeline Accident Database
PHMSA-20230198,PHMSA,20230198,7/31/2023 8:00,Hazardous Liquid Pipeline,Pipeline Accident,Containment Failure / Release,Pipeline incident on HUDSON STATION (ONSHORE PUMP/METER STATION EQUIPMENT AND PIPING). Primary cause: CORROSION FAILURE - INTERNAL CORROSION.,INTERNAL CORROSION,,CORROSION FAILURE,INTERNAL CORROSION,Pressurized Flammable/Toxic Fluid Release,Pipeline Transmission & Storage,Not Within a Municipality,ONSHORE PUMP/METER STATION EQUIPMENT AND PIPING,NO,NO,,Property/Containment Damage,,,,0,NO,High Pressure/Pneumatic,BARRIER_FAILED,CORROSION FAILURE,Energy Isolation,NO,PHMSA Process Safety & Explosion Metrics,HIGH,PHMSA Hazardous Liquid Pipeline Accident Database
PHMSA-20230183,PHMSA,20230183,7/29/2023 7:30,Hazardous Liquid Pipeline,Pipeline Accident,Containment Failure / Release,Pipeline incident on IMTT-BAYONNE YARD 8 (ONSHORE TERMINAL/TANK FARM EQUIPMENT AND PIPING). Primary cause: EQUIPMENT FAILURE - THREADED CONNECTION/COUPLING FAILURE.,THREADED CONNECTION/COUPLING FAILURE,,EQUIPMENT FAILURE,THREADED CONNECTION/COUPLING FAILURE,Pressurized Flammable/Toxic Fluid Release,Pipeline Transmission & Storage,BAYONNE,ONSHORE TERMINAL/TANK FARM EQUIPMENT AND PIPING,NO,NO,,Property/Containment Damage,,,,0,NO,High Pressure/Pneumatic,BARRIER_FAILED,EQUIPMENT FAILURE,Energy Isolation,NO,PHMSA Process Safety & Explosion Metrics,HIGH,PHMSA Hazardous Liquid Pipeline Accident Database
PHMSA-20230194,PHMSA,20230194,7/27/2023 12:08,Hazardous Liquid Pipeline,Pipeline Accident,Containment Failure / Release,"Pipeline incident on AMMONIA MAINLINE (""""""""""""""""""""""""""""""""""""""""""""""""ONSHORE PIPELINE, INCLUDING VALVE SITES""""""""""""""""""""""""""""""""""""""""""""""""). Primary cause: MATERIAL FAILURE OF PIPE OR WELD - ORIGINAL MANUFACTURING-RELATED (NOT GIRTH WELD OR OTHER WELDS FORMED IN THE FIELD).",ORIGINAL MANUFACTURING-RELATED (NOT GIRTH WELD OR OTHER WELDS FORMED IN THE FIELD),,MATERIAL FAILURE OF PIPE OR WELD,ORIGINAL MANUFACTURING-RELATED (NOT GIRTH WELD OR OTHER WELDS FORMED IN THE FIELD),Pressurized Flammable/Toxic Fluid Release,Pipeline Transmission & Storage,EL DORADO,"""""""""""""""""""""""""""""""""""""""""""""""""ONSHORE PIPELINE, INCLUDING VALVE SITES""""""""""""""""""""""""""""""""""""""""""""""""",NO,NO,,Property/Containment Damage,,,,0,NO,High Pressure/Pneumatic,BARRIER_FAILED,MATERIAL FAILURE OF PIPE OR WELD,Energy Isolation,NO,PHMSA Process Safety & Explosion Metrics,HIGH,PHMSA Hazardous Liquid Pipeline Accident Database
PHMSA-20230192,PHMSA,20230192,7/26/2023 13:13,Hazardous Liquid Pipeline,Pipeline Accident,Containment Failure / Release,"Pipeline incident on """"""""""""""""""""""""""""""""""""""""""""""""SALT LAKE CITY TO BOISE 8"""""""""""""""""""""""""""""""""""""""""""""""""""""""""""""""" PRODUCTS"""""""""""""""""""""""""""""""""""""""""""""""" (""""""""""""""""""""""""""""""""""""""""""""""""ONSHORE PIPELINE, INCLUDING VALVE SITES""""""""""""""""""""""""""""""""""""""""""""""""). Primary cause: CORROSION FAILURE - EXTERNAL CORROSION.",EXTERNAL CORROSION,,CORROSION FAILURE,EXTERNAL CORROSION,Pressurized Flammable/Toxic Fluid Release,Pipeline Transmission & Storage,Not Within a Municipality,"""""""""""""""""""""""""""""""""""""""""""""""""ONSHORE PIPELINE, INCLUDING VALVE SITES""""""""""""""""""""""""""""""""""""""""""""""""",NO,NO,,Property/Containment Damage,,,,0,NO,High Pressure/Pneumatic,BARRIER_FAILED,CORROSION FAILURE,Energy Isolation,NO,PHMSA Process Safety & Explosion Metrics,HIGH,PHMSA Hazardous Liquid Pipeline Accident Database
PHMSA-20230190,PHMSA,20230190,7/21/2023 7:56,Hazardous Liquid Pipeline,Pipeline Accident,Containment Failure / Release,Pipeline incident on LANEVILLE STATION (ONSHORE PUMP/METER STATION EQUIPMENT AND PIPING). Primary cause: EQUIPMENT FAILURE - PUMP OR PUMP-RELATED EQUIPMENT.,PUMP OR PUMP-RELATED EQUIPMENT,,EQUIPMENT FAILURE,PUMP OR PUMP-RELATED EQUIPMENT,Pressurized Flammable/Toxic Fluid Release,Pipeline Transmission & Storage,Not Within a Municipality,ONSHORE PUMP/METER STATION EQUIPMENT AND PIPING,NO,NO,,Property/Containment Damage,,,,0,NO,High Pressure/Pneumatic,BARRIER_FAILED,EQUIPMENT FAILURE,Energy Isolation,NO,PHMSA Process Safety & Explosion Metrics,HIGH,PHMSA Hazardous Liquid Pipeline Accident Database
PHMSA-20230189,PHMSA,20230189,7/20/2023 8:56,Hazardous Liquid Pipeline,Pipeline Accident,Containment Failure / Release,"Pipeline incident on """"""""""""""""""""""""""""""""""""""""""""""""PASADENA #1 6"""""""""""""""""""""""""""""""""""""""""""""""""""""""""""""""""""""""""""""""""""""""""""""""""""""""""""""""" (""""""""""""""""""""""""""""""""""""""""""""""""ONSHORE PIPELINE, INCLUDING VALVE SITES""""""""""""""""""""""""""""""""""""""""""""""""). Primary cause: CORROSION FAILURE - EXTERNAL CORROSION.",EXTERNAL CORROSION,,CORROSION FAILURE,EXTERNAL CORROSION,Pressurized Flammable/Toxic Fluid Release,Pipeline Transmission & Storage,PASADENA,"""""""""""""""""""""""""""""""""""""""""""""""""ONSHORE PIPELINE, INCLUDING VALVE SITES""""""""""""""""""""""""""""""""""""""""""""""""",NO,NO,,Property/Containment Damage,,,,0,NO,High Pressure/Pneumatic,BARRIER_FAILED,CORROSION FAILURE,Energy Isolation,NO,PHMSA Process Safety & Explosion Metrics,HIGH,PHMSA Hazardous Liquid Pipeline Accident Database
PHMSA-20230188,PHMSA,20230188,7/17/2023 17:15,Hazardous Liquid Pipeline,Pipeline Accident,Containment Failure / Release,Pipeline incident on ONEOK MONT BELVIEU STORAGE - STERLING 3 VESSEL 207 (ONSHORE PUMP/METER STATION EQUIPMENT AND PIPING). Primary cause: EQUIPMENT FAILURE - NON-THREADED CONNECTION FAILURE.,NON-THREADED CONNECTION FAILURE,,EQUIPMENT FAILURE,NON-THREADED CONNECTION FAILURE,Pressurized Flammable/Toxic Fluid Release,Pipeline Transmission & Storage,MONT BELVIEU,ONSHORE PUMP/METER STATION EQUIPMENT AND PIPING,NO,NO,,Property/Containment Damage,,,,0,NO,High Pressure/Pneumatic,BARRIER_FAILED,EQUIPMENT FAILURE,Energy Isolation,NO,PHMSA Process Safety & Explosion Metrics,HIGH,PHMSA Hazardous Liquid Pipeline Accident Database
PHMSA-20230181,PHMSA,20230181,7/15/2023 23:40,Hazardous Liquid Pipeline,Pipeline Accident,Containment Failure / Release,"Pipeline incident on """"""""""""""""""""""""""""""""""""""""""""""""GALVESTON BAY TO CHOCOLATE BAYOU 8"""""""""""""""""""""""""""""""""""""""""""""""""""""""""""""""" LPG"""""""""""""""""""""""""""""""""""""""""""""""" (""""""""""""""""""""""""""""""""""""""""""""""""ONSHORE PIPELINE, INCLUDING VALVE SITES""""""""""""""""""""""""""""""""""""""""""""""""). Primary cause: INCORRECT OPERATION - """"""""""""""""""""""""""""""""""""""""""""""""VALVE LEFT OR PLACED IN WRONG POSITION, BUT NOT RESULTING IN A TANK, VESSEL, OR SUMP/SEPARATOR OVERFLOW OR FACILITY OVERPRESSURE"""""""""""""""""""""""""""""""""""""""""""""""".","""""""""""""""""""""""""""""""""""""""""""""""""VALVE LEFT OR PLACED IN WRONG POSITION, BUT NOT RESULTING IN A TANK, VESSEL, OR SUMP/SEPARATOR OVERFLOW OR FACILITY OVERPRESSURE""""""""""""""""""""""""""""""""""""""""""""""""",,INCORRECT OPERATION,"""""""""""""""""""""""""""""""""""""""""""""""""VALVE LEFT OR PLACED IN WRONG POSITION, BUT NOT RESULTING IN A TANK, VESSEL, OR SUMP/SEPARATOR OVERFLOW OR FACILITY OVERPRESSURE""""""""""""""""""""""""""""""""""""""""""""""""",Pressurized Flammable/Toxic Fluid Release,Pipeline Transmission & Storage,Not Within a Municipality,"""""""""""""""""""""""""""""""""""""""""""""""""ONSHORE PIPELINE, INCLUDING VALVE SITES""""""""""""""""""""""""""""""""""""""""""""""""",NO,NO,,Property/Containment Damage,,,,0,NO,High Pressure/Pneumatic,BARRIER_FAILED,INCORRECT OPERATION,Energy Isolation,NO,PHMSA Process Safety & Explosion Metrics,HIGH,PHMSA Hazardous Liquid Pipeline Accident Database
PHMSA-20230185,PHMSA,20230185,7/14/2023 11:41,Hazardous Liquid Pipeline,Pipeline Accident,Containment Failure / Release,Pipeline incident on SUN TERMINAL METER STATION (ONSHORE PUMP/METER STATION EQUIPMENT AND PIPING). Primary cause: CORROSION FAILURE - INTERNAL CORROSION.,INTERNAL CORROSION,,CORROSION FAILURE,INTERNAL CORROSION,Pressurized Flammable/Toxic Fluid Release,Pipeline Transmission & Storage,OREGON,ONSHORE PUMP/METER STATION EQUIPMENT AND PIPING,NO,NO,,Property/Containment Damage,,,,0,NO,High Pressure/Pneumatic,BARRIER_FAILED,CORROSION FAILURE,Energy Isolation,NO,PHMSA Process Safety & Explosion Metrics,HIGH,PHMSA Hazardous Liquid Pipeline Accident Database
PHMSA-20230179,PHMSA,20230179,7/13/2023 19:15,Hazardous Liquid Pipeline,Pipeline Accident,Containment Failure / Release,"Pipeline incident on """"""""""""""""""""""""""""""""""""""""""""""""GALVESTON BAY TO CHOCOLATE BAYOU 8"""""""""""""""""""""""""""""""""""""""""""""""""""""""""""""""" LPG"""""""""""""""""""""""""""""""""""""""""""""""" (""""""""""""""""""""""""""""""""""""""""""""""""ONSHORE PIPELINE, INCLUDING VALVE SITES""""""""""""""""""""""""""""""""""""""""""""""""). Primary cause: OTHER OUTSIDE FORCE DAMAGE - """"""""""""""""""""""""""""""""""""""""""""""""NEARBY INDUSTRIAL, MAN-MADE, OR OTHER FIRE/EXPLOSION AS PRIMARY CAUSE OF ACCIDENT"""""""""""""""""""""""""""""""""""""""""""""""".","""""""""""""""""""""""""""""""""""""""""""""""""NEARBY INDUSTRIAL, MAN-MADE, OR OTHER FIRE/EXPLOSION AS PRIMARY CAUSE OF ACCIDENT""""""""""""""""""""""""""""""""""""""""""""""""",,OTHER OUTSIDE FORCE DAMAGE,"""""""""""""""""""""""""""""""""""""""""""""""""NEARBY INDUSTRIAL, MAN-MADE, OR OTHER FIRE/EXPLOSION AS PRIMARY CAUSE OF ACCIDENT""""""""""""""""""""""""""""""""""""""""""""""""",Pressurized Flammable/Toxic Fluid Release,Pipeline Transmission & Storage,Not Within a Municipality,"""""""""""""""""""""""""""""""""""""""""""""""""ONSHORE PIPELINE, INCLUDING VALVE SITES""""""""""""""""""""""""""""""""""""""""""""""""",NO,NO,,Property/Containment Damage,,,,0,YES,Multiple,BARRIER_FAILED,OTHER OUTSIDE FORCE DAMAGE,Energy Isolation,NO,PHMSA Process Safety & Explosion Metrics,HIGH,PHMSA Hazardous Liquid Pipeline Accident Database
PHMSA-20230186,PHMSA,20230186,7/13/2023 8:37,Hazardous Liquid Pipeline,Pipeline Accident,Containment Failure / Release,"Pipeline incident on DELTA DUCK SSTI (SSTI ASSEMBLY TO DN2 PIPELINE) (""""""""""""""""""""""""""""""""""""""""""""""""ONSHORE PIPELINE, INCLUDING VALVE SITES""""""""""""""""""""""""""""""""""""""""""""""""). Primary cause: INCORRECT OPERATION - EQUIPMENT NOT INSTALLED PROPERLY.",EQUIPMENT NOT INSTALLED PROPERLY,,INCORRECT OPERATION,EQUIPMENT NOT INSTALLED PROPERLY,Pressurized Flammable/Toxic Fluid Release,Pipeline Transmission & Storage,Not Within a Municipality,"""""""""""""""""""""""""""""""""""""""""""""""""ONSHORE PIPELINE, INCLUDING VALVE SITES""""""""""""""""""""""""""""""""""""""""""""""""",NO,NO,,Property/Containment Damage,,,,0,NO,High Pressure/Pneumatic,BARRIER_FAILED,INCORRECT OPERATION,Energy Isolation,NO,PHMSA Process Safety & Explosion Metrics,HIGH,PHMSA Hazardous Liquid Pipeline Accident Database
PHMSA-20230182,PHMSA,20230182,7/11/23 4:18,Hazardous Liquid Pipeline,Pipeline Accident,Containment Failure / Release,Pipeline incident on LONGVIEW STATION (ONSHORE PUMP/METER STATION EQUIPMENT AND PIPING). Primary cause: EQUIPMENT FAILURE - PUMP OR PUMP-RELATED EQUIPMENT.,PUMP OR PUMP-RELATED EQUIPMENT,,EQUIPMENT FAILURE,PUMP OR PUMP-RELATED EQUIPMENT,Pressurized Flammable/Toxic Fluid Release,Pipeline Transmission & Storage,LONGVIEW,ONSHORE PUMP/METER STATION EQUIPMENT AND PIPING,NO,NO,,Property/Containment Damage,,,,0,YES,Multiple,BARRIER_FAILED,EQUIPMENT FAILURE,Energy Isolation,NO,PHMSA Process Safety & Explosion Metrics,HIGH,PHMSA Hazardous Liquid Pipeline Accident Database
PHMSA-20230169,PHMSA,20230169,7/10/23 9:30,Hazardous Liquid Pipeline,Pipeline Accident,Containment Failure / Release,"Pipeline incident on NORTHWEST PRODUCTS SYSTEM (""""""""""""""""""""""""""""""""""""""""""""""""ONSHORE BREAKOUT TANK OR STORAGE VESSEL, INCLUDING ATTACHED APPURTENANCES""""""""""""""""""""""""""""""""""""""""""""""""). Primary cause: INCORRECT OPERATION - OTHER INCORRECT OPERATION.",OTHER INCORRECT OPERATION,,INCORRECT OPERATION,OTHER INCORRECT OPERATION,Pressurized Flammable/Toxic Fluid Release,Pipeline Transmission & Storage,BOISE,"""""""""""""""""""""""""""""""""""""""""""""""""ONSHORE BREAKOUT TANK OR STORAGE VESSEL, INCLUDING ATTACHED APPURTENANCES""""""""""""""""""""""""""""""""""""""""""""""""",NO,NO,,Property/Containment Damage,,,,0,YES,Multiple,BARRIER_FAILED,INCORRECT OPERATION,Energy Isolation,NO,PHMSA Process Safety & Explosion Metrics,HIGH,PHMSA Hazardous Liquid Pipeline Accident Database
PHMSA-20230175,PHMSA,20230175,7/7/23 16:00,Hazardous Liquid Pipeline,Pipeline Accident,Containment Failure / Release,"Pipeline incident on SFPP IMPERIAL TERMINAL (""""""""""""""""""""""""""""""""""""""""""""""""ONSHORE BREAKOUT TANK OR STORAGE VESSEL, INCLUDING ATTACHED APPURTENANCES""""""""""""""""""""""""""""""""""""""""""""""""). Primary cause: OTHER ACCIDENT CAUSE - UNKNOWN.",UNKNOWN,,OTHER ACCIDENT CAUSE,UNKNOWN,Pressurized Flammable/Toxic Fluid Release,Pipeline Transmission & Storage,IMPERIAL,"""""""""""""""""""""""""""""""""""""""""""""""""ONSHORE BREAKOUT TANK OR STORAGE VESSEL, INCLUDING ATTACHED APPURTENANCES""""""""""""""""""""""""""""""""""""""""""""""""",NO,NO,,Property/Containment Damage,,,,0,NO,High Pressure/Pneumatic,BARRIER_FAILED,OTHER ACCIDENT CAUSE,Energy Isolation,NO,PHMSA Process Safety & Explosion Metrics,HIGH,PHMSA Hazardous Liquid Pipeline Accident Database
PHMSA-20230171,PHMSA,20230171,7/5/23 23:00,Hazardous Liquid Pipeline,Pipeline Accident,Containment Failure / Release,Pipeline incident on PORT ARTHUR PUMP STATION (ONSHORE PUMP/METER STATION EQUIPMENT AND PIPING). Primary cause: EQUIPMENT FAILURE - THREADED CONNECTION/COUPLING FAILURE.,THREADED CONNECTION/COUPLING FAILURE,,EQUIPMENT FAILURE,THREADED CONNECTION/COUPLING FAILURE,Pressurized Flammable/Toxic Fluid Release,Pipeline Transmission & Storage,PORT ARTHUR,ONSHORE PUMP/METER STATION EQUIPMENT AND PIPING,NO,NO,,Property/Containment Damage,,,,0,NO,High Pressure/Pneumatic,BARRIER_FAILED,EQUIPMENT FAILURE,Energy Isolation,NO,PHMSA Process Safety & Explosion Metrics,HIGH,PHMSA Hazardous Liquid Pipeline Accident Database
PHMSA-20230178,PHMSA,20230178,7/5/23 16:18,Hazardous Liquid Pipeline,Pipeline Accident,Containment Failure / Release,"Pipeline incident on MAUMEE PIPELINE SYSTEM (""""""""""""""""""""""""""""""""""""""""""""""""ONSHORE PIPELINE, INCLUDING VALVE SITES""""""""""""""""""""""""""""""""""""""""""""""""). Primary cause: OTHER ACCIDENT CAUSE - UNKNOWN.",UNKNOWN,,OTHER ACCIDENT CAUSE,UNKNOWN,Pressurized Flammable/Toxic Fluid Release,Pipeline Transmission & Storage,CYGNET,"""""""""""""""""""""""""""""""""""""""""""""""""ONSHORE PIPELINE, INCLUDING VALVE SITES""""""""""""""""""""""""""""""""""""""""""""""""",NO,NO,,Property/Containment Damage,,,,0,NO,High Pressure/Pneumatic,BARRIER_FAILED,OTHER ACCIDENT CAUSE,Energy Isolation,NO,PHMSA Process Safety & Explosion Metrics,HIGH,PHMSA Hazardous Liquid Pipeline Accident Database
PHMSA-20230176,PHMSA,20230176,7/5/23 7:20,Hazardous Liquid Pipeline,Pipeline Accident,Containment Failure / Release,Pipeline incident on WINK TANK FARM (ONSHORE TERMINAL/TANK FARM EQUIPMENT AND PIPING). Primary cause: CORROSION FAILURE - INTERNAL CORROSION.,INTERNAL CORROSION,,CORROSION FAILURE,INTERNAL CORROSION,Pressurized Flammable/Toxic Fluid Release,Pipeline Transmission & Storage,WINK,ONSHORE TERMINAL/TANK FARM EQUIPMENT AND PIPING,NO,NO,,Property/Containment Damage,,,,0,NO,High Pressure/Pneumatic,BARRIER_FAILED,CORROSION FAILURE,Energy Isolation,NO,PHMSA Process Safety & Explosion Metrics,HIGH,PHMSA Hazardous Liquid Pipeline Accident Database
PHMSA-20230173,PHMSA,20230173,6/30/2023 8:45,Hazardous Liquid Pipeline,Pipeline Accident,Containment Failure / Release,Pipeline incident on COLONIAL PIPELINE COMPANY/ALLENTOWN STATION (ONSHORE PUMP/METER STATION EQUIPMENT AND PIPING). Primary cause: OTHER ACCIDENT CAUSE - UNKNOWN.,UNKNOWN,,OTHER ACCIDENT CAUSE,UNKNOWN,Pressurized Flammable/Toxic Fluid Release,Pipeline Transmission & Storage,BORDENTOWN,ONSHORE PUMP/METER STATION EQUIPMENT AND PIPING,NO,NO,,Property/Containment Damage,,,,0,NO,High Pressure/Pneumatic,BARRIER_FAILED,OTHER ACCIDENT CAUSE,Energy Isolation,NO,PHMSA Process Safety & Explosion Metrics,HIGH,PHMSA Hazardous Liquid Pipeline Accident Database
PHMSA-20230172,PHMSA,20230172,6/29/2023 7:47,Hazardous Liquid Pipeline,Pipeline Accident,Containment Failure / Release,Pipeline incident on MIDLAND STATION (ONSHORE TERMINAL/TANK FARM EQUIPMENT AND PIPING). Primary cause: CORROSION FAILURE - INTERNAL CORROSION.,INTERNAL CORROSION,,CORROSION FAILURE,INTERNAL CORROSION,Pressurized Flammable/Toxic Fluid Release,Pipeline Transmission & Storage,Not Within a Municipality,ONSHORE TERMINAL/TANK FARM EQUIPMENT AND PIPING,NO,NO,,Property/Containment Damage,,,,0,NO,High Pressure/Pneumatic,BARRIER_FAILED,CORROSION FAILURE,Energy Isolation,NO,PHMSA Process Safety & Explosion Metrics,HIGH,PHMSA Hazardous Liquid Pipeline Accident Database
PHMSA-20230174,PHMSA,20230174,6/28/2023 18:30,Hazardous Liquid Pipeline,Pipeline Accident,Containment Failure / Release,"Pipeline incident on CASA PIPELINE (""""""""""""""""""""""""""""""""""""""""""""""""ONSHORE PIPELINE, INCLUDING VALVE SITES""""""""""""""""""""""""""""""""""""""""""""""""). Primary cause: CORROSION FAILURE - EXTERNAL CORROSION.",EXTERNAL CORROSION,,CORROSION FAILURE,EXTERNAL CORROSION,Pressurized Flammable/Toxic Fluid Release,Pipeline Transmission & Storage,CORPUS CHRISTI,"""""""""""""""""""""""""""""""""""""""""""""""""ONSHORE PIPELINE, INCLUDING VALVE SITES""""""""""""""""""""""""""""""""""""""""""""""""",NO,NO,,Property/Containment Damage,,,,0,NO,High Pressure/Pneumatic,BARRIER_FAILED,CORROSION FAILURE,Energy Isolation,NO,PHMSA Process Safety & Explosion Metrics,HIGH,PHMSA Hazardous Liquid Pipeline Accident Database
PHMSA-20230166,PHMSA,20230166,6/28/2023 7:50,Hazardous Liquid Pipeline,Pipeline Accident,Containment Failure / Release,Pipeline incident on NEDERLAND TERMINAL (ONSHORE TERMINAL/TANK FARM EQUIPMENT AND PIPING). Primary cause: EQUIPMENT FAILURE - MALFUNCTION OF CONTROL/RELIEF EQUIPMENT.,MALFUNCTION OF CONTROL/RELIEF EQUIPMENT,,EQUIPMENT FAILURE,MALFUNCTION OF CONTROL/RELIEF EQUIPMENT,Pressurized Flammable/Toxic Fluid Release,Pipeline Transmission & Storage,NEDERLAND,ONSHORE TERMINAL/TANK FARM EQUIPMENT AND PIPING,NO,NO,,Property/Containment Damage,,,,0,NO,High Pressure/Pneumatic,BARRIER_FAILED,EQUIPMENT FAILURE,Energy Isolation,NO,PHMSA Process Safety & Explosion Metrics,HIGH,PHMSA Hazardous Liquid Pipeline Accident Database
PHMSA-20230170,PHMSA,20230170,6/27/2023 4:22,Hazardous Liquid Pipeline,Pipeline Accident,Containment Failure / Release,Pipeline incident on LA PRYOR PUMP STATION (ONSHORE PUMP/METER STATION EQUIPMENT AND PIPING). Primary cause: EQUIPMENT FAILURE - NON-THREADED CONNECTION FAILURE.,NON-THREADED CONNECTION FAILURE,,EQUIPMENT FAILURE,NON-THREADED CONNECTION FAILURE,Pressurized Flammable/Toxic Fluid Release,Pipeline Transmission & Storage,Not Within a Municipality,ONSHORE PUMP/METER STATION EQUIPMENT AND PIPING,NO,NO,,Property/Containment Damage,,,,0,NO,High Pressure/Pneumatic,BARRIER_FAILED,EQUIPMENT FAILURE,Energy Isolation,NO,PHMSA Process Safety & Explosion Metrics,HIGH,PHMSA Hazardous Liquid Pipeline Accident Database
PHMSA-20230159,PHMSA,20230159,6/26/2023 16:35,Hazardous Liquid Pipeline,Pipeline Accident,Containment Failure / Release,"Pipeline incident on SFPP WATSON STATION (""""""""""""""""""""""""""""""""""""""""""""""""ONSHORE PIPELINE, INCLUDING VALVE SITES""""""""""""""""""""""""""""""""""""""""""""""""). Primary cause: OTHER ACCIDENT CAUSE - UNKNOWN.",UNKNOWN,,OTHER ACCIDENT CAUSE,UNKNOWN,Pressurized Flammable/Toxic Fluid Release,Pipeline Transmission & Storage,LONG BEACH,"""""""""""""""""""""""""""""""""""""""""""""""""ONSHORE PIPELINE, INCLUDING VALVE SITES""""""""""""""""""""""""""""""""""""""""""""""""",NO,NO,,Property/Containment Damage,,,,0,NO,High Pressure/Pneumatic,BARRIER_FAILED,OTHER ACCIDENT CAUSE,Energy Isolation,NO,PHMSA Process Safety & Explosion Metrics,HIGH,PHMSA Hazardous Liquid Pipeline Accident Database
PHMSA-20230168,PHMSA,20230168,6/25/2023 19:45,Hazardous Liquid Pipeline,Pipeline Accident,Containment Failure / Release,Pipeline incident on PORT ARTHUR TANK FARM (ONSHORE TERMINAL/TANK FARM EQUIPMENT AND PIPING). Primary cause: EQUIPMENT FAILURE - NON-THREADED CONNECTION FAILURE.,NON-THREADED CONNECTION FAILURE,,EQUIPMENT FAILURE,NON-THREADED CONNECTION FAILURE,Pressurized Flammable/Toxic Fluid Release,Pipeline Transmission & Storage,PORT ARHTUR,ONSHORE TERMINAL/TANK FARM EQUIPMENT AND PIPING,NO,NO,,Property/Containment Damage,,,,0,NO,High Pressure/Pneumatic,BARRIER_FAILED,EQUIPMENT FAILURE,Energy Isolation,NO,PHMSA Process Safety & Explosion Metrics,HIGH,PHMSA Hazardous Liquid Pipeline Accident Database
PHMSA-20230167,PHMSA,20230167,6/22/2023 20:15,Hazardous Liquid Pipeline,Pipeline Accident,Containment Failure / Release,Pipeline incident on ECHO TERMINAL (ONSHORE TERMINAL/TANK FARM EQUIPMENT AND PIPING). Primary cause: CORROSION FAILURE - INTERNAL CORROSION.,INTERNAL CORROSION,,CORROSION FAILURE,INTERNAL CORROSION,Pressurized Flammable/Toxic Fluid Release,Pipeline Transmission & Storage,HOUSTON,ONSHORE TERMINAL/TANK FARM EQUIPMENT AND PIPING,NO,NO,,Property/Containment Damage,,,,0,NO,High Pressure/Pneumatic,BARRIER_FAILED,CORROSION FAILURE,Energy Isolation,NO,PHMSA Process Safety & Explosion Metrics,HIGH,PHMSA Hazardous Liquid Pipeline Accident Database
PHMSA-20230165,PHMSA,20230165,6/22/2023 17:00,Hazardous Liquid Pipeline,Pipeline Accident,Containment Failure / Release,Pipeline incident on CORPUS CHRISTI WEST (ONSHORE TERMINAL/TANK FARM EQUIPMENT AND PIPING). Primary cause: CORROSION FAILURE - INTERNAL CORROSION.,INTERNAL CORROSION,,CORROSION FAILURE,INTERNAL CORROSION,Pressurized Flammable/Toxic Fluid Release,Pipeline Transmission & Storage,CORPUS CHRISTI,ONSHORE TERMINAL/TANK FARM EQUIPMENT AND PIPING,NO,NO,,Property/Containment Damage,,,,0,NO,High Pressure/Pneumatic,BARRIER_FAILED,CORROSION FAILURE,Energy Isolation,NO,PHMSA Process Safety & Explosion Metrics,HIGH,PHMSA Hazardous Liquid Pipeline Accident Database
PHMSA-20230162,PHMSA,20230162,6/21/2023 9:30,Hazardous Liquid Pipeline,Pipeline Accident,Containment Failure / Release,Pipeline incident on AMERICAN STATION (ONSHORE TERMINAL/TANK FARM EQUIPMENT AND PIPING). Primary cause: CORROSION FAILURE - EXTERNAL CORROSION.,EXTERNAL CORROSION,,CORROSION FAILURE,EXTERNAL CORROSION,Pressurized Flammable/Toxic Fluid Release,Pipeline Transmission & Storage,EL DORADO,ONSHORE TERMINAL/TANK FARM EQUIPMENT AND PIPING,NO,NO,,Property/Containment Damage,,,,0,NO,High Pressure/Pneumatic,BARRIER_FAILED,CORROSION FAILURE,Energy Isolation,NO,PHMSA Process Safety & Explosion Metrics,HIGH,PHMSA Hazardous Liquid Pipeline Accident Database
PHMSA-20230164,PHMSA,20230164,6/21/2023 9:28,Hazardous Liquid Pipeline,Pipeline Accident,Containment Failure / Release,Pipeline incident on IBERLIN PUMP STATION (ONSHORE PUMP/METER STATION EQUIPMENT AND PIPING). Primary cause: EQUIPMENT FAILURE - PUMP OR PUMP-RELATED EQUIPMENT.,PUMP OR PUMP-RELATED EQUIPMENT,,EQUIPMENT FAILURE,PUMP OR PUMP-RELATED EQUIPMENT,Pressurized Flammable/Toxic Fluid Release,Pipeline Transmission & Storage,Not Within a Municipality,ONSHORE PUMP/METER STATION EQUIPMENT AND PIPING,NO,NO,,Property/Containment Damage,,,,0,NO,High Pressure/Pneumatic,BARRIER_FAILED,EQUIPMENT FAILURE,Energy Isolation,NO,PHMSA Process Safety & Explosion Metrics,HIGH,PHMSA Hazardous Liquid Pipeline Accident Database
PHMSA-20230163,PHMSA,20230163,6/19/2023 2:00,Hazardous Liquid Pipeline,Pipeline Accident,Containment Failure / Release,Pipeline incident on BARSTOW STATION (ONSHORE TERMINAL/TANK FARM EQUIPMENT AND PIPING). Primary cause: INCORRECT OPERATION - WRONG EQUIPMENT SPECIFIED OR INSTALLED.,WRONG EQUIPMENT SPECIFIED OR INSTALLED,,INCORRECT OPERATION,WRONG EQUIPMENT SPECIFIED OR INSTALLED,Pressurized Flammable/Toxic Fluid Release,Pipeline Transmission & Storage,PECOS,ONSHORE TERMINAL/TANK FARM EQUIPMENT AND PIPING,NO,NO,,Property/Containment Damage,,,,0,NO,High Pressure/Pneumatic,BARRIER_FAILED,INCORRECT OPERATION,Energy Isolation,NO,PHMSA Process Safety & Explosion Metrics,HIGH,PHMSA Hazardous Liquid Pipeline Accident Database
PHMSA-20230160,PHMSA,20230160,6/16/2023 18:15,Hazardous Liquid Pipeline,Pipeline Accident,Containment Failure / Release,Pipeline incident on OGALLAH PUMP STATION (ONSHORE PUMP/METER STATION EQUIPMENT AND PIPING). Primary cause: EQUIPMENT FAILURE - PUMP OR PUMP-RELATED EQUIPMENT.,PUMP OR PUMP-RELATED EQUIPMENT,,EQUIPMENT FAILURE,PUMP OR PUMP-RELATED EQUIPMENT,Pressurized Flammable/Toxic Fluid Release,Pipeline Transmission & Storage,Not Within a Municipality,ONSHORE PUMP/METER STATION EQUIPMENT AND PIPING,NO,NO,,Property/Containment Damage,,,,0,YES,Multiple,BARRIER_FAILED,EQUIPMENT FAILURE,Energy Isolation,NO,PHMSA Process Safety & Explosion Metrics,HIGH,PHMSA Hazardous Liquid Pipeline Accident Database
PHMSA-20230152,PHMSA,20230152,6/16/2023 18:00,Hazardous Liquid Pipeline,Pipeline Accident,Containment Failure / Release,"Pipeline incident on PORT ARTHUR TO WEST STORAGE (""""""""""""""""""""""""""""""""""""""""""""""""ONSHORE PIPELINE, INCLUDING VALVE SITES""""""""""""""""""""""""""""""""""""""""""""""""). Primary cause: EQUIPMENT FAILURE - DEFECTIVE OR LOOSE TUBING OR FITTING.",DEFECTIVE OR LOOSE TUBING OR FITTING,,EQUIPMENT FAILURE,DEFECTIVE OR LOOSE TUBING OR FITTING,Pressurized Flammable/Toxic Fluid Release,Pipeline Transmission & Storage,DEVERS,"""""""""""""""""""""""""""""""""""""""""""""""""ONSHORE PIPELINE, INCLUDING VALVE SITES""""""""""""""""""""""""""""""""""""""""""""""""",NO,NO,,Property/Containment Damage,,,,0,NO,High Pressure/Pneumatic,BARRIER_FAILED,EQUIPMENT FAILURE,Energy Isolation,NO,PHMSA Process Safety & Explosion Metrics,HIGH,PHMSA Hazardous Liquid Pipeline Accident Database
PHMSA-20230158,PHMSA,20230158,6/14/2023 10:40,Hazardous Liquid Pipeline,Pipeline Accident,Containment Failure / Release,"Pipeline incident on """"""""""""""""""""""""""""""""""""""""""""""""TXCA 4"""""""""""""""""""""""""""""""""""""""""""""""""""""""""""""""" AND 3"""""""""""""""""""""""""""""""""""""""""""""""""""""""""""""""""""""""""""""""""""""""""""""""""""""""""""""""" (""""""""""""""""""""""""""""""""""""""""""""""""ONSHORE PIPELINE, INCLUDING VALVE SITES""""""""""""""""""""""""""""""""""""""""""""""""). Primary cause: EQUIPMENT FAILURE - NON-THREADED CONNECTION FAILURE.",NON-THREADED CONNECTION FAILURE,,EQUIPMENT FAILURE,NON-THREADED CONNECTION FAILURE,Pressurized Flammable/Toxic Fluid Release,Pipeline Transmission & Storage,TEXAS CITY,"""""""""""""""""""""""""""""""""""""""""""""""""ONSHORE PIPELINE, INCLUDING VALVE SITES""""""""""""""""""""""""""""""""""""""""""""""""",NO,NO,,Property/Containment Damage,,,,0,NO,High Pressure/Pneumatic,BARRIER_FAILED,EQUIPMENT FAILURE,Energy Isolation,NO,PHMSA Process Safety & Explosion Metrics,HIGH,PHMSA Hazardous Liquid Pipeline Accident Database
PHMSA-20230157,PHMSA,20230157,6/13/2023 8:30,Hazardous Liquid Pipeline,Pipeline Accident,Containment Failure / Release,"Pipeline incident on ROSEMOUNT (""""""""""""""""""""""""""""""""""""""""""""""""ONSHORE BREAKOUT TANK OR STORAGE VESSEL, INCLUDING ATTACHED APPURTENANCES""""""""""""""""""""""""""""""""""""""""""""""""). Primary cause: EQUIPMENT FAILURE - NON-THREADED CONNECTION FAILURE.",NON-THREADED CONNECTION FAILURE,,EQUIPMENT FAILURE,NON-THREADED CONNECTION FAILURE,Pressurized Flammable/Toxic Fluid Release,Pipeline Transmission & Storage,APPLE VALLEY,"""""""""""""""""""""""""""""""""""""""""""""""""ONSHORE BREAKOUT TANK OR STORAGE VESSEL, INCLUDING ATTACHED APPURTENANCES""""""""""""""""""""""""""""""""""""""""""""""""",NO,NO,,Property/Containment Damage,,,,0,NO,High Pressure/Pneumatic,BARRIER_FAILED,EQUIPMENT FAILURE,Energy Isolation,NO,PHMSA Process Safety & Explosion Metrics,HIGH,PHMSA Hazardous Liquid Pipeline Accident Database
PHMSA-20230154,PHMSA,20230154,6/12/23 13:00,Hazardous Liquid Pipeline,Pipeline Accident,Containment Failure / Release,Pipeline incident on BOLIGEE DELIVERY (ONSHORE PUMP/METER STATION EQUIPMENT AND PIPING). Primary cause: EQUIPMENT FAILURE - THREADED CONNECTION/COUPLING FAILURE.,THREADED CONNECTION/COUPLING FAILURE,,EQUIPMENT FAILURE,THREADED CONNECTION/COUPLING FAILURE,Pressurized Flammable/Toxic Fluid Release,Pipeline Transmission & Storage,BOLIGEE,ONSHORE PUMP/METER STATION EQUIPMENT AND PIPING,NO,NO,,Property/Containment Damage,,,,0,NO,High Pressure/Pneumatic,BARRIER_FAILED,EQUIPMENT FAILURE,Energy Isolation,NO,PHMSA Process Safety & Explosion Metrics,HIGH,PHMSA Hazardous Liquid Pipeline Accident Database
PHMSA-20230151,PHMSA,20230151,6/12/23 8:23,Hazardous Liquid Pipeline,Pipeline Accident,Containment Failure / Release,"Pipeline incident on INDIANAPOLIS TANK FARM (""""""""""""""""""""""""""""""""""""""""""""""""ONSHORE BREAKOUT TANK OR STORAGE VESSEL, INCLUDING ATTACHED APPURTENANCES""""""""""""""""""""""""""""""""""""""""""""""""). Primary cause: INCORRECT OPERATION - OTHER INCORRECT OPERATION.",OTHER INCORRECT OPERATION,,INCORRECT OPERATION,OTHER INCORRECT OPERATION,Pressurized Flammable/Toxic Fluid Release,Pipeline Transmission & Storage,INDIANAPOLIS,"""""""""""""""""""""""""""""""""""""""""""""""""ONSHORE BREAKOUT TANK OR STORAGE VESSEL, INCLUDING ATTACHED APPURTENANCES""""""""""""""""""""""""""""""""""""""""""""""""",NO,NO,,Property/Containment Damage,,,,0,YES,Multiple,BARRIER_FAILED,INCORRECT OPERATION,Energy Isolation,NO,PHMSA Process Safety & Explosion Metrics,HIGH,PHMSA Hazardous Liquid Pipeline Accident Database
PHMSA-20230155,PHMSA,20230155,6/11/23 18:00,Hazardous Liquid Pipeline,Pipeline Accident,Containment Failure / Release,Pipeline incident on MIDLAND SOUTH (ONSHORE TERMINAL/TANK FARM EQUIPMENT AND PIPING). Primary cause: CORROSION FAILURE - INTERNAL CORROSION.,INTERNAL CORROSION,,CORROSION FAILURE,INTERNAL CORROSION,Pressurized Flammable/Toxic Fluid Release,Pipeline Transmission & Storage,MIDLAND,ONSHORE TERMINAL/TANK FARM EQUIPMENT AND PIPING,NO,NO,,Property/Containment Damage,,,,0,NO,High Pressure/Pneumatic,BARRIER_FAILED,CORROSION FAILURE,Energy Isolation,NO,PHMSA Process Safety & Explosion Metrics,HIGH,PHMSA Hazardous Liquid Pipeline Accident Database
PHMSA-20230153,PHMSA,20230153,6/10/23 13:00,Hazardous Liquid Pipeline,Pipeline Accident,Containment Failure / Release,Pipeline incident on WAMSUTTER (SLC CORE) (ONSHORE PUMP/METER STATION EQUIPMENT AND PIPING). Primary cause: EQUIPMENT FAILURE - DEFECTIVE OR LOOSE TUBING OR FITTING.,DEFECTIVE OR LOOSE TUBING OR FITTING,,EQUIPMENT FAILURE,DEFECTIVE OR LOOSE TUBING OR FITTING,Pressurized Flammable/Toxic Fluid Release,Pipeline Transmission & Storage,GRANGER,ONSHORE PUMP/METER STATION EQUIPMENT AND PIPING,NO,NO,,Property/Containment Damage,,,,0,NO,High Pressure/Pneumatic,BARRIER_FAILED,EQUIPMENT FAILURE,Energy Isolation,NO,PHMSA Process Safety & Explosion Metrics,HIGH,PHMSA Hazardous Liquid Pipeline Accident Database
PHMSA-20230147,PHMSA,20230147,6/9/23 19:35,Hazardous Liquid Pipeline,Pipeline Accident,Containment Failure / Release,Pipeline incident on PASADENA TO GREENVILLE (ONSHORE PUMP/METER STATION EQUIPMENT AND PIPING). Primary cause: EQUIPMENT FAILURE - THREADED CONNECTION/COUPLING FAILURE.,THREADED CONNECTION/COUPLING FAILURE,,EQUIPMENT FAILURE,THREADED CONNECTION/COUPLING FAILURE,Pressurized Flammable/Toxic Fluid Release,Pipeline Transmission & Storage,CADDO MILLS,ONSHORE PUMP/METER STATION EQUIPMENT AND PIPING,NO,NO,,Property/Containment Damage,,,,0,NO,High Pressure/Pneumatic,BARRIER_FAILED,EQUIPMENT FAILURE,Energy Isolation,NO,PHMSA Process Safety & Explosion Metrics,HIGH,PHMSA Hazardous Liquid Pipeline Accident Database
PHMSA-20230156,PHMSA,20230156,6/9/23 13:00,Hazardous Liquid Pipeline,Pipeline Accident,Containment Failure / Release,"Pipeline incident on BATON ROUGE JUNCTION (""""""""""""""""""""""""""""""""""""""""""""""""ONSHORE BREAKOUT TANK OR STORAGE VESSEL, INCLUDING ATTACHED APPURTENANCES""""""""""""""""""""""""""""""""""""""""""""""""). Primary cause: EQUIPMENT FAILURE - """"""""""""""""""""""""""""""""""""""""""""""""FAILURE OF EQUIPMENT BODY (EXCEPT PUMP), TANK PLATE, OR OTHER MATERIAL"""""""""""""""""""""""""""""""""""""""""""""""".","""""""""""""""""""""""""""""""""""""""""""""""""FAILURE OF EQUIPMENT BODY (EXCEPT PUMP), TANK PLATE, OR OTHER MATERIAL""""""""""""""""""""""""""""""""""""""""""""""""",,EQUIPMENT FAILURE,"""""""""""""""""""""""""""""""""""""""""""""""""FAILURE OF EQUIPMENT BODY (EXCEPT PUMP), TANK PLATE, OR OTHER MATERIAL""""""""""""""""""""""""""""""""""""""""""""""""",Pressurized Flammable/Toxic Fluid Release,Pipeline Transmission & Storage,JACKSON,"""""""""""""""""""""""""""""""""""""""""""""""""ONSHORE BREAKOUT TANK OR STORAGE VESSEL, INCLUDING ATTACHED APPURTENANCES""""""""""""""""""""""""""""""""""""""""""""""""",NO,NO,,Property/Containment Damage,,,,0,NO,High Pressure/Pneumatic,BARRIER_FAILED,EQUIPMENT FAILURE,Energy Isolation,NO,PHMSA Process Safety & Explosion Metrics,HIGH,PHMSA Hazardous Liquid Pipeline Accident Database
PHMSA-20230145,PHMSA,20230145,6/8/23 20:00,Hazardous Liquid Pipeline,Pipeline Accident,Containment Failure / Release,"Pipeline incident on BATON ROUGE JUNCTION (""""""""""""""""""""""""""""""""""""""""""""""""ONSHORE BREAKOUT TANK OR STORAGE VESSEL, INCLUDING ATTACHED APPURTENANCES""""""""""""""""""""""""""""""""""""""""""""""""). Primary cause: EQUIPMENT FAILURE - NON-THREADED CONNECTION FAILURE.",NON-THREADED CONNECTION FAILURE,,EQUIPMENT FAILURE,NON-THREADED CONNECTION FAILURE,Pressurized Flammable/Toxic Fluid Release,Pipeline Transmission & Storage,JACKSON,"""""""""""""""""""""""""""""""""""""""""""""""""ONSHORE BREAKOUT TANK OR STORAGE VESSEL, INCLUDING ATTACHED APPURTENANCES""""""""""""""""""""""""""""""""""""""""""""""""",NO,NO,,Property/Containment Damage,,,,0,NO,High Pressure/Pneumatic,BARRIER_FAILED,EQUIPMENT FAILURE,Energy Isolation,NO,PHMSA Process Safety & Explosion Metrics,HIGH,PHMSA Hazardous Liquid Pipeline Accident Database
PHMSA-20230139,PHMSA,20230139,6/8/23 14:40,Hazardous Liquid Pipeline,Pipeline Accident,Containment Failure / Release,"Pipeline incident on EAST CHICO TO JUNCTION (""""""""""""""""""""""""""""""""""""""""""""""""ONSHORE PIPELINE, INCLUDING VALVE SITES""""""""""""""""""""""""""""""""""""""""""""""""). Primary cause: CORROSION FAILURE - EXTERNAL CORROSION.",EXTERNAL CORROSION,,CORROSION FAILURE,EXTERNAL CORROSION,Pressurized Flammable/Toxic Fluid Release,Pipeline Transmission & Storage,CHICO,"""""""""""""""""""""""""""""""""""""""""""""""""ONSHORE PIPELINE, INCLUDING VALVE SITES""""""""""""""""""""""""""""""""""""""""""""""""",NO,NO,,Property/Containment Damage,,,,0,NO,High Pressure/Pneumatic,BARRIER_FAILED,CORROSION FAILURE,Energy Isolation,NO,PHMSA Process Safety & Explosion Metrics,HIGH,PHMSA Hazardous Liquid Pipeline Accident Database
PHMSA-20230149,PHMSA,20230149,6/7/23 9:15,Hazardous Liquid Pipeline,Pipeline Accident,Containment Failure / Release,"Pipeline incident on OSAGE (""""""""""""""""""""""""""""""""""""""""""""""""ONSHORE BREAKOUT TANK OR STORAGE VESSEL, INCLUDING ATTACHED APPURTENANCES""""""""""""""""""""""""""""""""""""""""""""""""). Primary cause: EQUIPMENT FAILURE - OTHER EQUIPMENT FAILURE.",OTHER EQUIPMENT FAILURE,,EQUIPMENT FAILURE,OTHER EQUIPMENT FAILURE,Pressurized Flammable/Toxic Fluid Release,Pipeline Transmission & Storage,EL DORADO,"""""""""""""""""""""""""""""""""""""""""""""""""ONSHORE BREAKOUT TANK OR STORAGE VESSEL, INCLUDING ATTACHED APPURTENANCES""""""""""""""""""""""""""""""""""""""""""""""""",NO,NO,,Property/Containment Damage,,,,0,NO,High Pressure/Pneumatic,BARRIER_FAILED,EQUIPMENT FAILURE,Energy Isolation,NO,PHMSA Process Safety & Explosion Metrics,HIGH,PHMSA Hazardous Liquid Pipeline Accident Database
PHMSA-20230148,PHMSA,20230148,6/7/23 8:07,Hazardous Liquid Pipeline,Pipeline Accident,Containment Failure / Release,Pipeline incident on FRONTIER LATERAL (ONSHORE PUMP/METER STATION EQUIPMENT AND PIPING). Primary cause: EQUIPMENT FAILURE - OTHER EQUIPMENT FAILURE.,OTHER EQUIPMENT FAILURE,,EQUIPMENT FAILURE,OTHER EQUIPMENT FAILURE,Pressurized Flammable/Toxic Fluid Release,Pipeline Transmission & Storage,CASPER,ONSHORE PUMP/METER STATION EQUIPMENT AND PIPING,NO,NO,,Property/Containment Damage,,,,0,NO,High Pressure/Pneumatic,BARRIER_FAILED,EQUIPMENT FAILURE,Energy Isolation,NO,PHMSA Process Safety & Explosion Metrics,HIGH,PHMSA Hazardous Liquid Pipeline Accident Database
PHMSA-20230150,PHMSA,20230150,6/7/23 8:00,Hazardous Liquid Pipeline,Pipeline Accident,Containment Failure / Release,Pipeline incident on KILGORE STATION (ONSHORE PUMP/METER STATION EQUIPMENT AND PIPING). Primary cause: EQUIPMENT FAILURE - NON-THREADED CONNECTION FAILURE.,NON-THREADED CONNECTION FAILURE,,EQUIPMENT FAILURE,NON-THREADED CONNECTION FAILURE,Pressurized Flammable/Toxic Fluid Release,Pipeline Transmission & Storage,KILGORE,ONSHORE PUMP/METER STATION EQUIPMENT AND PIPING,NO,NO,,Property/Containment Damage,,,,0,NO,High Pressure/Pneumatic,BARRIER_FAILED,EQUIPMENT FAILURE,Energy Isolation,NO,PHMSA Process Safety & Explosion Metrics,HIGH,PHMSA Hazardous Liquid Pipeline Accident Database
PHMSA-20230142,PHMSA,20230142,6/7/23 7:25,Hazardous Liquid Pipeline,Pipeline Accident,Containment Failure / Release,Pipeline incident on ST. MARTINVILLE PUMP STATION (ONSHORE PUMP/METER STATION EQUIPMENT AND PIPING). Primary cause: EQUIPMENT FAILURE - DEFECTIVE OR LOOSE TUBING OR FITTING.,DEFECTIVE OR LOOSE TUBING OR FITTING,,EQUIPMENT FAILURE,DEFECTIVE OR LOOSE TUBING OR FITTING,Pressurized Flammable/Toxic Fluid Release,Pipeline Transmission & Storage,ST. MARTINVILLE,ONSHORE PUMP/METER STATION EQUIPMENT AND PIPING,NO,NO,,Property/Containment Damage,,,,0,NO,High Pressure/Pneumatic,BARRIER_FAILED,EQUIPMENT FAILURE,Energy Isolation,NO,PHMSA Process Safety & Explosion Metrics,HIGH,PHMSA Hazardous Liquid Pipeline Accident Database
PHMSA-20230146,PHMSA,20230146,6/6/23 8:30,Hazardous Liquid Pipeline,Pipeline Accident,Containment Failure / Release,Pipeline incident on MIDLAND PMT (ONSHORE TERMINAL/TANK FARM EQUIPMENT AND PIPING). Primary cause: CORROSION FAILURE - INTERNAL CORROSION.,INTERNAL CORROSION,,CORROSION FAILURE,INTERNAL CORROSION,Pressurized Flammable/Toxic Fluid Release,Pipeline Transmission & Storage,MIDLAND,ONSHORE TERMINAL/TANK FARM EQUIPMENT AND PIPING,NO,NO,,Property/Containment Damage,,,,0,NO,High Pressure/Pneumatic,BARRIER_FAILED,CORROSION FAILURE,Energy Isolation,NO,PHMSA Process Safety & Explosion Metrics,HIGH,PHMSA Hazardous Liquid Pipeline Accident Database
PHMSA-20230141,PHMSA,20230141,6/2/23 17:45,Hazardous Liquid Pipeline,Pipeline Accident,Containment Failure / Release,"Pipeline incident on """"""""""""""""""""""""""""""""""""""""""""""""24"""""""""""""""""""""""""""""""""""""""""""""""""""""""""""""""" ZYDECO PIPELINE"""""""""""""""""""""""""""""""""""""""""""""""" (ONSHORE PUMP/METER STATION EQUIPMENT AND PIPING). Primary cause: EQUIPMENT FAILURE - PUMP OR PUMP-RELATED EQUIPMENT.",PUMP OR PUMP-RELATED EQUIPMENT,,EQUIPMENT FAILURE,PUMP OR PUMP-RELATED EQUIPMENT,Pressurized Flammable/Toxic Fluid Release,Pipeline Transmission & Storage,HOUMA,ONSHORE PUMP/METER STATION EQUIPMENT AND PIPING,NO,NO,,Property/Containment Damage,,,,0,NO,High Pressure/Pneumatic,BARRIER_FAILED,EQUIPMENT FAILURE,Energy Isolation,NO,PHMSA Process Safety & Explosion Metrics,HIGH,PHMSA Hazardous Liquid Pipeline Accident Database
PHMSA-20230138,PHMSA,20230138,6/1/23 9:20,Hazardous Liquid Pipeline,Pipeline Accident,Containment Failure / Release,"Pipeline incident on """"""""""""""""""""""""""""""""""""""""""""""""DEEPROCK OIL OPERATING, INC"""""""""""""""""""""""""""""""""""""""""""""""" (ONSHORE TERMINAL/TANK FARM EQUIPMENT AND PIPING). Primary cause: CORROSION FAILURE - INTERNAL CORROSION.",INTERNAL CORROSION,,CORROSION FAILURE,INTERNAL CORROSION,Pressurized Flammable/Toxic Fluid Release,Pipeline Transmission & Storage,Not Within a Municipality,ONSHORE TERMINAL/TANK FARM EQUIPMENT AND PIPING,NO,NO,,Property/Containment Damage,,,,0,NO,High Pressure/Pneumatic,BARRIER_FAILED,CORROSION FAILURE,Energy Isolation,NO,PHMSA Process Safety & Explosion Metrics,HIGH,PHMSA Hazardous Liquid Pipeline Accident Database
PHMSA-20230131,PHMSA,20230131,5/30/2023 1:24,Hazardous Liquid Pipeline,Pipeline Accident,Containment Failure / Release,Pipeline incident on DEWITT STATION (ONSHORE PUMP/METER STATION EQUIPMENT AND PIPING). Primary cause: EQUIPMENT FAILURE - PUMP OR PUMP-RELATED EQUIPMENT.,PUMP OR PUMP-RELATED EQUIPMENT,,EQUIPMENT FAILURE,PUMP OR PUMP-RELATED EQUIPMENT,Pressurized Flammable/Toxic Fluid Release,Pipeline Transmission & Storage,Not Within a Municipality,ONSHORE PUMP/METER STATION EQUIPMENT AND PIPING,NO,NO,,Property/Containment Damage,,,,0,NO,High Pressure/Pneumatic,BARRIER_FAILED,EQUIPMENT FAILURE,Energy Isolation,NO,PHMSA Process Safety & Explosion Metrics,HIGH,PHMSA Hazardous Liquid Pipeline Accident Database
PHMSA-20230136,PHMSA,20230136,5/26/2023 16:30,Hazardous Liquid Pipeline,Pipeline Accident,Containment Failure / Release,Pipeline incident on P66 BEAUMONT TERMINAL (ONSHORE TERMINAL/TANK FARM EQUIPMENT AND PIPING). Primary cause: EQUIPMENT FAILURE - PUMP OR PUMP-RELATED EQUIPMENT.,PUMP OR PUMP-RELATED EQUIPMENT,,EQUIPMENT FAILURE,PUMP OR PUMP-RELATED EQUIPMENT,Pressurized Flammable/Toxic Fluid Release,Pipeline Transmission & Storage,NEDERLAND,ONSHORE TERMINAL/TANK FARM EQUIPMENT AND PIPING,NO,NO,,Property/Containment Damage,,,,0,NO,High Pressure/Pneumatic,BARRIER_FAILED,EQUIPMENT FAILURE,Energy Isolation,NO,PHMSA Process Safety & Explosion Metrics,HIGH,PHMSA Hazardous Liquid Pipeline Accident Database
PHMSA-20230137,PHMSA,20230137,5/24/2023 23:30,Hazardous Liquid Pipeline,Pipeline Accident,Containment Failure / Release,Pipeline incident on ARTESIA TO EL PASO SOUTH/ORLA TO EL PASO TERMINAL (ONSHORE PUMP/METER STATION EQUIPMENT AND PIPING). Primary cause: EQUIPMENT FAILURE - PUMP OR PUMP-RELATED EQUIPMENT.,PUMP OR PUMP-RELATED EQUIPMENT,,EQUIPMENT FAILURE,PUMP OR PUMP-RELATED EQUIPMENT,Pressurized Flammable/Toxic Fluid Release,Pipeline Transmission & Storage,ORLA,ONSHORE PUMP/METER STATION EQUIPMENT AND PIPING,NO,NO,,Property/Containment Damage,,,,0,NO,High Pressure/Pneumatic,BARRIER_FAILED,EQUIPMENT FAILURE,Energy Isolation,NO,PHMSA Process Safety & Explosion Metrics,HIGH,PHMSA Hazardous Liquid Pipeline Accident Database
PHMSA-20230132,PHMSA,20230132,5/22/2023 11:12,Hazardous Liquid Pipeline,Pipeline Accident,Containment Failure / Release,"Pipeline incident on """"""""""""""""""""""""""""""""""""""""""""""""OWENSBORO - CATLETTSBURG 24"""""""""""""""""""""""""""""""""""""""""""""""""""""""""""""""" CRUDE"""""""""""""""""""""""""""""""""""""""""""""""" (ONSHORE PUMP/METER STATION EQUIPMENT AND PIPING). Primary cause: CORROSION FAILURE - INTERNAL CORROSION.",INTERNAL CORROSION,,CORROSION FAILURE,INTERNAL CORROSION,Pressurized Flammable/Toxic Fluid Release,Pipeline Transmission & Storage,LEBANON JUNCTION,ONSHORE PUMP/METER STATION EQUIPMENT AND PIPING,NO,NO,,Property/Containment Damage,,,,0,NO,High Pressure/Pneumatic,BARRIER_FAILED,CORROSION FAILURE,Energy Isolation,NO,PHMSA Process Safety & Explosion Metrics,HIGH,PHMSA Hazardous Liquid Pipeline Accident Database
PHMSA-20230130,PHMSA,20230130,5/19/2023 12:30,Hazardous Liquid Pipeline,Pipeline Accident,Containment Failure / Release,"Pipeline incident on """"""""""""""""""""""""""""""""""""""""""""""""WOOD RIVER - CLERMONT 10"""""""""""""""""""""""""""""""""""""""""""""""""""""""""""""""" PRODUCTS"""""""""""""""""""""""""""""""""""""""""""""""" (ONSHORE TERMINAL/TANK FARM EQUIPMENT AND PIPING). Primary cause: CORROSION FAILURE - EXTERNAL CORROSION.",EXTERNAL CORROSION,,CORROSION FAILURE,EXTERNAL CORROSION,Pressurized Flammable/Toxic Fluid Release,Pipeline Transmission & Storage,MARTINSVILLE,ONSHORE TERMINAL/TANK FARM EQUIPMENT AND PIPING,NO,NO,,Property/Containment Damage,,,,0,NO,High Pressure/Pneumatic,BARRIER_FAILED,CORROSION FAILURE,Energy Isolation,NO,PHMSA Process Safety & Explosion Metrics,HIGH,PHMSA Hazardous Liquid Pipeline Accident Database
PHMSA-20230133,PHMSA,20230133,5/19/2023 11:30,Hazardous Liquid Pipeline,Pipeline Accident,Containment Failure / Release,Pipeline incident on NEDERLAND TERMINAL (ONSHORE TERMINAL/TANK FARM EQUIPMENT AND PIPING). Primary cause: EQUIPMENT FAILURE - OTHER EQUIPMENT FAILURE.,OTHER EQUIPMENT FAILURE,,EQUIPMENT FAILURE,OTHER EQUIPMENT FAILURE,Pressurized Flammable/Toxic Fluid Release,Pipeline Transmission & Storage,NEDERLAND,ONSHORE TERMINAL/TANK FARM EQUIPMENT AND PIPING,NO,NO,,Property/Containment Damage,,,,0,NO,High Pressure/Pneumatic,BARRIER_FAILED,EQUIPMENT FAILURE,Energy Isolation,NO,PHMSA Process Safety & Explosion Metrics,HIGH,PHMSA Hazardous Liquid Pipeline Accident Database
PHMSA-20230129,PHMSA,20230129,5/18/2023 8:15,Hazardous Liquid Pipeline,Pipeline Accident,Containment Failure / Release,Pipeline incident on VIKING STATION (ONSHORE PUMP/METER STATION EQUIPMENT AND PIPING). Primary cause: EQUIPMENT FAILURE - NON-THREADED CONNECTION FAILURE.,NON-THREADED CONNECTION FAILURE,,EQUIPMENT FAILURE,NON-THREADED CONNECTION FAILURE,Pressurized Flammable/Toxic Fluid Release,Pipeline Transmission & Storage,VIKING,ONSHORE PUMP/METER STATION EQUIPMENT AND PIPING,NO,NO,,Property/Containment Damage,,,,0,NO,High Pressure/Pneumatic,BARRIER_FAILED,EQUIPMENT FAILURE,Energy Isolation,NO,PHMSA Process Safety & Explosion Metrics,HIGH,PHMSA Hazardous Liquid Pipeline Accident Database
PHMSA-20230128,PHMSA,20230128,5/15/2023 15:39,Hazardous Liquid Pipeline,Pipeline Accident,Containment Failure / Release,Pipeline incident on ODESSA STATION (ONSHORE PUMP/METER STATION EQUIPMENT AND PIPING). Primary cause: EQUIPMENT FAILURE - NON-THREADED CONNECTION FAILURE.,NON-THREADED CONNECTION FAILURE,,EQUIPMENT FAILURE,NON-THREADED CONNECTION FAILURE,Pressurized Flammable/Toxic Fluid Release,Pipeline Transmission & Storage,ODESSA,ONSHORE PUMP/METER STATION EQUIPMENT AND PIPING,NO,NO,,Property/Containment Damage,,,,0,NO,High Pressure/Pneumatic,BARRIER_FAILED,EQUIPMENT FAILURE,Energy Isolation,NO,PHMSA Process Safety & Explosion Metrics,HIGH,PHMSA Hazardous Liquid Pipeline Accident Database
PHMSA-20230123,PHMSA,20230123,5/14/2023 17:10,Hazardous Liquid Pipeline,Pipeline Accident,Containment Failure / Release,"Pipeline incident on WEST GRAND PRIX JCT TO MONT BELVIEU (""""""""""""""""""""""""""""""""""""""""""""""""ONSHORE PIPELINE, INCLUDING VALVE SITES""""""""""""""""""""""""""""""""""""""""""""""""). Primary cause: EQUIPMENT FAILURE - NON-THREADED CONNECTION FAILURE.",NON-THREADED CONNECTION FAILURE,,EQUIPMENT FAILURE,NON-THREADED CONNECTION FAILURE,Pressurized Flammable/Toxic Fluid Release,Pipeline Transmission & Storage,Not Within a Municipality,"""""""""""""""""""""""""""""""""""""""""""""""""ONSHORE PIPELINE, INCLUDING VALVE SITES""""""""""""""""""""""""""""""""""""""""""""""""",NO,NO,,Property/Containment Damage,,,,0,NO,High Pressure/Pneumatic,BARRIER_FAILED,EQUIPMENT FAILURE,Energy Isolation,NO,PHMSA Process Safety & Explosion Metrics,HIGH,PHMSA Hazardous Liquid Pipeline Accident Database
PHMSA-20230125,PHMSA,20230125,5/12/23 17:50,Hazardous Liquid Pipeline,Pipeline Accident,Containment Failure / Release,Pipeline incident on LINAM RANCH - SITE 1012 (ONSHORE PUMP/METER STATION EQUIPMENT AND PIPING). Primary cause: EQUIPMENT FAILURE - NON-THREADED CONNECTION FAILURE.,NON-THREADED CONNECTION FAILURE,,EQUIPMENT FAILURE,NON-THREADED CONNECTION FAILURE,Pressurized Flammable/Toxic Fluid Release,Pipeline Transmission & Storage,Not Within a Municipality,ONSHORE PUMP/METER STATION EQUIPMENT AND PIPING,NO,NO,,Property/Containment Damage,,,,0,NO,High Pressure/Pneumatic,BARRIER_FAILED,EQUIPMENT FAILURE,Energy Isolation,NO,PHMSA Process Safety & Explosion Metrics,HIGH,PHMSA Hazardous Liquid Pipeline Accident Database
PHMSA-20230124,PHMSA,20230124,5/12/23 7:36,Hazardous Liquid Pipeline,Pipeline Accident,Containment Failure / Release,"Pipeline incident on LINE 55 (""""""""""""""""""""""""""""""""""""""""""""""""ONSHORE PIPELINE, INCLUDING VALVE SITES""""""""""""""""""""""""""""""""""""""""""""""""). Primary cause: OTHER ACCIDENT CAUSE - UNKNOWN.",UNKNOWN,,OTHER ACCIDENT CAUSE,UNKNOWN,Pressurized Flammable/Toxic Fluid Release,Pipeline Transmission & Storage,EL PASO,"""""""""""""""""""""""""""""""""""""""""""""""""ONSHORE PIPELINE, INCLUDING VALVE SITES""""""""""""""""""""""""""""""""""""""""""""""""",NO,NO,,Property/Containment Damage,,,,0,NO,High Pressure/Pneumatic,BARRIER_FAILED,OTHER ACCIDENT CAUSE,Energy Isolation,NO,PHMSA Process Safety & Explosion Metrics,HIGH,PHMSA Hazardous Liquid Pipeline Accident Database
PHMSA-20230120,PHMSA,20230120,5/11/23 8:50,Hazardous Liquid Pipeline,Pipeline Accident,Containment Failure / Release,"Pipeline incident on COLEX WEST TANK FARM (""""""""""""""""""""""""""""""""""""""""""""""""ONSHORE BREAKOUT TANK OR STORAGE VESSEL, INCLUDING ATTACHED APPURTENANCES""""""""""""""""""""""""""""""""""""""""""""""""). Primary cause: CORROSION FAILURE - EXTERNAL CORROSION.",EXTERNAL CORROSION,,CORROSION FAILURE,EXTERNAL CORROSION,Pressurized Flammable/Toxic Fluid Release,Pipeline Transmission & Storage,PASADENA,"""""""""""""""""""""""""""""""""""""""""""""""""ONSHORE BREAKOUT TANK OR STORAGE VESSEL, INCLUDING ATTACHED APPURTENANCES""""""""""""""""""""""""""""""""""""""""""""""""",NO,NO,,Property/Containment Damage,,,,0,NO,High Pressure/Pneumatic,BARRIER_FAILED,CORROSION FAILURE,Energy Isolation,NO,PHMSA Process Safety & Explosion Metrics,HIGH,PHMSA Hazardous Liquid Pipeline Accident Database
PHMSA-20230122,PHMSA,20230122,5/9/23 10:38,Hazardous Liquid Pipeline,Pipeline Accident,Containment Failure / Release,Pipeline incident on WINK TERMINAL (ONSHORE TERMINAL/TANK FARM EQUIPMENT AND PIPING). Primary cause: OTHER ACCIDENT CAUSE - UNKNOWN.,UNKNOWN,,OTHER ACCIDENT CAUSE,UNKNOWN,Pressurized Flammable/Toxic Fluid Release,Pipeline Transmission & Storage,WINK,ONSHORE TERMINAL/TANK FARM EQUIPMENT AND PIPING,NO,NO,,Property/Containment Damage,,,,0,NO,High Pressure/Pneumatic,BARRIER_FAILED,OTHER ACCIDENT CAUSE,Energy Isolation,NO,PHMSA Process Safety & Explosion Metrics,HIGH,PHMSA Hazardous Liquid Pipeline Accident Database
PHMSA-20230119,PHMSA,20230119,5/8/23 7:40,Hazardous Liquid Pipeline,Pipeline Accident,Containment Failure / Release,"Pipeline incident on WEBSTER STATION (""""""""""""""""""""""""""""""""""""""""""""""""ONSHORE BREAKOUT TANK OR STORAGE VESSEL, INCLUDING ATTACHED APPURTENANCES""""""""""""""""""""""""""""""""""""""""""""""""). Primary cause: CORROSION FAILURE - EXTERNAL CORROSION.",EXTERNAL CORROSION,,CORROSION FAILURE,EXTERNAL CORROSION,Pressurized Flammable/Toxic Fluid Release,Pipeline Transmission & Storage,WEBSTER,"""""""""""""""""""""""""""""""""""""""""""""""""ONSHORE BREAKOUT TANK OR STORAGE VESSEL, INCLUDING ATTACHED APPURTENANCES""""""""""""""""""""""""""""""""""""""""""""""""",NO,NO,,Property/Containment Damage,,,,0,NO,High Pressure/Pneumatic,BARRIER_FAILED,CORROSION FAILURE,Energy Isolation,NO,PHMSA Process Safety & Explosion Metrics,HIGH,PHMSA Hazardous Liquid Pipeline Accident Database
PHMSA-20230114,PHMSA,20230114,5/5/23 13:52,Hazardous Liquid Pipeline,Pipeline Accident,Containment Failure / Release,Pipeline incident on PRATT STATION (ONSHORE PUMP/METER STATION EQUIPMENT AND PIPING). Primary cause: EQUIPMENT FAILURE - PUMP OR PUMP-RELATED EQUIPMENT.,PUMP OR PUMP-RELATED EQUIPMENT,,EQUIPMENT FAILURE,PUMP OR PUMP-RELATED EQUIPMENT,Pressurized Flammable/Toxic Fluid Release,Pipeline Transmission & Storage,LUKA,ONSHORE PUMP/METER STATION EQUIPMENT AND PIPING,NO,NO,,Property/Containment Damage,,,,0,NO,High Pressure/Pneumatic,BARRIER_FAILED,EQUIPMENT FAILURE,Energy Isolation,NO,PHMSA Process Safety & Explosion Metrics,HIGH,PHMSA Hazardous Liquid Pipeline Accident Database
PHMSA-20230121,PHMSA,20230121,5/5/23 13:00,Hazardous Liquid Pipeline,Pipeline Accident,Containment Failure / Release,"Pipeline incident on SOUTH SPRAYBERRY JUNCTION (ONSHORE PUMP/METER STATION EQUIPMENT AND PIPING). Primary cause: INCORRECT OPERATION - """"""""""""""""""""""""""""""""""""""""""""""""TANK, VESSEL, OR SUMP/SEPARATOR ALLOWED OR CAUSED TO OVERFILL OR OVERFLOW"""""""""""""""""""""""""""""""""""""""""""""""".","""""""""""""""""""""""""""""""""""""""""""""""""TANK, VESSEL, OR SUMP/SEPARATOR ALLOWED OR CAUSED TO OVERFILL OR OVERFLOW""""""""""""""""""""""""""""""""""""""""""""""""",,INCORRECT OPERATION,"""""""""""""""""""""""""""""""""""""""""""""""""TANK, VESSEL, OR SUMP/SEPARATOR ALLOWED OR CAUSED TO OVERFILL OR OVERFLOW""""""""""""""""""""""""""""""""""""""""""""""""",Pressurized Flammable/Toxic Fluid Release,Pipeline Transmission & Storage,Not Within a Municipality,ONSHORE PUMP/METER STATION EQUIPMENT AND PIPING,NO,NO,,Property/Containment Damage,,,,0,NO,High Pressure/Pneumatic,BARRIER_FAILED,INCORRECT OPERATION,Energy Isolation,NO,PHMSA Process Safety & Explosion Metrics,HIGH,PHMSA Hazardous Liquid Pipeline Accident Database
PHMSA-20230113,PHMSA,20230113,5/5/23 11:15,Hazardous Liquid Pipeline,Pipeline Accident,Containment Failure / Release,Pipeline incident on P66 PASADENA TERMINAL (ONSHORE TERMINAL/TANK FARM EQUIPMENT AND PIPING). Primary cause: INCORRECT OPERATION - DAMAGE BY OPERATOR OR OPERATOR'S CONTRACTOR NOT RELATED TO EXCAVATION AND NOT DUE TO MOTORIZED VEHICLE/EQUIPMENT DAMAGE.,DAMAGE BY OPERATOR OR OPERATOR'S CONTRACTOR NOT RELATED TO EXCAVATION AND NOT DUE TO MOTORIZED VEHICLE/EQUIPMENT DAMAGE,,INCORRECT OPERATION,DAMAGE BY OPERATOR OR OPERATOR'S CONTRACTOR NOT RELATED TO EXCAVATION AND NOT DUE TO MOTORIZED VEHICLE/EQUIPMENT DAMAGE,Pressurized Flammable/Toxic Fluid Release,Pipeline Transmission & Storage,PASADENA,ONSHORE TERMINAL/TANK FARM EQUIPMENT AND PIPING,NO,NO,,Property/Containment Damage,,,,0,NO,High Pressure/Pneumatic,BARRIER_FAILED,INCORRECT OPERATION,Energy Isolation,NO,PHMSA Process Safety & Explosion Metrics,HIGH,PHMSA Hazardous Liquid Pipeline Accident Database
PHMSA-20230117,PHMSA,20230117,5/4/23 13:38,Hazardous Liquid Pipeline,Pipeline Accident,Containment Failure / Release,"Pipeline incident on CEDAR BAYOU (""""""""""""""""""""""""""""""""""""""""""""""""ONSHORE PIPELINE, INCLUDING VALVE SITES""""""""""""""""""""""""""""""""""""""""""""""""). Primary cause: EQUIPMENT FAILURE - NON-THREADED CONNECTION FAILURE.",NON-THREADED CONNECTION FAILURE,,EQUIPMENT FAILURE,NON-THREADED CONNECTION FAILURE,Pressurized Flammable/Toxic Fluid Release,Pipeline Transmission & Storage,BAYTOWN,"""""""""""""""""""""""""""""""""""""""""""""""""ONSHORE PIPELINE, INCLUDING VALVE SITES""""""""""""""""""""""""""""""""""""""""""""""""",NO,NO,,Property/Containment Damage,,,,0,NO,High Pressure/Pneumatic,BARRIER_FAILED,EQUIPMENT FAILURE,Energy Isolation,NO,PHMSA Process Safety & Explosion Metrics,HIGH,PHMSA Hazardous Liquid Pipeline Accident Database
PHMSA-20230112,PHMSA,20230112,5/4/23 5:45,Hazardous Liquid Pipeline,Pipeline Accident,Containment Failure / Release,"Pipeline incident on """"""""""""""""""""""""""""""""""""""""""""""""ORLA JUNCTION - SWEENY 24""""""""""""""""""""""""""""""""""""""""""""""""""""""""""""""""-20"""""""""""""""""""""""""""""""""""""""""""""""""""""""""""""""" PRODUCTS (BANGL)"""""""""""""""""""""""""""""""""""""""""""""""" (""""""""""""""""""""""""""""""""""""""""""""""""ONSHORE PIPELINE, INCLUDING VALVE SITES""""""""""""""""""""""""""""""""""""""""""""""""). Primary cause: EQUIPMENT FAILURE - NON-THREADED CONNECTION FAILURE.",NON-THREADED CONNECTION FAILURE,,EQUIPMENT FAILURE,NON-THREADED CONNECTION FAILURE,Pressurized Flammable/Toxic Fluid Release,Pipeline Transmission & Storage,Not Within a Municipality,"""""""""""""""""""""""""""""""""""""""""""""""""ONSHORE PIPELINE, INCLUDING VALVE SITES""""""""""""""""""""""""""""""""""""""""""""""""",NO,NO,,Property/Containment Damage,,,,0,NO,High Pressure/Pneumatic,BARRIER_FAILED,EQUIPMENT FAILURE,Energy Isolation,NO,PHMSA Process Safety & Explosion Metrics,HIGH,PHMSA Hazardous Liquid Pipeline Accident Database
PHMSA-20230115,PHMSA,20230115,5/3/23 6:30,Hazardous Liquid Pipeline,Pipeline Accident,Containment Failure / Release,Pipeline incident on MIDLAND PMT (ONSHORE TERMINAL/TANK FARM EQUIPMENT AND PIPING). Primary cause: CORROSION FAILURE - INTERNAL CORROSION.,INTERNAL CORROSION,,CORROSION FAILURE,INTERNAL CORROSION,Pressurized Flammable/Toxic Fluid Release,Pipeline Transmission & Storage,MIDLAND,ONSHORE TERMINAL/TANK FARM EQUIPMENT AND PIPING,NO,NO,,Property/Containment Damage,,,,0,NO,High Pressure/Pneumatic,BARRIER_FAILED,CORROSION FAILURE,Energy Isolation,NO,PHMSA Process Safety & Explosion Metrics,HIGH,PHMSA Hazardous Liquid Pipeline Accident Database
PHMSA-20230111,PHMSA,20230111,5/2/23 9:13,Hazardous Liquid Pipeline,Pipeline Accident,Containment Failure / Release,"Pipeline incident on MIDLAND TANK FARM (ONSHORE TERMINAL/TANK FARM EQUIPMENT AND PIPING). Primary cause: INCORRECT OPERATION - """"""""""""""""""""""""""""""""""""""""""""""""TANK, VESSEL, OR SUMP/SEPARATOR ALLOWED OR CAUSED TO OVERFILL OR OVERFLOW"""""""""""""""""""""""""""""""""""""""""""""""".","""""""""""""""""""""""""""""""""""""""""""""""""TANK, VESSEL, OR SUMP/SEPARATOR ALLOWED OR CAUSED TO OVERFILL OR OVERFLOW""""""""""""""""""""""""""""""""""""""""""""""""",,INCORRECT OPERATION,"""""""""""""""""""""""""""""""""""""""""""""""""TANK, VESSEL, OR SUMP/SEPARATOR ALLOWED OR CAUSED TO OVERFILL OR OVERFLOW""""""""""""""""""""""""""""""""""""""""""""""""",Pressurized Flammable/Toxic Fluid Release,Pipeline Transmission & Storage,Not Within a Municipality,ONSHORE TERMINAL/TANK FARM EQUIPMENT AND PIPING,NO,NO,,Property/Containment Damage,,,,0,NO,High Pressure/Pneumatic,BARRIER_FAILED,INCORRECT OPERATION,Energy Isolation,NO,PHMSA Process Safety & Explosion Metrics,HIGH,PHMSA Hazardous Liquid Pipeline Accident Database
PHMSA-20230105,PHMSA,20230105,4/30/2023 5:20,Hazardous Liquid Pipeline,Pipeline Accident,Containment Failure / Release,Pipeline incident on BATON ROUGE JUNCTION (ONSHORE PUMP/METER STATION EQUIPMENT AND PIPING). Primary cause: EQUIPMENT FAILURE - PUMP OR PUMP-RELATED EQUIPMENT.,PUMP OR PUMP-RELATED EQUIPMENT,,EQUIPMENT FAILURE,PUMP OR PUMP-RELATED EQUIPMENT,Pressurized Flammable/Toxic Fluid Release,Pipeline Transmission & Storage,JACKSON,ONSHORE PUMP/METER STATION EQUIPMENT AND PIPING,NO,NO,,Property/Containment Damage,,,,0,NO,High Pressure/Pneumatic,BARRIER_FAILED,EQUIPMENT FAILURE,Energy Isolation,NO,PHMSA Process Safety & Explosion Metrics,HIGH,PHMSA Hazardous Liquid Pipeline Accident Database
PHMSA-20230110,PHMSA,20230110,4/28/2023 21:25,Hazardous Liquid Pipeline,Pipeline Accident,Containment Failure / Release,"Pipeline incident on GALENA PARK TERMINAL (ONSHORE TERMINAL/TANK FARM EQUIPMENT AND PIPING). Primary cause: INCORRECT OPERATION - """"""""""""""""""""""""""""""""""""""""""""""""VALVE LEFT OR PLACED IN WRONG POSITION, BUT NOT RESULTING IN A TANK, VESSEL, OR SUMP/SEPARATOR OVERFLOW OR FACILITY OVERPRESSURE"""""""""""""""""""""""""""""""""""""""""""""""".","""""""""""""""""""""""""""""""""""""""""""""""""VALVE LEFT OR PLACED IN WRONG POSITION, BUT NOT RESULTING IN A TANK, VESSEL, OR SUMP/SEPARATOR OVERFLOW OR FACILITY OVERPRESSURE""""""""""""""""""""""""""""""""""""""""""""""""",,INCORRECT OPERATION,"""""""""""""""""""""""""""""""""""""""""""""""""VALVE LEFT OR PLACED IN WRONG POSITION, BUT NOT RESULTING IN A TANK, VESSEL, OR SUMP/SEPARATOR OVERFLOW OR FACILITY OVERPRESSURE""""""""""""""""""""""""""""""""""""""""""""""""",Pressurized Flammable/Toxic Fluid Release,Pipeline Transmission & Storage,GALENA PARK,ONSHORE TERMINAL/TANK FARM EQUIPMENT AND PIPING,NO,NO,,Property/Containment Damage,,,,0,NO,High Pressure/Pneumatic,BARRIER_FAILED,INCORRECT OPERATION,Energy Isolation,NO,PHMSA Process Safety & Explosion Metrics,HIGH,PHMSA Hazardous Liquid Pipeline Accident Database
PHMSA-20230108,PHMSA,20230108,4/26/2023 4:25,Hazardous Liquid Pipeline,Pipeline Accident,Containment Failure / Release,Pipeline incident on GREENVILLE TANK FARM (ONSHORE TERMINAL/TANK FARM EQUIPMENT AND PIPING). Primary cause: EQUIPMENT FAILURE - THREADED CONNECTION/COUPLING FAILURE.,THREADED CONNECTION/COUPLING FAILURE,,EQUIPMENT FAILURE,THREADED CONNECTION/COUPLING FAILURE,Pressurized Flammable/Toxic Fluid Release,Pipeline Transmission & Storage,CADDO MILLS,ONSHORE TERMINAL/TANK FARM EQUIPMENT AND PIPING,NO,NO,,Property/Containment Damage,,,,0,NO,High Pressure/Pneumatic,BARRIER_FAILED,EQUIPMENT FAILURE,Energy Isolation,NO,PHMSA Process Safety & Explosion Metrics,HIGH,PHMSA Hazardous Liquid Pipeline Accident Database
PHMSA-20230103,PHMSA,20230103,4/25/2023 13:05,Hazardous Liquid Pipeline,Pipeline Accident,Containment Failure / Release,"Pipeline incident on NT 30 (""""""""""""""""""""""""""""""""""""""""""""""""ONSHORE PIPELINE, INCLUDING VALVE SITES""""""""""""""""""""""""""""""""""""""""""""""""). Primary cause: CORROSION FAILURE - EXTERNAL CORROSION.",EXTERNAL CORROSION,,CORROSION FAILURE,EXTERNAL CORROSION,Pressurized Flammable/Toxic Fluid Release,Pipeline Transmission & Storage,WICHITA FALLS,"""""""""""""""""""""""""""""""""""""""""""""""""ONSHORE PIPELINE, INCLUDING VALVE SITES""""""""""""""""""""""""""""""""""""""""""""""""",NO,NO,,Property/Containment Damage,,,,0,NO,High Pressure/Pneumatic,BARRIER_FAILED,CORROSION FAILURE,Energy Isolation,NO,PHMSA Process Safety & Explosion Metrics,HIGH,PHMSA Hazardous Liquid Pipeline Accident Database
PHMSA-20230143,PHMSA,20230143,4/25/2023 7:50,Hazardous Liquid Pipeline,Pipeline Accident,Containment Failure / Release,"Pipeline incident on CSFM #0414 (""""""""""""""""""""""""""""""""""""""""""""""""ONSHORE PIPELINE, INCLUDING VALVE SITES""""""""""""""""""""""""""""""""""""""""""""""""). Primary cause: CORROSION FAILURE - EXTERNAL CORROSION.",EXTERNAL CORROSION,,CORROSION FAILURE,EXTERNAL CORROSION,Pressurized Flammable/Toxic Fluid Release,Pipeline Transmission & Storage,CARSON,"""""""""""""""""""""""""""""""""""""""""""""""""ONSHORE PIPELINE, INCLUDING VALVE SITES""""""""""""""""""""""""""""""""""""""""""""""""",NO,NO,,Property/Containment Damage,,,,0,NO,High Pressure/Pneumatic,BARRIER_FAILED,CORROSION FAILURE,Energy Isolation,NO,PHMSA Process Safety & Explosion Metrics,HIGH,PHMSA Hazardous Liquid Pipeline Accident Database
PHMSA-20230104,PHMSA,20230104,4/24/2023 19:00,Hazardous Liquid Pipeline,Pipeline Accident,Containment Failure / Release,"Pipeline incident on M70 NEWHALL-TORRANCE (""""""""""""""""""""""""""""""""""""""""""""""""ONSHORE PIPELINE, INCLUDING VALVE SITES""""""""""""""""""""""""""""""""""""""""""""""""). Primary cause: OTHER ACCIDENT CAUSE - UNKNOWN.",UNKNOWN,,OTHER ACCIDENT CAUSE,UNKNOWN,Pressurized Flammable/Toxic Fluid Release,Pipeline Transmission & Storage,LOS ANGELES,"""""""""""""""""""""""""""""""""""""""""""""""""ONSHORE PIPELINE, INCLUDING VALVE SITES""""""""""""""""""""""""""""""""""""""""""""""""",NO,NO,,Property/Containment Damage,,,,0,NO,High Pressure/Pneumatic,BARRIER_FAILED,OTHER ACCIDENT CAUSE,Energy Isolation,NO,PHMSA Process Safety & Explosion Metrics,HIGH,PHMSA Hazardous Liquid Pipeline Accident Database
PHMSA-20230102,PHMSA,20230102,4/21/2023 6:58,Hazardous Liquid Pipeline,Pipeline Accident,Containment Failure / Release,Pipeline incident on 16P WICHITA FALLS - MCKEE PIPELINE (ONSHORE TERMINAL/TANK FARM EQUIPMENT AND PIPING). Primary cause: CORROSION FAILURE - INTERNAL CORROSION.,INTERNAL CORROSION,,CORROSION FAILURE,INTERNAL CORROSION,Pressurized Flammable/Toxic Fluid Release,Pipeline Transmission & Storage,Not Within a Municipality,ONSHORE TERMINAL/TANK FARM EQUIPMENT AND PIPING,NO,NO,,Property/Containment Damage,,,,0,NO,High Pressure/Pneumatic,BARRIER_FAILED,CORROSION FAILURE,Energy Isolation,NO,PHMSA Process Safety & Explosion Metrics,HIGH,PHMSA Hazardous Liquid Pipeline Accident Database
PHMSA-20230134,PHMSA,20230134,4/20/2023 18:23,Hazardous Liquid Pipeline,Pipeline Accident,Containment Failure / Release,"Pipeline incident on MARYSVILLE TO TOLEDO (""""""""""""""""""""""""""""""""""""""""""""""""ONSHORE PIPELINE, INCLUDING VALVE SITES""""""""""""""""""""""""""""""""""""""""""""""""). Primary cause: MATERIAL FAILURE OF PIPE OR WELD - """"""""""""""""""""""""""""""""""""""""""""""""DESIGN-, CONSTRUCTION-, INSTALLATION-, OR FABRICATION-RELATED"""""""""""""""""""""""""""""""""""""""""""""""".","""""""""""""""""""""""""""""""""""""""""""""""""DESIGN-, CONSTRUCTION-, INSTALLATION-, OR FABRICATION-RELATED""""""""""""""""""""""""""""""""""""""""""""""""",,MATERIAL FAILURE OF PIPE OR WELD,"""""""""""""""""""""""""""""""""""""""""""""""""DESIGN-, CONSTRUCTION-, INSTALLATION-, OR FABRICATION-RELATED""""""""""""""""""""""""""""""""""""""""""""""""",Pressurized Flammable/Toxic Fluid Release,Pipeline Transmission & Storage,RAY TOWNSHIP,"""""""""""""""""""""""""""""""""""""""""""""""""ONSHORE PIPELINE, INCLUDING VALVE SITES""""""""""""""""""""""""""""""""""""""""""""""""",NO,NO,,Property/Containment Damage,,,,0,NO,High Pressure/Pneumatic,BARRIER_FAILED,MATERIAL FAILURE OF PIPE OR WELD,Energy Isolation,NO,PHMSA Process Safety & Explosion Metrics,HIGH,PHMSA Hazardous Liquid Pipeline Accident Database
PHMSA-20230094,PHMSA,20230094,4/19/2023 23:04,Hazardous Liquid Pipeline,Pipeline Accident,Containment Failure / Release,"Pipeline incident on """"""""""""""""""""""""""""""""""""""""""""""""10"""""""""""""""""""""""""""""""""""""""""""""""""""""""""""""""" LAVACA EXTENSION/WINFREE PUMP STATION"""""""""""""""""""""""""""""""""""""""""""""""" (ONSHORE PUMP/METER STATION EQUIPMENT AND PIPING). Primary cause: EQUIPMENT FAILURE - NON-THREADED CONNECTION FAILURE.",NON-THREADED CONNECTION FAILURE,,EQUIPMENT FAILURE,NON-THREADED CONNECTION FAILURE,Pressurized Flammable/Toxic Fluid Release,Pipeline Transmission & Storage,MONT BELVIEU,ONSHORE PUMP/METER STATION EQUIPMENT AND PIPING,NO,NO,,Property/Containment Damage,,,,0,NO,High Pressure/Pneumatic,BARRIER_FAILED,EQUIPMENT FAILURE,Energy Isolation,NO,PHMSA Process Safety & Explosion Metrics,HIGH,PHMSA Hazardous Liquid Pipeline Accident Database
PHMSA-20230099,PHMSA,20230099,4/17/2023 19:45,Hazardous Liquid Pipeline,Pipeline Accident,Containment Failure / Release,Pipeline incident on APPELT TERMINAL (ONSHORE TERMINAL/TANK FARM EQUIPMENT AND PIPING). Primary cause: CORROSION FAILURE - INTERNAL CORROSION.,INTERNAL CORROSION,,CORROSION FAILURE,INTERNAL CORROSION,Pressurized Flammable/Toxic Fluid Release,Pipeline Transmission & Storage,HOUSTON,ONSHORE TERMINAL/TANK FARM EQUIPMENT AND PIPING,NO,NO,,Property/Containment Damage,,,,0,NO,High Pressure/Pneumatic,BARRIER_FAILED,CORROSION FAILURE,Energy Isolation,NO,PHMSA Process Safety & Explosion Metrics,HIGH,PHMSA Hazardous Liquid Pipeline Accident Database
PHMSA-20230100,PHMSA,20230100,4/17/2023 15:00,Hazardous Liquid Pipeline,Pipeline Accident,Containment Failure / Release,Pipeline incident on CENTRAL CUSHING (ONSHORE PUMP/METER STATION EQUIPMENT AND PIPING). Primary cause: CORROSION FAILURE - INTERNAL CORROSION.,INTERNAL CORROSION,,CORROSION FAILURE,INTERNAL CORROSION,Pressurized Flammable/Toxic Fluid Release,Pipeline Transmission & Storage,CUSHING,ONSHORE PUMP/METER STATION EQUIPMENT AND PIPING,NO,NO,,Property/Containment Damage,,,,0,NO,High Pressure/Pneumatic,BARRIER_FAILED,CORROSION FAILURE,Energy Isolation,NO,PHMSA Process Safety & Explosion Metrics,HIGH,PHMSA Hazardous Liquid Pipeline Accident Database
PHMSA-20230098,PHMSA,20230098,4/17/2023 15:00,Hazardous Liquid Pipeline,Pipeline Accident,Containment Failure / Release,Pipeline incident on BLACK LAKE (ONSHORE PUMP/METER STATION EQUIPMENT AND PIPING). Primary cause: OTHER OUTSIDE FORCE DAMAGE - ELECTRICAL ARCING FROM OTHER EQUIPMENT OR FACILITY.,ELECTRICAL ARCING FROM OTHER EQUIPMENT OR FACILITY,,OTHER OUTSIDE FORCE DAMAGE,ELECTRICAL ARCING FROM OTHER EQUIPMENT OR FACILITY,Pressurized Flammable/Toxic Fluid Release,Pipeline Transmission & Storage,SAILES,ONSHORE PUMP/METER STATION EQUIPMENT AND PIPING,NO,NO,,Property/Containment Damage,,,,0,YES,Multiple,BARRIER_FAILED,OTHER OUTSIDE FORCE DAMAGE,Energy Isolation,NO,PHMSA Process Safety & Explosion Metrics,HIGH,PHMSA Hazardous Liquid Pipeline Accident Database
PHMSA-20230096,PHMSA,20230096,4/16/2023 10:56,Hazardous Liquid Pipeline,Pipeline Accident,Containment Failure / Release,"Pipeline incident on RAVEN RIDGE PIPELINE (""""""""""""""""""""""""""""""""""""""""""""""""ONSHORE PIPELINE, INCLUDING VALVE SITES""""""""""""""""""""""""""""""""""""""""""""""""). Primary cause: EQUIPMENT FAILURE - MALFUNCTION OF CONTROL/RELIEF EQUIPMENT.",MALFUNCTION OF CONTROL/RELIEF EQUIPMENT,,EQUIPMENT FAILURE,MALFUNCTION OF CONTROL/RELIEF EQUIPMENT,Pressurized Flammable/Toxic Fluid Release,Pipeline Transmission & Storage,ROCK SPRINGS,"""""""""""""""""""""""""""""""""""""""""""""""""ONSHORE PIPELINE, INCLUDING VALVE SITES""""""""""""""""""""""""""""""""""""""""""""""""",NO,NO,,Property/Containment Damage,,,,0,NO,High Pressure/Pneumatic,BARRIER_FAILED,EQUIPMENT FAILURE,Energy Isolation,NO,PHMSA Process Safety & Explosion Metrics,HIGH,PHMSA Hazardous Liquid Pipeline Accident Database
PHMSA-20230097,PHMSA,20230097,4/13/2023 12:40,Hazardous Liquid Pipeline,Pipeline Accident,Containment Failure / Release,Pipeline incident on GUERNSEY NORTH (ONSHORE TERMINAL/TANK FARM EQUIPMENT AND PIPING). Primary cause: OTHER ACCIDENT CAUSE - UNKNOWN.,UNKNOWN,,OTHER ACCIDENT CAUSE,UNKNOWN,Pressurized Flammable/Toxic Fluid Release,Pipeline Transmission & Storage,Not Within a Municipality,ONSHORE TERMINAL/TANK FARM EQUIPMENT AND PIPING,NO,NO,,Property/Containment Damage,,,,0,NO,High Pressure/Pneumatic,BARRIER_FAILED,OTHER ACCIDENT CAUSE,Energy Isolation,NO,PHMSA Process Safety & Explosion Metrics,HIGH,PHMSA Hazardous Liquid Pipeline Accident Database
PHMSA-20230095,PHMSA,20230095,4/11/23 12:10,Hazardous Liquid Pipeline,Pipeline Accident,Containment Failure / Release,Pipeline incident on LONESTAR EXPRESS #4 PUMP STATION (ONSHORE PUMP/METER STATION EQUIPMENT AND PIPING). Primary cause: OTHER ACCIDENT CAUSE - UNKNOWN.,UNKNOWN,,OTHER ACCIDENT CAUSE,UNKNOWN,Pressurized Flammable/Toxic Fluid Release,Pipeline Transmission & Storage,KOPPERL,ONSHORE PUMP/METER STATION EQUIPMENT AND PIPING,YES,YES,Workforce Injury,Injury,,,,0,YES,Multiple,BARRIER_FAILED,OTHER ACCIDENT CAUSE,Energy Isolation,INSUFFICIENT_INFORMATION,PHMSA Process Safety & Explosion Metrics,HIGH,PHMSA Hazardous Liquid Pipeline Accident Database
PHMSA-20230091,PHMSA,20230091,4/10/23 14:00,Hazardous Liquid Pipeline,Pipeline Accident,Containment Failure / Release,"Pipeline incident on SPRINGFIELD PIPELINE LLC (""""""""""""""""""""""""""""""""""""""""""""""""ONSHORE PIPELINE, INCLUDING VALVE SITES""""""""""""""""""""""""""""""""""""""""""""""""). Primary cause: CORROSION FAILURE - INTERNAL CORROSION.",INTERNAL CORROSION,,CORROSION FAILURE,INTERNAL CORROSION,Pressurized Flammable/Toxic Fluid Release,Pipeline Transmission & Storage,Not Within a Municipality,"""""""""""""""""""""""""""""""""""""""""""""""""ONSHORE PIPELINE, INCLUDING VALVE SITES""""""""""""""""""""""""""""""""""""""""""""""""",NO,NO,,Property/Containment Damage,,,,0,NO,High Pressure/Pneumatic,BARRIER_FAILED,CORROSION FAILURE,Energy Isolation,NO,PHMSA Process Safety & Explosion Metrics,HIGH,PHMSA Hazardous Liquid Pipeline Accident Database
PHMSA-20230087,PHMSA,20230087,4/5/23 12:45,Hazardous Liquid Pipeline,Pipeline Accident,Containment Failure / Release,"Pipeline incident on """"""""""""""""""""""""""""""""""""""""""""""""8"""""""""""""""""""""""""""""""""""""""""""""""""""""""""""""""" MTBV TO CHANNELVIEW"""""""""""""""""""""""""""""""""""""""""""""""" (""""""""""""""""""""""""""""""""""""""""""""""""ONSHORE PIPELINE, INCLUDING VALVE SITES""""""""""""""""""""""""""""""""""""""""""""""""). Primary cause: EQUIPMENT FAILURE - DEFECTIVE OR LOOSE TUBING OR FITTING.",DEFECTIVE OR LOOSE TUBING OR FITTING,,EQUIPMENT FAILURE,DEFECTIVE OR LOOSE TUBING OR FITTING,Pressurized Flammable/Toxic Fluid Release,Pipeline Transmission & Storage,HIGHLANDS,"""""""""""""""""""""""""""""""""""""""""""""""""ONSHORE PIPELINE, INCLUDING VALVE SITES""""""""""""""""""""""""""""""""""""""""""""""""",NO,NO,,Property/Containment Damage,,,,0,NO,High Pressure/Pneumatic,BARRIER_FAILED,EQUIPMENT FAILURE,Energy Isolation,NO,PHMSA Process Safety & Explosion Metrics,HIGH,PHMSA Hazardous Liquid Pipeline Accident Database
PHMSA-20230085,PHMSA,20230085,4/4/23 11:13,Hazardous Liquid Pipeline,Pipeline Accident,Containment Failure / Release,Pipeline incident on COLONIAL PIPELINE COMPANY (ONSHORE PUMP/METER STATION EQUIPMENT AND PIPING). Primary cause: EQUIPMENT FAILURE - NON-THREADED CONNECTION FAILURE.,NON-THREADED CONNECTION FAILURE,,EQUIPMENT FAILURE,NON-THREADED CONNECTION FAILURE,Pressurized Flammable/Toxic Fluid Release,Pipeline Transmission & Storage,BORDENTOWN,ONSHORE PUMP/METER STATION EQUIPMENT AND PIPING,NO,NO,,Property/Containment Damage,,,,0,NO,High Pressure/Pneumatic,BARRIER_FAILED,EQUIPMENT FAILURE,Energy Isolation,NO,PHMSA Process Safety & Explosion Metrics,HIGH,PHMSA Hazardous Liquid Pipeline Accident Database
PHMSA-20230071,PHMSA,20230071,4/4/23 8:55,Hazardous Liquid Pipeline,Pipeline Accident,Containment Failure / Release,"Pipeline incident on RIO BRAVO-CARNERAS (""""""""""""""""""""""""""""""""""""""""""""""""ONSHORE PIPELINE, INCLUDING VALVE SITES""""""""""""""""""""""""""""""""""""""""""""""""). Primary cause: CORROSION FAILURE - EXTERNAL CORROSION.",EXTERNAL CORROSION,,CORROSION FAILURE,EXTERNAL CORROSION,Pressurized Flammable/Toxic Fluid Release,Pipeline Transmission & Storage,SHAFTER,"""""""""""""""""""""""""""""""""""""""""""""""""ONSHORE PIPELINE, INCLUDING VALVE SITES""""""""""""""""""""""""""""""""""""""""""""""""",NO,NO,,Property/Containment Damage,,,,0,NO,High Pressure/Pneumatic,BARRIER_FAILED,CORROSION FAILURE,Energy Isolation,NO,PHMSA Process Safety & Explosion Metrics,HIGH,PHMSA Hazardous Liquid Pipeline Accident Database
PHMSA-20230086,PHMSA,20230086,4/4/23 8:53,Hazardous Liquid Pipeline,Pipeline Accident,Containment Failure / Release,"Pipeline incident on EL DORADO - ATCHISON #7-16 IN (""""""""""""""""""""""""""""""""""""""""""""""""ONSHORE PIPELINE, INCLUDING VALVE SITES""""""""""""""""""""""""""""""""""""""""""""""""). Primary cause: OTHER ACCIDENT CAUSE - UNKNOWN.",UNKNOWN,,OTHER ACCIDENT CAUSE,UNKNOWN,Pressurized Flammable/Toxic Fluid Release,Pipeline Transmission & Storage,OSKALOOSA,"""""""""""""""""""""""""""""""""""""""""""""""""ONSHORE PIPELINE, INCLUDING VALVE SITES""""""""""""""""""""""""""""""""""""""""""""""""",NO,NO,,Property/Containment Damage,,,,0,NO,High Pressure/Pneumatic,BARRIER_FAILED,OTHER ACCIDENT CAUSE,Energy Isolation,NO,PHMSA Process Safety & Explosion Metrics,HIGH,PHMSA Hazardous Liquid Pipeline Accident Database
PHMSA-20230083,PHMSA,20230083,4/2/23 16:15,Hazardous Liquid Pipeline,Pipeline Accident,Containment Failure / Release,"Pipeline incident on PHILLIPS 66 PIPELINE CUSHING TERMINAL (""""""""""""""""""""""""""""""""""""""""""""""""ONSHORE PIPELINE, INCLUDING VALVE SITES""""""""""""""""""""""""""""""""""""""""""""""""). Primary cause: CORROSION FAILURE - INTERNAL CORROSION.",INTERNAL CORROSION,,CORROSION FAILURE,INTERNAL CORROSION,Pressurized Flammable/Toxic Fluid Release,Pipeline Transmission & Storage,Not Within a Municipality,"""""""""""""""""""""""""""""""""""""""""""""""""ONSHORE PIPELINE, INCLUDING VALVE SITES""""""""""""""""""""""""""""""""""""""""""""""""",NO,NO,,Property/Containment Damage,,,,0,NO,High Pressure/Pneumatic,BARRIER_FAILED,CORROSION FAILURE,Energy Isolation,NO,PHMSA Process Safety & Explosion Metrics,HIGH,PHMSA Hazardous Liquid Pipeline Accident Database
PHMSA-20230081,PHMSA,20230081,4/1/23 7:04,Hazardous Liquid Pipeline,Pipeline Accident,Containment Failure / Release,Pipeline incident on GUERNSEY TERMINAL (ONSHORE TERMINAL/TANK FARM EQUIPMENT AND PIPING). Primary cause: CORROSION FAILURE - INTERNAL CORROSION.,INTERNAL CORROSION,,CORROSION FAILURE,INTERNAL CORROSION,Pressurized Flammable/Toxic Fluid Release,Pipeline Transmission & Storage,Not Within a Municipality,ONSHORE TERMINAL/TANK FARM EQUIPMENT AND PIPING,NO,NO,,Property/Containment Damage,,,,0,NO,High Pressure/Pneumatic,BARRIER_FAILED,CORROSION FAILURE,Energy Isolation,NO,PHMSA Process Safety & Explosion Metrics,HIGH,PHMSA Hazardous Liquid Pipeline Accident Database
PHMSA-20230076,PHMSA,20230076,3/30/2023 12:47,Hazardous Liquid Pipeline,Pipeline Accident,Containment Failure / Release,"Pipeline incident on 85 EAST STREET TERMINAL (""""""""""""""""""""""""""""""""""""""""""""""""ONSHORE BREAKOUT TANK OR STORAGE VESSEL, INCLUDING ATTACHED APPURTENANCES""""""""""""""""""""""""""""""""""""""""""""""""). Primary cause: CORROSION FAILURE - INTERNAL CORROSION.",INTERNAL CORROSION,,CORROSION FAILURE,INTERNAL CORROSION,Pressurized Flammable/Toxic Fluid Release,Pipeline Transmission & Storage,NEW HAVEN,"""""""""""""""""""""""""""""""""""""""""""""""""ONSHORE BREAKOUT TANK OR STORAGE VESSEL, INCLUDING ATTACHED APPURTENANCES""""""""""""""""""""""""""""""""""""""""""""""""",NO,NO,,Property/Containment Damage,,,,0,NO,High Pressure/Pneumatic,BARRIER_FAILED,CORROSION FAILURE,Energy Isolation,NO,PHMSA Process Safety & Explosion Metrics,HIGH,PHMSA Hazardous Liquid Pipeline Accident Database
PHMSA-20230078,PHMSA,20230078,3/30/2023 10:00,Hazardous Liquid Pipeline,Pipeline Accident,Containment Failure / Release,"Pipeline incident on """"""""""""""""""""""""""""""""""""""""""""""""8"""""""""""""""""""""""""""""""""""""""""""""""""""""""""""""""" PORT ARTHUR TO TRINITY RIVER"""""""""""""""""""""""""""""""""""""""""""""""" (""""""""""""""""""""""""""""""""""""""""""""""""ONSHORE PIPELINE, INCLUDING VALVE SITES""""""""""""""""""""""""""""""""""""""""""""""""). Primary cause: EQUIPMENT FAILURE - OTHER EQUIPMENT FAILURE.",OTHER EQUIPMENT FAILURE,,EQUIPMENT FAILURE,OTHER EQUIPMENT FAILURE,Pressurized Flammable/Toxic Fluid Release,Pipeline Transmission & Storage,LABELLE,"""""""""""""""""""""""""""""""""""""""""""""""""ONSHORE PIPELINE, INCLUDING VALVE SITES""""""""""""""""""""""""""""""""""""""""""""""""",NO,NO,,Property/Containment Damage,,,,0,NO,High Pressure/Pneumatic,BARRIER_FAILED,EQUIPMENT FAILURE,Energy Isolation,NO,PHMSA Process Safety & Explosion Metrics,HIGH,PHMSA Hazardous Liquid Pipeline Accident Database
PHMSA-20230082,PHMSA,20230082,3/30/2023 9:15,Hazardous Liquid Pipeline,Pipeline Accident,Containment Failure / Release,"Pipeline incident on """"""""""""""""""""""""""""""""""""""""""""""""TULSA - BARNSDALL #1-12"""""""""""""""""""""""""""""""""""""""""""""""""""""""""""""""""""""""""""""""""""""""""""""""""""""""""""""""" (""""""""""""""""""""""""""""""""""""""""""""""""ONSHORE PIPELINE, INCLUDING VALVE SITES""""""""""""""""""""""""""""""""""""""""""""""""). Primary cause: EQUIPMENT FAILURE - NON-THREADED CONNECTION FAILURE.",NON-THREADED CONNECTION FAILURE,,EQUIPMENT FAILURE,NON-THREADED CONNECTION FAILURE,Pressurized Flammable/Toxic Fluid Release,Pipeline Transmission & Storage,SKIATOOK,"""""""""""""""""""""""""""""""""""""""""""""""""ONSHORE PIPELINE, INCLUDING VALVE SITES""""""""""""""""""""""""""""""""""""""""""""""""",NO,NO,,Property/Containment Damage,,,,0,NO,High Pressure/Pneumatic,BARRIER_FAILED,EQUIPMENT FAILURE,Energy Isolation,NO,PHMSA Process Safety & Explosion Metrics,HIGH,PHMSA Hazardous Liquid Pipeline Accident Database
PHMSA-20230080,PHMSA,20230080,3/29/2023 16:00,Hazardous Liquid Pipeline,Pipeline Accident,Containment Failure / Release,Pipeline incident on EL DORADO SUNSET (ONSHORE PUMP/METER STATION EQUIPMENT AND PIPING). Primary cause: EQUIPMENT FAILURE - NON-THREADED CONNECTION FAILURE.,NON-THREADED CONNECTION FAILURE,,EQUIPMENT FAILURE,NON-THREADED CONNECTION FAILURE,Pressurized Flammable/Toxic Fluid Release,Pipeline Transmission & Storage,EL DORADO,ONSHORE PUMP/METER STATION EQUIPMENT AND PIPING,NO,NO,,Property/Containment Damage,,,,0,NO,High Pressure/Pneumatic,BARRIER_FAILED,EQUIPMENT FAILURE,Energy Isolation,NO,PHMSA Process Safety & Explosion Metrics,HIGH,PHMSA Hazardous Liquid Pipeline Accident Database
PHMSA-20230077,PHMSA,20230077,3/28/2023 10:59,Hazardous Liquid Pipeline,Pipeline Accident,Containment Failure / Release,"Pipeline incident on """"""""""""""""""""""""""""""""""""""""""""""""PATOKA - ROBINSON 20"""""""""""""""""""""""""""""""""""""""""""""""""""""""""""""""" CRUDE"""""""""""""""""""""""""""""""""""""""""""""""" (ONSHORE PUMP/METER STATION EQUIPMENT AND PIPING). Primary cause: CORROSION FAILURE - INTERNAL CORROSION.",INTERNAL CORROSION,,CORROSION FAILURE,INTERNAL CORROSION,Pressurized Flammable/Toxic Fluid Release,Pipeline Transmission & Storage,VERNON,ONSHORE PUMP/METER STATION EQUIPMENT AND PIPING,NO,NO,,Property/Containment Damage,,,,0,NO,High Pressure/Pneumatic,BARRIER_FAILED,CORROSION FAILURE,Energy Isolation,NO,PHMSA Process Safety & Explosion Metrics,HIGH,PHMSA Hazardous Liquid Pipeline Accident Database
PHMSA-20230075,PHMSA,20230075,3/24/2023 14:50,Hazardous Liquid Pipeline,Pipeline Accident,Containment Failure / Release,Pipeline incident on SHINN PENCE (ONSHORE PUMP/METER STATION EQUIPMENT AND PIPING). Primary cause: EQUIPMENT FAILURE - PUMP OR PUMP-RELATED EQUIPMENT.,PUMP OR PUMP-RELATED EQUIPMENT,,EQUIPMENT FAILURE,PUMP OR PUMP-RELATED EQUIPMENT,Pressurized Flammable/Toxic Fluid Release,Pipeline Transmission & Storage,CUSHING,ONSHORE PUMP/METER STATION EQUIPMENT AND PIPING,NO,NO,,Property/Containment Damage,,,,0,NO,High Pressure/Pneumatic,BARRIER_FAILED,EQUIPMENT FAILURE,Energy Isolation,NO,PHMSA Process Safety & Explosion Metrics,HIGH,PHMSA Hazardous Liquid Pipeline Accident Database
PHMSA-20230074,PHMSA,20230074,3/23/2023 8:14,Hazardous Liquid Pipeline,Pipeline Accident,Containment Failure / Release,Pipeline incident on IOWA CITY TERMINAL (ONSHORE PUMP/METER STATION EQUIPMENT AND PIPING). Primary cause: EQUIPMENT FAILURE - NON-THREADED CONNECTION FAILURE.,NON-THREADED CONNECTION FAILURE,,EQUIPMENT FAILURE,NON-THREADED CONNECTION FAILURE,Pressurized Flammable/Toxic Fluid Release,Pipeline Transmission & Storage,CORALVILLE,ONSHORE PUMP/METER STATION EQUIPMENT AND PIPING,NO,NO,,Property/Containment Damage,,,,0,NO,High Pressure/Pneumatic,BARRIER_FAILED,EQUIPMENT FAILURE,Energy Isolation,NO,PHMSA Process Safety & Explosion Metrics,HIGH,PHMSA Hazardous Liquid Pipeline Accident Database
PHMSA-20230072,PHMSA,20230072,3/23/2023 1:03,Hazardous Liquid Pipeline,Pipeline Accident,Containment Failure / Release,Pipeline incident on KARNACK PUMP STATION (ONSHORE PUMP/METER STATION EQUIPMENT AND PIPING). Primary cause: EQUIPMENT FAILURE - MALFUNCTION OF CONTROL/RELIEF EQUIPMENT.,MALFUNCTION OF CONTROL/RELIEF EQUIPMENT,,EQUIPMENT FAILURE,MALFUNCTION OF CONTROL/RELIEF EQUIPMENT,Pressurized Flammable/Toxic Fluid Release,Pipeline Transmission & Storage,KARNACK,ONSHORE PUMP/METER STATION EQUIPMENT AND PIPING,NO,NO,,Property/Containment Damage,,,,0,NO,High Pressure/Pneumatic,BARRIER_FAILED,EQUIPMENT FAILURE,Energy Isolation,NO,PHMSA Process Safety & Explosion Metrics,HIGH,PHMSA Hazardous Liquid Pipeline Accident Database
PHMSA-20230068,PHMSA,20230068,3/14/2023 12:45,Hazardous Liquid Pipeline,Pipeline Accident,Containment Failure / Release,"Pipeline incident on BEATRICE PUMP STATION (""""""""""""""""""""""""""""""""""""""""""""""""ONSHORE PIPELINE, INCLUDING VALVE SITES""""""""""""""""""""""""""""""""""""""""""""""""). Primary cause: EQUIPMENT FAILURE - NON-THREADED CONNECTION FAILURE.",NON-THREADED CONNECTION FAILURE,,EQUIPMENT FAILURE,NON-THREADED CONNECTION FAILURE,Pressurized Flammable/Toxic Fluid Release,Pipeline Transmission & Storage,Not Within a Municipality,"""""""""""""""""""""""""""""""""""""""""""""""""ONSHORE PIPELINE, INCLUDING VALVE SITES""""""""""""""""""""""""""""""""""""""""""""""""",NO,NO,,Property/Containment Damage,,,,0,NO,High Pressure/Pneumatic,BARRIER_FAILED,EQUIPMENT FAILURE,Energy Isolation,NO,PHMSA Process Safety & Explosion Metrics,HIGH,PHMSA Hazardous Liquid Pipeline Accident Database
PHMSA-20230069,PHMSA,20230069,3/13/2023 14:30,Hazardous Liquid Pipeline,Pipeline Accident,Containment Failure / Release,Pipeline incident on MIDLAND TANK FARM (ONSHORE TERMINAL/TANK FARM EQUIPMENT AND PIPING). Primary cause: CORROSION FAILURE - INTERNAL CORROSION.,INTERNAL CORROSION,,CORROSION FAILURE,INTERNAL CORROSION,Pressurized Flammable/Toxic Fluid Release,Pipeline Transmission & Storage,Not Within a Municipality,ONSHORE TERMINAL/TANK FARM EQUIPMENT AND PIPING,NO,NO,,Property/Containment Damage,,,,0,NO,High Pressure/Pneumatic,BARRIER_FAILED,CORROSION FAILURE,Energy Isolation,NO,PHMSA Process Safety & Explosion Metrics,HIGH,PHMSA Hazardous Liquid Pipeline Accident Database
PHMSA-20230067,PHMSA,20230067,3/9/23 6:29,Hazardous Liquid Pipeline,Pipeline Accident,Containment Failure / Release,"Pipeline incident on DES MOINES - CHICAGO JCT #6-12IN (""""""""""""""""""""""""""""""""""""""""""""""""ONSHORE PIPELINE, INCLUDING VALVE SITES""""""""""""""""""""""""""""""""""""""""""""""""). Primary cause: EQUIPMENT FAILURE - THREADED CONNECTION/COUPLING FAILURE.",THREADED CONNECTION/COUPLING FAILURE,,EQUIPMENT FAILURE,THREADED CONNECTION/COUPLING FAILURE,Pressurized Flammable/Toxic Fluid Release,Pipeline Transmission & Storage,HARMON,"""""""""""""""""""""""""""""""""""""""""""""""""ONSHORE PIPELINE, INCLUDING VALVE SITES""""""""""""""""""""""""""""""""""""""""""""""""",NO,NO,,Property/Containment Damage,,,,0,NO,High Pressure/Pneumatic,BARRIER_FAILED,EQUIPMENT FAILURE,Energy Isolation,NO,PHMSA Process Safety & Explosion Metrics,HIGH,PHMSA Hazardous Liquid Pipeline Accident Database
PHMSA-20230051,PHMSA,20230051,3/5/23 10:48,Hazardous Liquid Pipeline,Pipeline Accident,Containment Failure / Release,"Pipeline incident on STAMPEDE TERMINAL (""""""""""""""""""""""""""""""""""""""""""""""""ONSHORE BREAKOUT TANK OR STORAGE VESSEL, INCLUDING ATTACHED APPURTENANCES""""""""""""""""""""""""""""""""""""""""""""""""). Primary cause: EQUIPMENT FAILURE - PUMP OR PUMP-RELATED EQUIPMENT.",PUMP OR PUMP-RELATED EQUIPMENT,,EQUIPMENT FAILURE,PUMP OR PUMP-RELATED EQUIPMENT,Pressurized Flammable/Toxic Fluid Release,Pipeline Transmission & Storage,Not Within a Municipality,"""""""""""""""""""""""""""""""""""""""""""""""""ONSHORE BREAKOUT TANK OR STORAGE VESSEL, INCLUDING ATTACHED APPURTENANCES""""""""""""""""""""""""""""""""""""""""""""""""",NO,NO,,Property/Containment Damage,,,,0,NO,High Pressure/Pneumatic,BARRIER_FAILED,EQUIPMENT FAILURE,Energy Isolation,NO,PHMSA Process Safety & Explosion Metrics,HIGH,PHMSA Hazardous Liquid Pipeline Accident Database
PHMSA-20230064,PHMSA,20230064,3/2/23 11:36,Hazardous Liquid Pipeline,Pipeline Accident,Containment Failure / Release,"Pipeline incident on 8KX (""""""""""""""""""""""""""""""""""""""""""""""""ONSHORE PIPELINE, INCLUDING VALVE SITES""""""""""""""""""""""""""""""""""""""""""""""""). Primary cause: CORROSION FAILURE - EXTERNAL CORROSION.",EXTERNAL CORROSION,,CORROSION FAILURE,EXTERNAL CORROSION,Pressurized Flammable/Toxic Fluid Release,Pipeline Transmission & Storage,KNOXVILLE,"""""""""""""""""""""""""""""""""""""""""""""""""ONSHORE PIPELINE, INCLUDING VALVE SITES""""""""""""""""""""""""""""""""""""""""""""""""",NO,NO,,Property/Containment Damage,,,,0,NO,High Pressure/Pneumatic,BARRIER_FAILED,CORROSION FAILURE,Energy Isolation,NO,PHMSA Process Safety & Explosion Metrics,HIGH,PHMSA Hazardous Liquid Pipeline Accident Database
PHMSA-20230053,PHMSA,20230053,3/2/23 3:30,Hazardous Liquid Pipeline,Pipeline Accident,Containment Failure / Release,"Pipeline incident on RED RIVER (""""""""""""""""""""""""""""""""""""""""""""""""ONSHORE PIPELINE, INCLUDING VALVE SITES""""""""""""""""""""""""""""""""""""""""""""""""). Primary cause: OTHER OUTSIDE FORCE DAMAGE - OTHER OUTSIDE FORCE DAMAGE.",OTHER OUTSIDE FORCE DAMAGE,,OTHER OUTSIDE FORCE DAMAGE,OTHER OUTSIDE FORCE DAMAGE,Pressurized Flammable/Toxic Fluid Release,Pipeline Transmission & Storage,SHAWNEE,"""""""""""""""""""""""""""""""""""""""""""""""""ONSHORE PIPELINE, INCLUDING VALVE SITES""""""""""""""""""""""""""""""""""""""""""""""""",NO,NO,,Property/Containment Damage,,,,0,NO,High Pressure/Pneumatic,BARRIER_FAILED,OTHER OUTSIDE FORCE DAMAGE,Energy Isolation,NO,PHMSA Process Safety & Explosion Metrics,HIGH,PHMSA Hazardous Liquid Pipeline Accident Database
PHMSA-20230065,PHMSA,20230065,3/1/23 3:22,Hazardous Liquid Pipeline,Pipeline Accident,Containment Failure / Release,Pipeline incident on MIDLAND MESA (ONSHORE TERMINAL/TANK FARM EQUIPMENT AND PIPING). Primary cause: EQUIPMENT FAILURE - PUMP OR PUMP-RELATED EQUIPMENT.,PUMP OR PUMP-RELATED EQUIPMENT,,EQUIPMENT FAILURE,PUMP OR PUMP-RELATED EQUIPMENT,Pressurized Flammable/Toxic Fluid Release,Pipeline Transmission & Storage,MIDLAND,ONSHORE TERMINAL/TANK FARM EQUIPMENT AND PIPING,NO,NO,,Property/Containment Damage,,,,0,NO,High Pressure/Pneumatic,BARRIER_FAILED,EQUIPMENT FAILURE,Energy Isolation,NO,PHMSA Process Safety & Explosion Metrics,HIGH,PHMSA Hazardous Liquid Pipeline Accident Database
PHMSA-20230063,PHMSA,20230063,2/24/2023 7:15,Hazardous Liquid Pipeline,Pipeline Accident,Containment Failure / Release,Pipeline incident on ARP STATION (ONSHORE PUMP/METER STATION EQUIPMENT AND PIPING). Primary cause: EQUIPMENT FAILURE - THREADED CONNECTION/COUPLING FAILURE.,THREADED CONNECTION/COUPLING FAILURE,,EQUIPMENT FAILURE,THREADED CONNECTION/COUPLING FAILURE,Pressurized Flammable/Toxic Fluid Release,Pipeline Transmission & Storage,Not Within a Municipality,ONSHORE PUMP/METER STATION EQUIPMENT AND PIPING,NO,NO,,Property/Containment Damage,,,,0,NO,High Pressure/Pneumatic,BARRIER_FAILED,EQUIPMENT FAILURE,Energy Isolation,NO,PHMSA Process Safety & Explosion Metrics,HIGH,PHMSA Hazardous Liquid Pipeline Accident Database
PHMSA-20230052,PHMSA,20230052,2/21/2023 8:10,Hazardous Liquid Pipeline,Pipeline Accident,Containment Failure / Release,Pipeline incident on STAMPEDE TO ORYX DELIVERY POINT (ONSHORE PUMP/METER STATION EQUIPMENT AND PIPING). Primary cause: EQUIPMENT FAILURE - MALFUNCTION OF CONTROL/RELIEF EQUIPMENT.,MALFUNCTION OF CONTROL/RELIEF EQUIPMENT,,EQUIPMENT FAILURE,MALFUNCTION OF CONTROL/RELIEF EQUIPMENT,Pressurized Flammable/Toxic Fluid Release,Pipeline Transmission & Storage,Not Within a Municipality,ONSHORE PUMP/METER STATION EQUIPMENT AND PIPING,NO,NO,,Property/Containment Damage,,,,0,NO,High Pressure/Pneumatic,BARRIER_FAILED,EQUIPMENT FAILURE,Energy Isolation,NO,PHMSA Process Safety & Explosion Metrics,HIGH,PHMSA Hazardous Liquid Pipeline Accident Database
PHMSA-20230060,PHMSA,20230060,2/20/2023 11:58,Hazardous Liquid Pipeline,Pipeline Accident,Containment Failure / Release,Pipeline incident on TRUST 6/8 SYSTEM (ONSHORE EQUIPMENT AND PIPING ASSOCIATED WITH BELOWGROUND STORAGE). Primary cause: EQUIPMENT FAILURE - THREADED CONNECTION/COUPLING FAILURE.,THREADED CONNECTION/COUPLING FAILURE,,EQUIPMENT FAILURE,THREADED CONNECTION/COUPLING FAILURE,Pressurized Flammable/Toxic Fluid Release,Pipeline Transmission & Storage,THROCKMORTON,ONSHORE EQUIPMENT AND PIPING ASSOCIATED WITH BELOWGROUND STORAGE,NO,NO,,Property/Containment Damage,,,,0,NO,High Pressure/Pneumatic,BARRIER_FAILED,EQUIPMENT FAILURE,Energy Isolation,NO,PHMSA Process Safety & Explosion Metrics,HIGH,PHMSA Hazardous Liquid Pipeline Accident Database
PHMSA-20230059,PHMSA,20230059,2/18/2023 7:18,Hazardous Liquid Pipeline,Pipeline Accident,Containment Failure / Release,"Pipeline incident on GOODRICH STATION (ONSHORE TERMINAL/TANK FARM EQUIPMENT AND PIPING). Primary cause: MATERIAL FAILURE OF PIPE OR WELD - """"""""""""""""""""""""""""""""""""""""""""""""DESIGN-, CONSTRUCTION-, INSTALLATION-, OR FABRICATION-RELATED"""""""""""""""""""""""""""""""""""""""""""""""".","""""""""""""""""""""""""""""""""""""""""""""""""DESIGN-, CONSTRUCTION-, INSTALLATION-, OR FABRICATION-RELATED""""""""""""""""""""""""""""""""""""""""""""""""",,MATERIAL FAILURE OF PIPE OR WELD,"""""""""""""""""""""""""""""""""""""""""""""""""DESIGN-, CONSTRUCTION-, INSTALLATION-, OR FABRICATION-RELATED""""""""""""""""""""""""""""""""""""""""""""""""",Pressurized Flammable/Toxic Fluid Release,Pipeline Transmission & Storage,LIVINGSTON,ONSHORE TERMINAL/TANK FARM EQUIPMENT AND PIPING,NO,NO,,Property/Containment Damage,,,,0,NO,High Pressure/Pneumatic,BARRIER_FAILED,MATERIAL FAILURE OF PIPE OR WELD,Energy Isolation,NO,PHMSA Process Safety & Explosion Metrics,HIGH,PHMSA Hazardous Liquid Pipeline Accident Database
PHMSA-20230057,PHMSA,20230057,2/17/2023 13:47,Hazardous Liquid Pipeline,Pipeline Accident,Containment Failure / Release,"Pipeline incident on GLENPOOL TANK FARM (ONSHORE TERMINAL/TANK FARM EQUIPMENT AND PIPING). Primary cause: INCORRECT OPERATION - """"""""""""""""""""""""""""""""""""""""""""""""TANK, VESSEL, OR SUMP/SEPARATOR ALLOWED OR CAUSED TO OVERFILL OR OVERFLOW"""""""""""""""""""""""""""""""""""""""""""""""".","""""""""""""""""""""""""""""""""""""""""""""""""TANK, VESSEL, OR SUMP/SEPARATOR ALLOWED OR CAUSED TO OVERFILL OR OVERFLOW""""""""""""""""""""""""""""""""""""""""""""""""",,INCORRECT OPERATION,"""""""""""""""""""""""""""""""""""""""""""""""""TANK, VESSEL, OR SUMP/SEPARATOR ALLOWED OR CAUSED TO OVERFILL OR OVERFLOW""""""""""""""""""""""""""""""""""""""""""""""""",Pressurized Flammable/Toxic Fluid Release,Pipeline Transmission & Storage,JENKS,ONSHORE TERMINAL/TANK FARM EQUIPMENT AND PIPING,NO,NO,,Property/Containment Damage,,,,0,NO,High Pressure/Pneumatic,BARRIER_FAILED,INCORRECT OPERATION,Energy Isolation,NO,PHMSA Process Safety & Explosion Metrics,HIGH,PHMSA Hazardous Liquid Pipeline Accident Database
PHMSA-20230058,PHMSA,20230058,2/16/2023 14:19,Hazardous Liquid Pipeline,Pipeline Accident,Containment Failure / Release,Pipeline incident on GARDENDALE PUMP STATION (ONSHORE PUMP/METER STATION EQUIPMENT AND PIPING). Primary cause: EQUIPMENT FAILURE - THREADED CONNECTION/COUPLING FAILURE.,THREADED CONNECTION/COUPLING FAILURE,,EQUIPMENT FAILURE,THREADED CONNECTION/COUPLING FAILURE,Pressurized Flammable/Toxic Fluid Release,Pipeline Transmission & Storage,COTULLA,ONSHORE PUMP/METER STATION EQUIPMENT AND PIPING,NO,NO,,Property/Containment Damage,,,,0,NO,High Pressure/Pneumatic,BARRIER_FAILED,EQUIPMENT FAILURE,Energy Isolation,NO,PHMSA Process Safety & Explosion Metrics,HIGH,PHMSA Hazardous Liquid Pipeline Accident Database
PHMSA-20230056,PHMSA,20230056,2/14/2023 10:20,Hazardous Liquid Pipeline,Pipeline Accident,Containment Failure / Release,Pipeline incident on SPANISH TRAIL STATION (ONSHORE PUMP/METER STATION EQUIPMENT AND PIPING). Primary cause: EQUIPMENT FAILURE - MALFUNCTION OF CONTROL/RELIEF EQUIPMENT.,MALFUNCTION OF CONTROL/RELIEF EQUIPMENT,,EQUIPMENT FAILURE,MALFUNCTION OF CONTROL/RELIEF EQUIPMENT,Pressurized Flammable/Toxic Fluid Release,Pipeline Transmission & Storage,Not Within a Municipality,ONSHORE PUMP/METER STATION EQUIPMENT AND PIPING,NO,NO,,Property/Containment Damage,,,,0,NO,High Pressure/Pneumatic,BARRIER_FAILED,EQUIPMENT FAILURE,Energy Isolation,NO,PHMSA Process Safety & Explosion Metrics,HIGH,PHMSA Hazardous Liquid Pipeline Accident Database
PHMSA-20230055,PHMSA,20230055,2/13/2023 16:02,Hazardous Liquid Pipeline,Pipeline Accident,Containment Failure / Release,"Pipeline incident on SEMINOE PIPELINE SYSTEM - BLOCK VALVE SITE 2.7 (""""""""""""""""""""""""""""""""""""""""""""""""ONSHORE PIPELINE, INCLUDING VALVE SITES""""""""""""""""""""""""""""""""""""""""""""""""). Primary cause: EQUIPMENT FAILURE - THREADED CONNECTION/COUPLING FAILURE.",THREADED CONNECTION/COUPLING FAILURE,,EQUIPMENT FAILURE,THREADED CONNECTION/COUPLING FAILURE,Pressurized Flammable/Toxic Fluid Release,Pipeline Transmission & Storage,Not Within a Municipality,"""""""""""""""""""""""""""""""""""""""""""""""""ONSHORE PIPELINE, INCLUDING VALVE SITES""""""""""""""""""""""""""""""""""""""""""""""""",NO,NO,,Property/Containment Damage,,,,0,NO,High Pressure/Pneumatic,BARRIER_FAILED,EQUIPMENT FAILURE,Energy Isolation,NO,PHMSA Process Safety & Explosion Metrics,HIGH,PHMSA Hazardous Liquid Pipeline Accident Database
PHMSA-20230050,PHMSA,20230050,2/10/23 15:10,Hazardous Liquid Pipeline,Pipeline Accident,Containment Failure / Release,Pipeline incident on MONROE STATION (ONSHORE TERMINAL/TANK FARM EQUIPMENT AND PIPING). Primary cause: CORROSION FAILURE - INTERNAL CORROSION.,INTERNAL CORROSION,,CORROSION FAILURE,INTERNAL CORROSION,Pressurized Flammable/Toxic Fluid Release,Pipeline Transmission & Storage,Not Within a Municipality,ONSHORE TERMINAL/TANK FARM EQUIPMENT AND PIPING,NO,NO,,Property/Containment Damage,,,,0,NO,High Pressure/Pneumatic,BARRIER_FAILED,CORROSION FAILURE,Energy Isolation,NO,PHMSA Process Safety & Explosion Metrics,HIGH,PHMSA Hazardous Liquid Pipeline Accident Database
PHMSA-20230054,PHMSA,20230054,2/9/23 15:40,Hazardous Liquid Pipeline,Pipeline Accident,Containment Failure / Release,Pipeline incident on SFPP WATSON STATION (ONSHORE TERMINAL/TANK FARM EQUIPMENT AND PIPING). Primary cause: EQUIPMENT FAILURE - THREADED CONNECTION/COUPLING FAILURE.,THREADED CONNECTION/COUPLING FAILURE,,EQUIPMENT FAILURE,THREADED CONNECTION/COUPLING FAILURE,Pressurized Flammable/Toxic Fluid Release,Pipeline Transmission & Storage,LONG BEACH,ONSHORE TERMINAL/TANK FARM EQUIPMENT AND PIPING,NO,NO,,Property/Containment Damage,,,,0,NO,High Pressure/Pneumatic,BARRIER_FAILED,EQUIPMENT FAILURE,Energy Isolation,NO,PHMSA Process Safety & Explosion Metrics,HIGH,PHMSA Hazardous Liquid Pipeline Accident Database
PHMSA-20230049,PHMSA,20230049,2/5/23 9:35,Hazardous Liquid Pipeline,Pipeline Accident,Containment Failure / Release,Pipeline incident on PORT ARTHUR PRODUCTS SYSTEM (ONSHORE TERMINAL/TANK FARM EQUIPMENT AND PIPING). Primary cause: EQUIPMENT FAILURE - NON-THREADED CONNECTION FAILURE.,NON-THREADED CONNECTION FAILURE,,EQUIPMENT FAILURE,NON-THREADED CONNECTION FAILURE,Pressurized Flammable/Toxic Fluid Release,Pipeline Transmission & Storage,PORT ARTHUR,ONSHORE TERMINAL/TANK FARM EQUIPMENT AND PIPING,NO,NO,,Property/Containment Damage,,,,0,NO,High Pressure/Pneumatic,BARRIER_FAILED,EQUIPMENT FAILURE,Energy Isolation,NO,PHMSA Process Safety & Explosion Metrics,HIGH,PHMSA Hazardous Liquid Pipeline Accident Database
PHMSA-20230045,PHMSA,20230045,2/4/23 7:47,Hazardous Liquid Pipeline,Pipeline Accident,Containment Failure / Release,"Pipeline incident on LSX II (""""""""""""""""""""""""""""""""""""""""""""""""ONSHORE PIPELINE, INCLUDING VALVE SITES""""""""""""""""""""""""""""""""""""""""""""""""). Primary cause: EQUIPMENT FAILURE - OTHER EQUIPMENT FAILURE.",OTHER EQUIPMENT FAILURE,,EQUIPMENT FAILURE,OTHER EQUIPMENT FAILURE,Pressurized Flammable/Toxic Fluid Release,Pipeline Transmission & Storage,Not Within a Municipality,"""""""""""""""""""""""""""""""""""""""""""""""""ONSHORE PIPELINE, INCLUDING VALVE SITES""""""""""""""""""""""""""""""""""""""""""""""""",NO,NO,,Property/Containment Damage,,,,0,NO,High Pressure/Pneumatic,BARRIER_FAILED,EQUIPMENT FAILURE,Energy Isolation,NO,PHMSA Process Safety & Explosion Metrics,HIGH,PHMSA Hazardous Liquid Pipeline Accident Database
PHMSA-20230048,PHMSA,20230048,2/2/23 19:23,Hazardous Liquid Pipeline,Pipeline Accident,Containment Failure / Release,"Pipeline incident on SFPP WATSON STATION (ONSHORE PUMP/METER STATION EQUIPMENT AND PIPING). Primary cause: INCORRECT OPERATION - """"""""""""""""""""""""""""""""""""""""""""""""TANK, VESSEL, OR SUMP/SEPARATOR ALLOWED OR CAUSED TO OVERFILL OR OVERFLOW"""""""""""""""""""""""""""""""""""""""""""""""".","""""""""""""""""""""""""""""""""""""""""""""""""TANK, VESSEL, OR SUMP/SEPARATOR ALLOWED OR CAUSED TO OVERFILL OR OVERFLOW""""""""""""""""""""""""""""""""""""""""""""""""",,INCORRECT OPERATION,"""""""""""""""""""""""""""""""""""""""""""""""""TANK, VESSEL, OR SUMP/SEPARATOR ALLOWED OR CAUSED TO OVERFILL OR OVERFLOW""""""""""""""""""""""""""""""""""""""""""""""""",Pressurized Flammable/Toxic Fluid Release,Pipeline Transmission & Storage,LONG BEACH,ONSHORE PUMP/METER STATION EQUIPMENT AND PIPING,NO,NO,,Property/Containment Damage,,,,0,NO,High Pressure/Pneumatic,BARRIER_FAILED,INCORRECT OPERATION,Energy Isolation,NO,PHMSA Process Safety & Explosion Metrics,HIGH,PHMSA Hazardous Liquid Pipeline Accident Database
PHMSA-20230047,PHMSA,20230047,2/1/23 17:00,Hazardous Liquid Pipeline,Pipeline Accident,Containment Failure / Release,Pipeline incident on LYNCH 176 STATION (ONSHORE TERMINAL/TANK FARM EQUIPMENT AND PIPING). Primary cause: NATURAL FORCE DAMAGE - TEMPERATURE.,TEMPERATURE,,NATURAL FORCE DAMAGE,TEMPERATURE,Pressurized Flammable/Toxic Fluid Release,Pipeline Transmission & Storage,Not Within a Municipality,ONSHORE TERMINAL/TANK FARM EQUIPMENT AND PIPING,NO,NO,,Property/Containment Damage,,,,0,NO,High Pressure/Pneumatic,BARRIER_FAILED,NATURAL FORCE DAMAGE,Energy Isolation,NO,PHMSA Process Safety & Explosion Metrics,HIGH,PHMSA Hazardous Liquid Pipeline Accident Database
PHMSA-20230046,PHMSA,20230046,1/31/2023 19:42,Hazardous Liquid Pipeline,Pipeline Accident,Containment Failure / Release,"Pipeline incident on """"""""""""""""""""""""""""""""""""""""""""""""L2000 EMIDIO TO WILMINGTON 20"""""""""""""""""""""""""""""""""""""""""""""""""""""""""""""""""""""""""""""""""""""""""""""""""""""""""""""""" (""""""""""""""""""""""""""""""""""""""""""""""""ONSHORE PIPELINE, INCLUDING VALVE SITES""""""""""""""""""""""""""""""""""""""""""""""""). Primary cause: EQUIPMENT FAILURE - MALFUNCTION OF CONTROL/RELIEF EQUIPMENT.",MALFUNCTION OF CONTROL/RELIEF EQUIPMENT,,EQUIPMENT FAILURE,MALFUNCTION OF CONTROL/RELIEF EQUIPMENT,Pressurized Flammable/Toxic Fluid Release,Pipeline Transmission & Storage,VALENCIA,"""""""""""""""""""""""""""""""""""""""""""""""""ONSHORE PIPELINE, INCLUDING VALVE SITES""""""""""""""""""""""""""""""""""""""""""""""""",NO,NO,,Property/Containment Damage,,,,0,NO,High Pressure/Pneumatic,BARRIER_FAILED,EQUIPMENT FAILURE,Energy Isolation,NO,PHMSA Process Safety & Explosion Metrics,HIGH,PHMSA Hazardous Liquid Pipeline Accident Database
PHMSA-20230042,PHMSA,20230042,1/28/2023 6:20,Hazardous Liquid Pipeline,Pipeline Accident,Containment Failure / Release,"Pipeline incident on CENTRAL EAST REGION - AMMONIA MAIN LINE (""""""""""""""""""""""""""""""""""""""""""""""""ONSHORE PIPELINE, INCLUDING VALVE SITES""""""""""""""""""""""""""""""""""""""""""""""""). Primary cause: EQUIPMENT FAILURE - THREADED CONNECTION/COUPLING FAILURE.",THREADED CONNECTION/COUPLING FAILURE,,EQUIPMENT FAILURE,THREADED CONNECTION/COUPLING FAILURE,Pressurized Flammable/Toxic Fluid Release,Pipeline Transmission & Storage,WHITE CASTLE,"""""""""""""""""""""""""""""""""""""""""""""""""ONSHORE PIPELINE, INCLUDING VALVE SITES""""""""""""""""""""""""""""""""""""""""""""""""",NO,NO,,Property/Containment Damage,,,,0,NO,High Pressure/Pneumatic,BARRIER_FAILED,EQUIPMENT FAILURE,Energy Isolation,NO,PHMSA Process Safety & Explosion Metrics,HIGH,PHMSA Hazardous Liquid Pipeline Accident Database
PHMSA-20230041,PHMSA,20230041,1/25/2023 7:00,Hazardous Liquid Pipeline,Pipeline Accident,Containment Failure / Release,Pipeline incident on MAYERSVILLE STATION (ONSHORE TERMINAL/TANK FARM EQUIPMENT AND PIPING). Primary cause: CORROSION FAILURE - INTERNAL CORROSION.,INTERNAL CORROSION,,CORROSION FAILURE,INTERNAL CORROSION,Pressurized Flammable/Toxic Fluid Release,Pipeline Transmission & Storage,MAYERSVILLE,ONSHORE TERMINAL/TANK FARM EQUIPMENT AND PIPING,NO,NO,,Property/Containment Damage,,,,0,NO,High Pressure/Pneumatic,BARRIER_FAILED,CORROSION FAILURE,Energy Isolation,NO,PHMSA Process Safety & Explosion Metrics,HIGH,PHMSA Hazardous Liquid Pipeline Accident Database
PHMSA-20230037,PHMSA,20230037,1/19/2023 10:02,Hazardous Liquid Pipeline,Pipeline Accident,Containment Failure / Release,"Pipeline incident on WEST TEXAS LPG (23415) COAHOMA (""""""""""""""""""""""""""""""""""""""""""""""""ONSHORE PIPELINE, INCLUDING VALVE SITES""""""""""""""""""""""""""""""""""""""""""""""""). Primary cause: INCORRECT OPERATION - OTHER INCORRECT OPERATION.",OTHER INCORRECT OPERATION,,INCORRECT OPERATION,OTHER INCORRECT OPERATION,Pressurized Flammable/Toxic Fluid Release,Pipeline Transmission & Storage,Not Within a Municipality,"""""""""""""""""""""""""""""""""""""""""""""""""ONSHORE PIPELINE, INCLUDING VALVE SITES""""""""""""""""""""""""""""""""""""""""""""""""",NO,NO,,Property/Containment Damage,,,,0,YES,Multiple,BARRIER_FAILED,INCORRECT OPERATION,Energy Isolation,NO,PHMSA Process Safety & Explosion Metrics,HIGH,PHMSA Hazardous Liquid Pipeline Accident Database
PHMSA-20230038,PHMSA,20230038,1/19/2023 6:00,Hazardous Liquid Pipeline,Pipeline Accident,Containment Failure / Release,Pipeline incident on MIDLAND BAIN (ONSHORE TERMINAL/TANK FARM EQUIPMENT AND PIPING). Primary cause: EQUIPMENT FAILURE - THREADED CONNECTION/COUPLING FAILURE.,THREADED CONNECTION/COUPLING FAILURE,,EQUIPMENT FAILURE,THREADED CONNECTION/COUPLING FAILURE,Pressurized Flammable/Toxic Fluid Release,Pipeline Transmission & Storage,MIDLAND,ONSHORE TERMINAL/TANK FARM EQUIPMENT AND PIPING,NO,NO,,Property/Containment Damage,,,,0,NO,High Pressure/Pneumatic,BARRIER_FAILED,EQUIPMENT FAILURE,Energy Isolation,NO,PHMSA Process Safety & Explosion Metrics,HIGH,PHMSA Hazardous Liquid Pipeline Accident Database
PHMSA-20230035,PHMSA,20230035,1/17/2023 13:30,Hazardous Liquid Pipeline,Pipeline Accident,Containment Failure / Release,"Pipeline incident on SEMINOLE BLUE MAINLINE (""""""""""""""""""""""""""""""""""""""""""""""""ONSHORE PIPELINE, INCLUDING VALVE SITES""""""""""""""""""""""""""""""""""""""""""""""""). Primary cause: EQUIPMENT FAILURE - NON-THREADED CONNECTION FAILURE.",NON-THREADED CONNECTION FAILURE,,EQUIPMENT FAILURE,NON-THREADED CONNECTION FAILURE,Pressurized Flammable/Toxic Fluid Release,Pipeline Transmission & Storage,GIDDINGS,"""""""""""""""""""""""""""""""""""""""""""""""""ONSHORE PIPELINE, INCLUDING VALVE SITES""""""""""""""""""""""""""""""""""""""""""""""""",NO,NO,,Property/Containment Damage,,,,0,NO,High Pressure/Pneumatic,BARRIER_FAILED,EQUIPMENT FAILURE,Energy Isolation,NO,PHMSA Process Safety & Explosion Metrics,HIGH,PHMSA Hazardous Liquid Pipeline Accident Database
PHMSA-20230034,PHMSA,20230034,1/12/23 14:06,Hazardous Liquid Pipeline,Pipeline Accident,Containment Failure / Release,"Pipeline incident on """"""""""""""""""""""""""""""""""""""""""""""""EL PASO - WINK 20"""""""""""""""""""""""""""""""""""""""""""""""""""""""""""""""""""""""""""""""""""""""""""""""""""""""""""""""" (""""""""""""""""""""""""""""""""""""""""""""""""ONSHORE PIPELINE, INCLUDING VALVE SITES""""""""""""""""""""""""""""""""""""""""""""""""). Primary cause: CORROSION FAILURE - EXTERNAL CORROSION.",EXTERNAL CORROSION,,CORROSION FAILURE,EXTERNAL CORROSION,Pressurized Flammable/Toxic Fluid Release,Pipeline Transmission & Storage,SALT FLAT,"""""""""""""""""""""""""""""""""""""""""""""""""ONSHORE PIPELINE, INCLUDING VALVE SITES""""""""""""""""""""""""""""""""""""""""""""""""",NO,NO,,Property/Containment Damage,,,,0,NO,High Pressure/Pneumatic,BARRIER_FAILED,CORROSION FAILURE,Energy Isolation,NO,PHMSA Process Safety & Explosion Metrics,HIGH,PHMSA Hazardous Liquid Pipeline Accident Database
PHMSA-20230033,PHMSA,20230033,1/10/23 17:51,Hazardous Liquid Pipeline,Pipeline Accident,Containment Failure / Release,"Pipeline incident on """"""""""""""""""""""""""""""""""""""""""""""""DIXIE, OPELIKA - ALMA (SPUR LINE)"""""""""""""""""""""""""""""""""""""""""""""""" (""""""""""""""""""""""""""""""""""""""""""""""""ONSHORE PIPELINE, INCLUDING VALVE SITES""""""""""""""""""""""""""""""""""""""""""""""""). Primary cause: NATURAL FORCE DAMAGE - LIGHTNING.",LIGHTNING,,NATURAL FORCE DAMAGE,LIGHTNING,Pressurized Flammable/Toxic Fluid Release,Pipeline Transmission & Storage,DAWSON,"""""""""""""""""""""""""""""""""""""""""""""""""ONSHORE PIPELINE, INCLUDING VALVE SITES""""""""""""""""""""""""""""""""""""""""""""""""",NO,NO,,Property/Containment Damage,,,,0,YES,Multiple,BARRIER_FAILED,NATURAL FORCE DAMAGE,Energy Isolation,NO,PHMSA Process Safety & Explosion Metrics,HIGH,PHMSA Hazardous Liquid Pipeline Accident Database
PHMSA-20230028,PHMSA,20230028,1/6/23 17:15,Hazardous Liquid Pipeline,Pipeline Accident,Containment Failure / Release,"Pipeline incident on BEAUMONT TERMINAL (ONSHORE PUMP/METER STATION EQUIPMENT AND PIPING). Primary cause: INCORRECT OPERATION - """"""""""""""""""""""""""""""""""""""""""""""""VALVE LEFT OR PLACED IN WRONG POSITION, BUT NOT RESULTING IN A TANK, VESSEL, OR SUMP/SEPARATOR OVERFLOW OR FACILITY OVERPRESSURE"""""""""""""""""""""""""""""""""""""""""""""""".","""""""""""""""""""""""""""""""""""""""""""""""""VALVE LEFT OR PLACED IN WRONG POSITION, BUT NOT RESULTING IN A TANK, VESSEL, OR SUMP/SEPARATOR OVERFLOW OR FACILITY OVERPRESSURE""""""""""""""""""""""""""""""""""""""""""""""""",,INCORRECT OPERATION,"""""""""""""""""""""""""""""""""""""""""""""""""VALVE LEFT OR PLACED IN WRONG POSITION, BUT NOT RESULTING IN A TANK, VESSEL, OR SUMP/SEPARATOR OVERFLOW OR FACILITY OVERPRESSURE""""""""""""""""""""""""""""""""""""""""""""""""",Pressurized Flammable/Toxic Fluid Release,Pipeline Transmission & Storage,BEAUMONT,ONSHORE PUMP/METER STATION EQUIPMENT AND PIPING,NO,NO,,Property/Containment Damage,,,,0,NO,High Pressure/Pneumatic,BARRIER_FAILED,INCORRECT OPERATION,Energy Isolation,NO,PHMSA Process Safety & Explosion Metrics,HIGH,PHMSA Hazardous Liquid Pipeline Accident Database
PHMSA-20230040,PHMSA,20230040,1/6/23 14:10,Hazardous Liquid Pipeline,Pipeline Accident,Containment Failure / Release,Pipeline incident on PALINE NORTH (ONSHORE PUMP/METER STATION EQUIPMENT AND PIPING). Primary cause: EQUIPMENT FAILURE - DEFECTIVE OR LOOSE TUBING OR FITTING.,DEFECTIVE OR LOOSE TUBING OR FITTING,,EQUIPMENT FAILURE,DEFECTIVE OR LOOSE TUBING OR FITTING,Pressurized Flammable/Toxic Fluid Release,Pipeline Transmission & Storage,LONGVIEW,ONSHORE PUMP/METER STATION EQUIPMENT AND PIPING,NO,NO,,Property/Containment Damage,,,,0,NO,High Pressure/Pneumatic,BARRIER_FAILED,EQUIPMENT FAILURE,Energy Isolation,NO,PHMSA Process Safety & Explosion Metrics,HIGH,PHMSA Hazardous Liquid Pipeline Accident Database
PHMSA-20230026,PHMSA,20230026,1/5/23 7:45,Hazardous Liquid Pipeline,Pipeline Accident,Containment Failure / Release,Pipeline incident on TEXAS BELLE PUMP STATION (ONSHORE PUMP/METER STATION EQUIPMENT AND PIPING). Primary cause: EQUIPMENT FAILURE - PUMP OR PUMP-RELATED EQUIPMENT.,PUMP OR PUMP-RELATED EQUIPMENT,,EQUIPMENT FAILURE,PUMP OR PUMP-RELATED EQUIPMENT,Pressurized Flammable/Toxic Fluid Release,Pipeline Transmission & Storage,Not Within a Municipality,ONSHORE PUMP/METER STATION EQUIPMENT AND PIPING,NO,NO,,Property/Containment Damage,,,,0,NO,High Pressure/Pneumatic,BARRIER_FAILED,EQUIPMENT FAILURE,Energy Isolation,NO,PHMSA Process Safety & Explosion Metrics,HIGH,PHMSA Hazardous Liquid Pipeline Accident Database
PHMSA-20230025,PHMSA,20230025,1/4/23 10:13,Hazardous Liquid Pipeline,Pipeline Accident,Containment Failure / Release,"Pipeline incident on ARGO TERMINAL (ONSHORE TERMINAL/TANK FARM EQUIPMENT AND PIPING). Primary cause: INCORRECT OPERATION - """"""""""""""""""""""""""""""""""""""""""""""""TANK, VESSEL, OR SUMP/SEPARATOR ALLOWED OR CAUSED TO OVERFILL OR OVERFLOW"""""""""""""""""""""""""""""""""""""""""""""""".","""""""""""""""""""""""""""""""""""""""""""""""""TANK, VESSEL, OR SUMP/SEPARATOR ALLOWED OR CAUSED TO OVERFILL OR OVERFLOW""""""""""""""""""""""""""""""""""""""""""""""""",,INCORRECT OPERATION,"""""""""""""""""""""""""""""""""""""""""""""""""TANK, VESSEL, OR SUMP/SEPARATOR ALLOWED OR CAUSED TO OVERFILL OR OVERFLOW""""""""""""""""""""""""""""""""""""""""""""""""",Pressurized Flammable/Toxic Fluid Release,Pipeline Transmission & Storage,ARGO,ONSHORE TERMINAL/TANK FARM EQUIPMENT AND PIPING,NO,NO,,Property/Containment Damage,,,,0,NO,High Pressure/Pneumatic,BARRIER_FAILED,INCORRECT OPERATION,Energy Isolation,NO,PHMSA Process Safety & Explosion Metrics,HIGH,PHMSA Hazardous Liquid Pipeline Accident Database
PHMSA-20230032,PHMSA,20230032,1/4/23 8:30,Hazardous Liquid Pipeline,Pipeline Accident,Containment Failure / Release,"Pipeline incident on CENTRAL EAST REGION - AMMONIA MAIN LINE (""""""""""""""""""""""""""""""""""""""""""""""""ONSHORE PIPELINE, INCLUDING VALVE SITES""""""""""""""""""""""""""""""""""""""""""""""""). Primary cause: EQUIPMENT FAILURE - NON-THREADED CONNECTION FAILURE.",NON-THREADED CONNECTION FAILURE,,EQUIPMENT FAILURE,NON-THREADED CONNECTION FAILURE,Pressurized Flammable/Toxic Fluid Release,Pipeline Transmission & Storage,WHITE CASTLE,"""""""""""""""""""""""""""""""""""""""""""""""""ONSHORE PIPELINE, INCLUDING VALVE SITES""""""""""""""""""""""""""""""""""""""""""""""""",NO,NO,,Property/Containment Damage,,,,0,NO,High Pressure/Pneumatic,BARRIER_FAILED,EQUIPMENT FAILURE,Energy Isolation,NO,PHMSA Process Safety & Explosion Metrics,HIGH,PHMSA Hazardous Liquid Pipeline Accident Database
PHMSA-20230030,PHMSA,20230030,1/3/23 12:12,Hazardous Liquid Pipeline,Pipeline Accident,Containment Failure / Release,Pipeline incident on MARTIN STATION (ONSHORE PUMP/METER STATION EQUIPMENT AND PIPING). Primary cause: EQUIPMENT FAILURE - PUMP OR PUMP-RELATED EQUIPMENT.,PUMP OR PUMP-RELATED EQUIPMENT,,EQUIPMENT FAILURE,PUMP OR PUMP-RELATED EQUIPMENT,Pressurized Flammable/Toxic Fluid Release,Pipeline Transmission & Storage,Not Within a Municipality,ONSHORE PUMP/METER STATION EQUIPMENT AND PIPING,NO,NO,,Property/Containment Damage,,,,0,NO,High Pressure/Pneumatic,BARRIER_FAILED,EQUIPMENT FAILURE,Energy Isolation,NO,PHMSA Process Safety & Explosion Metrics,HIGH,PHMSA Hazardous Liquid Pipeline Accident Database
PHMSA-20230031,PHMSA,20230031,1/3/23 6:18,Hazardous Liquid Pipeline,Pipeline Accident,Containment Failure / Release,Pipeline incident on PLUMMER STATION (ONSHORE PUMP/METER STATION EQUIPMENT AND PIPING). Primary cause: EQUIPMENT FAILURE - PUMP OR PUMP-RELATED EQUIPMENT.,PUMP OR PUMP-RELATED EQUIPMENT,,EQUIPMENT FAILURE,PUMP OR PUMP-RELATED EQUIPMENT,Pressurized Flammable/Toxic Fluid Release,Pipeline Transmission & Storage,PLUMMER,ONSHORE PUMP/METER STATION EQUIPMENT AND PIPING,NO,NO,,Property/Containment Damage,,,,0,NO,High Pressure/Pneumatic,BARRIER_FAILED,EQUIPMENT FAILURE,Energy Isolation,NO,PHMSA Process Safety & Explosion Metrics,HIGH,PHMSA Hazardous Liquid Pipeline Accident Database
PHMSA-20230027,PHMSA,20230027,1/2/23 18:45,Hazardous Liquid Pipeline,Pipeline Accident,Containment Failure / Release,Pipeline incident on GREENSBORO JUNCTION (ONSHORE TERMINAL/TANK FARM EQUIPMENT AND PIPING). Primary cause: EQUIPMENT FAILURE - MALFUNCTION OF CONTROL/RELIEF EQUIPMENT.,MALFUNCTION OF CONTROL/RELIEF EQUIPMENT,,EQUIPMENT FAILURE,MALFUNCTION OF CONTROL/RELIEF EQUIPMENT,Pressurized Flammable/Toxic Fluid Release,Pipeline Transmission & Storage,GREENSBORO,ONSHORE TERMINAL/TANK FARM EQUIPMENT AND PIPING,NO,NO,,Property/Containment Damage,,,,0,NO,High Pressure/Pneumatic,BARRIER_FAILED,EQUIPMENT FAILURE,Energy Isolation,NO,PHMSA Process Safety & Explosion Metrics,HIGH,PHMSA Hazardous Liquid Pipeline Accident Database
PHMSA-20230023,PHMSA,20230023,1/1/23 7:30,Hazardous Liquid Pipeline,Pipeline Accident,Containment Failure / Release,Pipeline incident on HOUSTON SHIP CHANNEL (ONSHORE TERMINAL/TANK FARM EQUIPMENT AND PIPING). Primary cause: EQUIPMENT FAILURE - NON-THREADED CONNECTION FAILURE.,NON-THREADED CONNECTION FAILURE,,EQUIPMENT FAILURE,NON-THREADED CONNECTION FAILURE,Pressurized Flammable/Toxic Fluid Release,Pipeline Transmission & Storage,HOUSTON,ONSHORE TERMINAL/TANK FARM EQUIPMENT AND PIPING,NO,NO,,Property/Containment Damage,,,,0,NO,High Pressure/Pneumatic,BARRIER_FAILED,EQUIPMENT FAILURE,Energy Isolation,NO,PHMSA Process Safety & Explosion Metrics,HIGH,PHMSA Hazardous Liquid Pipeline Accident Database
PHMSA-20230022,PHMSA,20230022,12/30/2022 6:00,Hazardous Liquid Pipeline,Pipeline Accident,Containment Failure / Release,Pipeline incident on APPELT TERMINAL (ONSHORE TERMINAL/TANK FARM EQUIPMENT AND PIPING). Primary cause: EQUIPMENT FAILURE - NON-THREADED CONNECTION FAILURE.,NON-THREADED CONNECTION FAILURE,,EQUIPMENT FAILURE,NON-THREADED CONNECTION FAILURE,Pressurized Flammable/Toxic Fluid Release,Pipeline Transmission & Storage,HOUSTON,ONSHORE TERMINAL/TANK FARM EQUIPMENT AND PIPING,NO,NO,,Property/Containment Damage,,,,0,NO,High Pressure/Pneumatic,BARRIER_FAILED,EQUIPMENT FAILURE,Energy Isolation,NO,PHMSA Process Safety & Explosion Metrics,HIGH,PHMSA Hazardous Liquid Pipeline Accident Database
PHMSA-20230015,PHMSA,20230015,12/29/2022 10:00,Hazardous Liquid Pipeline,Pipeline Accident,Containment Failure / Release,Pipeline incident on TEXOMA STATION (ONSHORE PUMP/METER STATION EQUIPMENT AND PIPING). Primary cause: CORROSION FAILURE - INTERNAL CORROSION.,INTERNAL CORROSION,,CORROSION FAILURE,INTERNAL CORROSION,Pressurized Flammable/Toxic Fluid Release,Pipeline Transmission & Storage,LONGVIEW,ONSHORE PUMP/METER STATION EQUIPMENT AND PIPING,NO,NO,,Property/Containment Damage,,,,0,NO,High Pressure/Pneumatic,BARRIER_FAILED,CORROSION FAILURE,Energy Isolation,NO,PHMSA Process Safety & Explosion Metrics,HIGH,PHMSA Hazardous Liquid Pipeline Accident Database
PHMSA-20230021,PHMSA,20230021,12/27/2022 9:32,Hazardous Liquid Pipeline,Pipeline Accident,Containment Failure / Release,Pipeline incident on AUSTELL TANK FARM (ONSHORE TERMINAL/TANK FARM EQUIPMENT AND PIPING). Primary cause: NATURAL FORCE DAMAGE - TEMPERATURE.,TEMPERATURE,,NATURAL FORCE DAMAGE,TEMPERATURE,Pressurized Flammable/Toxic Fluid Release,Pipeline Transmission & Storage,LITHIA SPRINGS,ONSHORE TERMINAL/TANK FARM EQUIPMENT AND PIPING,NO,NO,,Property/Containment Damage,,,,0,NO,High Pressure/Pneumatic,BARRIER_FAILED,NATURAL FORCE DAMAGE,Energy Isolation,NO,PHMSA Process Safety & Explosion Metrics,HIGH,PHMSA Hazardous Liquid Pipeline Accident Database
PHMSA-20230020,PHMSA,20230020,12/27/2022 8:08,Hazardous Liquid Pipeline,Pipeline Accident,Containment Failure / Release,Pipeline incident on PORT ARTHUR TERMINAL (ONSHORE PUMP/METER STATION EQUIPMENT AND PIPING). Primary cause: EQUIPMENT FAILURE - NON-THREADED CONNECTION FAILURE.,NON-THREADED CONNECTION FAILURE,,EQUIPMENT FAILURE,NON-THREADED CONNECTION FAILURE,Pressurized Flammable/Toxic Fluid Release,Pipeline Transmission & Storage,PORT ARTHUR,ONSHORE PUMP/METER STATION EQUIPMENT AND PIPING,NO,NO,,Property/Containment Damage,,,,0,NO,High Pressure/Pneumatic,BARRIER_FAILED,EQUIPMENT FAILURE,Energy Isolation,NO,PHMSA Process Safety & Explosion Metrics,HIGH,PHMSA Hazardous Liquid Pipeline Accident Database
PHMSA-20230024,PHMSA,20230024,12/27/2022 4:05,Hazardous Liquid Pipeline,Pipeline Accident,Containment Failure / Release,"Pipeline incident on CUSHING EAST TERMINAL (""""""""""""""""""""""""""""""""""""""""""""""""ONSHORE BREAKOUT TANK OR STORAGE VESSEL, INCLUDING ATTACHED APPURTENANCES""""""""""""""""""""""""""""""""""""""""""""""""). Primary cause: EQUIPMENT FAILURE - NON-THREADED CONNECTION FAILURE.",NON-THREADED CONNECTION FAILURE,,EQUIPMENT FAILURE,NON-THREADED CONNECTION FAILURE,Pressurized Flammable/Toxic Fluid Release,Pipeline Transmission & Storage,CUSHING,"""""""""""""""""""""""""""""""""""""""""""""""""ONSHORE BREAKOUT TANK OR STORAGE VESSEL, INCLUDING ATTACHED APPURTENANCES""""""""""""""""""""""""""""""""""""""""""""""""",NO,NO,,Property/Containment Damage,,,,0,NO,High Pressure/Pneumatic,BARRIER_FAILED,EQUIPMENT FAILURE,Energy Isolation,NO,PHMSA Process Safety & Explosion Metrics,HIGH,PHMSA Hazardous Liquid Pipeline Accident Database
PHMSA-20220292,PHMSA,20220292,12/25/2022 17:20,Hazardous Liquid Pipeline,Pipeline Accident,Containment Failure / Release,"Pipeline incident on MCCAIN PIPELINE COMPANY (""""""""""""""""""""""""""""""""""""""""""""""""ONSHORE BREAKOUT TANK OR STORAGE VESSEL, INCLUDING ATTACHED APPURTENANCES""""""""""""""""""""""""""""""""""""""""""""""""). Primary cause: EQUIPMENT FAILURE - OTHER EQUIPMENT FAILURE.",OTHER EQUIPMENT FAILURE,,EQUIPMENT FAILURE,OTHER EQUIPMENT FAILURE,Pressurized Flammable/Toxic Fluid Release,Pipeline Transmission & Storage,Not Within a Municipality,"""""""""""""""""""""""""""""""""""""""""""""""""ONSHORE BREAKOUT TANK OR STORAGE VESSEL, INCLUDING ATTACHED APPURTENANCES""""""""""""""""""""""""""""""""""""""""""""""""",NO,NO,,Property/Containment Damage,,,,0,NO,High Pressure/Pneumatic,BARRIER_FAILED,EQUIPMENT FAILURE,Energy Isolation,NO,PHMSA Process Safety & Explosion Metrics,HIGH,PHMSA Hazardous Liquid Pipeline Accident Database
PHMSA-20230019,PHMSA,20230019,12/25/2022 9:50,Hazardous Liquid Pipeline,Pipeline Accident,Containment Failure / Release,Pipeline incident on CLOVELLY TANK FACILITY (ONSHORE TERMINAL/TANK FARM EQUIPMENT AND PIPING). Primary cause: CORROSION FAILURE - INTERNAL CORROSION.,INTERNAL CORROSION,,CORROSION FAILURE,INTERNAL CORROSION,Pressurized Flammable/Toxic Fluid Release,Pipeline Transmission & Storage,GALLIANO,ONSHORE TERMINAL/TANK FARM EQUIPMENT AND PIPING,NO,NO,,Property/Containment Damage,,,,0,NO,High Pressure/Pneumatic,BARRIER_FAILED,CORROSION FAILURE,Energy Isolation,NO,PHMSA Process Safety & Explosion Metrics,HIGH,PHMSA Hazardous Liquid Pipeline Accident Database
PHMSA-20230018,PHMSA,20230018,12/24/2022 18:50,Hazardous Liquid Pipeline,Pipeline Accident,Containment Failure / Release,Pipeline incident on EL DORADO EAST (ONSHORE PUMP/METER STATION EQUIPMENT AND PIPING). Primary cause: EQUIPMENT FAILURE - DEFECTIVE OR LOOSE TUBING OR FITTING.,DEFECTIVE OR LOOSE TUBING OR FITTING,,EQUIPMENT FAILURE,DEFECTIVE OR LOOSE TUBING OR FITTING,Pressurized Flammable/Toxic Fluid Release,Pipeline Transmission & Storage,EL DORADO,ONSHORE PUMP/METER STATION EQUIPMENT AND PIPING,NO,NO,,Property/Containment Damage,,,,0,NO,High Pressure/Pneumatic,BARRIER_FAILED,EQUIPMENT FAILURE,Energy Isolation,NO,PHMSA Process Safety & Explosion Metrics,HIGH,PHMSA Hazardous Liquid Pipeline Accident Database
PHMSA-20230013,PHMSA,20230013,12/23/2022 12:27,Hazardous Liquid Pipeline,Pipeline Accident,Containment Failure / Release,"Pipeline incident on DAISETTA TRAP SITE (""""""""""""""""""""""""""""""""""""""""""""""""ONSHORE PIPELINE, INCLUDING VALVE SITES""""""""""""""""""""""""""""""""""""""""""""""""). Primary cause: NATURAL FORCE DAMAGE - TEMPERATURE.",TEMPERATURE,,NATURAL FORCE DAMAGE,TEMPERATURE,Pressurized Flammable/Toxic Fluid Release,Pipeline Transmission & Storage,DAISETTA,"""""""""""""""""""""""""""""""""""""""""""""""""ONSHORE PIPELINE, INCLUDING VALVE SITES""""""""""""""""""""""""""""""""""""""""""""""""",NO,NO,,Property/Containment Damage,,,,0,NO,High Pressure/Pneumatic,BARRIER_FAILED,NATURAL FORCE DAMAGE,Energy Isolation,NO,PHMSA Process Safety & Explosion Metrics,HIGH,PHMSA Hazardous Liquid Pipeline Accident Database
PHMSA-20230017,PHMSA,20230017,12/23/2022 8:45,Hazardous Liquid Pipeline,Pipeline Accident,Containment Failure / Release,Pipeline incident on CEDAR 2 PUMP STATION (ONSHORE PUMP/METER STATION EQUIPMENT AND PIPING). Primary cause: EQUIPMENT FAILURE - NON-THREADED CONNECTION FAILURE.,NON-THREADED CONNECTION FAILURE,,EQUIPMENT FAILURE,NON-THREADED CONNECTION FAILURE,Pressurized Flammable/Toxic Fluid Release,Pipeline Transmission & Storage,TEAGUE,ONSHORE PUMP/METER STATION EQUIPMENT AND PIPING,NO,NO,,Property/Containment Damage,,,,0,NO,High Pressure/Pneumatic,BARRIER_FAILED,EQUIPMENT FAILURE,Energy Isolation,NO,PHMSA Process Safety & Explosion Metrics,HIGH,PHMSA Hazardous Liquid Pipeline Accident Database
PHMSA-20230014,PHMSA,20230014,12/23/2022 8:01,Hazardous Liquid Pipeline,Pipeline Accident,Containment Failure / Release,"Pipeline incident on CYGNET PUMP STATION (""""""""""""""""""""""""""""""""""""""""""""""""ONSHORE PIPELINE, INCLUDING VALVE SITES""""""""""""""""""""""""""""""""""""""""""""""""). Primary cause: MATERIAL FAILURE OF PIPE OR WELD - ENVIRONMENTAL CRACKING-RELATED.",ENVIRONMENTAL CRACKING-RELATED,,MATERIAL FAILURE OF PIPE OR WELD,ENVIRONMENTAL CRACKING-RELATED,Pressurized Flammable/Toxic Fluid Release,Pipeline Transmission & Storage,CYGNET,"""""""""""""""""""""""""""""""""""""""""""""""""ONSHORE PIPELINE, INCLUDING VALVE SITES""""""""""""""""""""""""""""""""""""""""""""""""",NO,NO,,Property/Containment Damage,,,,0,NO,High Pressure/Pneumatic,BARRIER_FAILED,MATERIAL FAILURE OF PIPE OR WELD,Energy Isolation,NO,PHMSA Process Safety & Explosion Metrics,HIGH,PHMSA Hazardous Liquid Pipeline Accident Database
PHMSA-20230011,PHMSA,20230011,12/20/2022 11:45,Hazardous Liquid Pipeline,Pipeline Accident,Containment Failure / Release,"Pipeline incident on WILDHORSE TERMINAL (""""""""""""""""""""""""""""""""""""""""""""""""ONSHORE BREAKOUT TANK OR STORAGE VESSEL, INCLUDING ATTACHED APPURTENANCES""""""""""""""""""""""""""""""""""""""""""""""""). Primary cause: EQUIPMENT FAILURE - NON-THREADED CONNECTION FAILURE.",NON-THREADED CONNECTION FAILURE,,EQUIPMENT FAILURE,NON-THREADED CONNECTION FAILURE,Pressurized Flammable/Toxic Fluid Release,Pipeline Transmission & Storage,CUSHING,"""""""""""""""""""""""""""""""""""""""""""""""""ONSHORE BREAKOUT TANK OR STORAGE VESSEL, INCLUDING ATTACHED APPURTENANCES""""""""""""""""""""""""""""""""""""""""""""""""",NO,NO,,Property/Containment Damage,,,,0,NO,High Pressure/Pneumatic,BARRIER_FAILED,EQUIPMENT FAILURE,Energy Isolation,NO,PHMSA Process Safety & Explosion Metrics,HIGH,PHMSA Hazardous Liquid Pipeline Accident Database
PHMSA-20230009,PHMSA,20230009,12/18/2022 11:20,Hazardous Liquid Pipeline,Pipeline Accident,Containment Failure / Release,"Pipeline incident on YODER PUMP STATION (""""""""""""""""""""""""""""""""""""""""""""""""ONSHORE PIPELINE, INCLUDING VALVE SITES""""""""""""""""""""""""""""""""""""""""""""""""). Primary cause: OTHER ACCIDENT CAUSE - UNKNOWN.",UNKNOWN,,OTHER ACCIDENT CAUSE,UNKNOWN,Pressurized Flammable/Toxic Fluid Release,Pipeline Transmission & Storage,Not Within a Municipality,"""""""""""""""""""""""""""""""""""""""""""""""""ONSHORE PIPELINE, INCLUDING VALVE SITES""""""""""""""""""""""""""""""""""""""""""""""""",NO,NO,,Property/Containment Damage,,,,0,NO,High Pressure/Pneumatic,BARRIER_FAILED,OTHER ACCIDENT CAUSE,Energy Isolation,NO,PHMSA Process Safety & Explosion Metrics,HIGH,PHMSA Hazardous Liquid Pipeline Accident Database
PHMSA-20230010,PHMSA,20230010,12/18/2022 9:15,Hazardous Liquid Pipeline,Pipeline Accident,Containment Failure / Release,Pipeline incident on TEXOMA STATION (ONSHORE PUMP/METER STATION EQUIPMENT AND PIPING). Primary cause: CORROSION FAILURE - INTERNAL CORROSION.,INTERNAL CORROSION,,CORROSION FAILURE,INTERNAL CORROSION,Pressurized Flammable/Toxic Fluid Release,Pipeline Transmission & Storage,LONGVIEW,ONSHORE PUMP/METER STATION EQUIPMENT AND PIPING,NO,NO,,Property/Containment Damage,,,,0,NO,High Pressure/Pneumatic,BARRIER_FAILED,CORROSION FAILURE,Energy Isolation,NO,PHMSA Process Safety & Explosion Metrics,HIGH,PHMSA Hazardous Liquid Pipeline Accident Database
PHMSA-20230008,PHMSA,20230008,12/16/2022 7:20,Hazardous Liquid Pipeline,Pipeline Accident,Containment Failure / Release,Pipeline incident on MONTELLO FACILITY (ONSHORE TERMINAL/TANK FARM EQUIPMENT AND PIPING). Primary cause: CORROSION FAILURE - EXTERNAL CORROSION.,EXTERNAL CORROSION,,CORROSION FAILURE,EXTERNAL CORROSION,Pressurized Flammable/Toxic Fluid Release,Pipeline Transmission & Storage,SINKING SPRING,ONSHORE TERMINAL/TANK FARM EQUIPMENT AND PIPING,NO,NO,,Property/Containment Damage,,,,0,NO,High Pressure/Pneumatic,BARRIER_FAILED,CORROSION FAILURE,Energy Isolation,NO,PHMSA Process Safety & Explosion Metrics,HIGH,PHMSA Hazardous Liquid Pipeline Accident Database
PHMSA-20230005,PHMSA,20230005,12/9/22 15:27,Hazardous Liquid Pipeline,Pipeline Accident,Containment Failure / Release,Pipeline incident on CASTLEBERRY STATION (ONSHORE PUMP/METER STATION EQUIPMENT AND PIPING). Primary cause: EQUIPMENT FAILURE - PUMP OR PUMP-RELATED EQUIPMENT.,PUMP OR PUMP-RELATED EQUIPMENT,,EQUIPMENT FAILURE,PUMP OR PUMP-RELATED EQUIPMENT,Pressurized Flammable/Toxic Fluid Release,Pipeline Transmission & Storage,Not Within a Municipality,ONSHORE PUMP/METER STATION EQUIPMENT AND PIPING,NO,NO,,Property/Containment Damage,,,,0,NO,High Pressure/Pneumatic,BARRIER_FAILED,EQUIPMENT FAILURE,Energy Isolation,NO,PHMSA Process Safety & Explosion Metrics,HIGH,PHMSA Hazardous Liquid Pipeline Accident Database
PHMSA-20230003,PHMSA,20230003,12/9/22 8:20,Hazardous Liquid Pipeline,Pipeline Accident,Containment Failure / Release,Pipeline incident on SMT GATHERING INLET MANIFOLD (ONSHORE TERMINAL/TANK FARM EQUIPMENT AND PIPING). Primary cause: CORROSION FAILURE - INTERNAL CORROSION.,INTERNAL CORROSION,,CORROSION FAILURE,INTERNAL CORROSION,Pressurized Flammable/Toxic Fluid Release,Pipeline Transmission & Storage,MIDLAND,ONSHORE TERMINAL/TANK FARM EQUIPMENT AND PIPING,NO,NO,,Property/Containment Damage,,,,0,NO,High Pressure/Pneumatic,BARRIER_FAILED,CORROSION FAILURE,Energy Isolation,NO,PHMSA Process Safety & Explosion Metrics,HIGH,PHMSA Hazardous Liquid Pipeline Accident Database
PHMSA-20230006,PHMSA,20230006,12/8/22 7:57,Hazardous Liquid Pipeline,Pipeline Accident,Containment Failure / Release,"Pipeline incident on SUNDOWN MIDLAND JCT (ONSHORE PUMP/METER STATION EQUIPMENT AND PIPING). Primary cause: OTHER OUTSIDE FORCE DAMAGE - """"""""""""""""""""""""""""""""""""""""""""""""DAMAGE BY CAR, TRUCK, OR OTHER MOTORIZED VEHICLE/EQUIPMENT NOT ENGAGED IN EXCAVATION"""""""""""""""""""""""""""""""""""""""""""""""".","""""""""""""""""""""""""""""""""""""""""""""""""DAMAGE BY CAR, TRUCK, OR OTHER MOTORIZED VEHICLE/EQUIPMENT NOT ENGAGED IN EXCAVATION""""""""""""""""""""""""""""""""""""""""""""""""",,OTHER OUTSIDE FORCE DAMAGE,"""""""""""""""""""""""""""""""""""""""""""""""""DAMAGE BY CAR, TRUCK, OR OTHER MOTORIZED VEHICLE/EQUIPMENT NOT ENGAGED IN EXCAVATION""""""""""""""""""""""""""""""""""""""""""""""""",Pressurized Flammable/Toxic Fluid Release,Pipeline Transmission & Storage,MIDLAND,ONSHORE PUMP/METER STATION EQUIPMENT AND PIPING,NO,NO,,Property/Containment Damage,,,,0,NO,High Pressure/Pneumatic,BARRIER_FAILED,OTHER OUTSIDE FORCE DAMAGE,Energy Isolation,NO,PHMSA Process Safety & Explosion Metrics,HIGH,PHMSA Hazardous Liquid Pipeline Accident Database
PHMSA-20230004,PHMSA,20230004,12/7/22 21:01,Hazardous Liquid Pipeline,Pipeline Accident,Containment Failure / Release,"Pipeline incident on KEYSTONE CUSHING EXTENSION (""""""""""""""""""""""""""""""""""""""""""""""""ONSHORE PIPELINE, INCLUDING VALVE SITES""""""""""""""""""""""""""""""""""""""""""""""""). Primary cause: MATERIAL FAILURE OF PIPE OR WELD - """"""""""""""""""""""""""""""""""""""""""""""""DESIGN-, CONSTRUCTION-, INSTALLATION-, OR FABRICATION-RELATED"""""""""""""""""""""""""""""""""""""""""""""""".","""""""""""""""""""""""""""""""""""""""""""""""""DESIGN-, CONSTRUCTION-, INSTALLATION-, OR FABRICATION-RELATED""""""""""""""""""""""""""""""""""""""""""""""""",,MATERIAL FAILURE OF PIPE OR WELD,"""""""""""""""""""""""""""""""""""""""""""""""""DESIGN-, CONSTRUCTION-, INSTALLATION-, OR FABRICATION-RELATED""""""""""""""""""""""""""""""""""""""""""""""""",Pressurized Flammable/Toxic Fluid Release,Pipeline Transmission & Storage,Not Within a Municipality,"""""""""""""""""""""""""""""""""""""""""""""""""ONSHORE PIPELINE, INCLUDING VALVE SITES""""""""""""""""""""""""""""""""""""""""""""""""",NO,NO,,Property/Containment Damage,,,,0,NO,High Pressure/Pneumatic,BARRIER_FAILED,MATERIAL FAILURE OF PIPE OR WELD,Energy Isolation,NO,PHMSA Process Safety & Explosion Metrics,HIGH,PHMSA Hazardous Liquid Pipeline Accident Database
PHMSA-20230002,PHMSA,20230002,12/5/22 9:04,Hazardous Liquid Pipeline,Pipeline Accident,Containment Failure / Release,Pipeline incident on PASADENA TERMINAL TANKS (46 TANKS) (ONSHORE TERMINAL/TANK FARM EQUIPMENT AND PIPING). Primary cause: EQUIPMENT FAILURE - NON-THREADED CONNECTION FAILURE.,NON-THREADED CONNECTION FAILURE,,EQUIPMENT FAILURE,NON-THREADED CONNECTION FAILURE,Pressurized Flammable/Toxic Fluid Release,Pipeline Transmission & Storage,PASADENA,ONSHORE TERMINAL/TANK FARM EQUIPMENT AND PIPING,NO,NO,,Property/Containment Damage,,,,0,NO,High Pressure/Pneumatic,BARRIER_FAILED,EQUIPMENT FAILURE,Energy Isolation,NO,PHMSA Process Safety & Explosion Metrics,HIGH,PHMSA Hazardous Liquid Pipeline Accident Database
PHMSA-20220295,PHMSA,20220295,12/2/22 5:20,Hazardous Liquid Pipeline,Pipeline Accident,Containment Failure / Release,Pipeline incident on ANDREWS STATION (ONSHORE PUMP/METER STATION EQUIPMENT AND PIPING). Primary cause: EQUIPMENT FAILURE - NON-THREADED CONNECTION FAILURE.,NON-THREADED CONNECTION FAILURE,,EQUIPMENT FAILURE,NON-THREADED CONNECTION FAILURE,Pressurized Flammable/Toxic Fluid Release,Pipeline Transmission & Storage,ANDREWS,ONSHORE PUMP/METER STATION EQUIPMENT AND PIPING,NO,NO,,Property/Containment Damage,,,,0,NO,High Pressure/Pneumatic,BARRIER_FAILED,EQUIPMENT FAILURE,Energy Isolation,NO,PHMSA Process Safety & Explosion Metrics,HIGH,PHMSA Hazardous Liquid Pipeline Accident Database
PHMSA-20220284,PHMSA,20220284,11/30/2022 3:00,Hazardous Liquid Pipeline,Pipeline Accident,Containment Failure / Release,Pipeline incident on NEDERLAND TERMINAL (ONSHORE TERMINAL/TANK FARM EQUIPMENT AND PIPING). Primary cause: CORROSION FAILURE - INTERNAL CORROSION.,INTERNAL CORROSION,,CORROSION FAILURE,INTERNAL CORROSION,Pressurized Flammable/Toxic Fluid Release,Pipeline Transmission & Storage,NEDERLAND,ONSHORE TERMINAL/TANK FARM EQUIPMENT AND PIPING,NO,NO,,Property/Containment Damage,,,,0,NO,High Pressure/Pneumatic,BARRIER_FAILED,CORROSION FAILURE,Energy Isolation,NO,PHMSA Process Safety & Explosion Metrics,HIGH,PHMSA Hazardous Liquid Pipeline Accident Database
PHMSA-20220293,PHMSA,20220293,11/29/2022 12:39,Hazardous Liquid Pipeline,Pipeline Accident,Containment Failure / Release,"Pipeline incident on GRAY OAK LATERAL (""""""""""""""""""""""""""""""""""""""""""""""""ONSHORE PIPELINE, INCLUDING VALVE SITES""""""""""""""""""""""""""""""""""""""""""""""""). Primary cause: EQUIPMENT FAILURE - NON-THREADED CONNECTION FAILURE.",NON-THREADED CONNECTION FAILURE,,EQUIPMENT FAILURE,NON-THREADED CONNECTION FAILURE,Pressurized Flammable/Toxic Fluid Release,Pipeline Transmission & Storage,Not Within a Municipality,"""""""""""""""""""""""""""""""""""""""""""""""""ONSHORE PIPELINE, INCLUDING VALVE SITES""""""""""""""""""""""""""""""""""""""""""""""""",NO,NO,,Property/Containment Damage,,,,0,NO,High Pressure/Pneumatic,BARRIER_FAILED,EQUIPMENT FAILURE,Energy Isolation,NO,PHMSA Process Safety & Explosion Metrics,HIGH,PHMSA Hazardous Liquid Pipeline Accident Database
PHMSA-20220294,PHMSA,20220294,11/27/2022 3:25,Hazardous Liquid Pipeline,Pipeline Accident,Containment Failure / Release,"Pipeline incident on EAST HOUSTON TERMINAL (ONSHORE TERMINAL/TANK FARM EQUIPMENT AND PIPING). Primary cause: INCORRECT OPERATION - """"""""""""""""""""""""""""""""""""""""""""""""TANK, VESSEL, OR SUMP/SEPARATOR ALLOWED OR CAUSED TO OVERFILL OR OVERFLOW"""""""""""""""""""""""""""""""""""""""""""""""".","""""""""""""""""""""""""""""""""""""""""""""""""TANK, VESSEL, OR SUMP/SEPARATOR ALLOWED OR CAUSED TO OVERFILL OR OVERFLOW""""""""""""""""""""""""""""""""""""""""""""""""",,INCORRECT OPERATION,"""""""""""""""""""""""""""""""""""""""""""""""""TANK, VESSEL, OR SUMP/SEPARATOR ALLOWED OR CAUSED TO OVERFILL OR OVERFLOW""""""""""""""""""""""""""""""""""""""""""""""""",Pressurized Flammable/Toxic Fluid Release,Pipeline Transmission & Storage,HOUSTON,ONSHORE TERMINAL/TANK FARM EQUIPMENT AND PIPING,NO,NO,,Property/Containment Damage,,,,0,NO,High Pressure/Pneumatic,BARRIER_FAILED,INCORRECT OPERATION,Energy Isolation,NO,PHMSA Process Safety & Explosion Metrics,HIGH,PHMSA Hazardous Liquid Pipeline Accident Database
PHMSA-20220291,PHMSA,20220291,11/23/2022 12:00,Hazardous Liquid Pipeline,Pipeline Accident,Containment Failure / Release,"Pipeline incident on BORGER DENVER PIPELINE (""""""""""""""""""""""""""""""""""""""""""""""""ONSHORE PIPELINE, INCLUDING VALVE SITES""""""""""""""""""""""""""""""""""""""""""""""""). Primary cause: EQUIPMENT FAILURE - MALFUNCTION OF CONTROL/RELIEF EQUIPMENT.",MALFUNCTION OF CONTROL/RELIEF EQUIPMENT,,EQUIPMENT FAILURE,MALFUNCTION OF CONTROL/RELIEF EQUIPMENT,Pressurized Flammable/Toxic Fluid Release,Pipeline Transmission & Storage,Not Within a Municipality,"""""""""""""""""""""""""""""""""""""""""""""""""ONSHORE PIPELINE, INCLUDING VALVE SITES""""""""""""""""""""""""""""""""""""""""""""""""",NO,NO,,Property/Containment Damage,,,,0,NO,High Pressure/Pneumatic,BARRIER_FAILED,EQUIPMENT FAILURE,Energy Isolation,NO,PHMSA Process Safety & Explosion Metrics,HIGH,PHMSA Hazardous Liquid Pipeline Accident Database
PHMSA-20220289,PHMSA,20220289,11/21/2022 12:48,Hazardous Liquid Pipeline,Pipeline Accident,Containment Failure / Release,Pipeline incident on KINDER MORGAN PASADENA TERMINAL (ONSHORE TERMINAL/TANK FARM EQUIPMENT AND PIPING). Primary cause: EQUIPMENT FAILURE - PUMP OR PUMP-RELATED EQUIPMENT.,PUMP OR PUMP-RELATED EQUIPMENT,,EQUIPMENT FAILURE,PUMP OR PUMP-RELATED EQUIPMENT,Pressurized Flammable/Toxic Fluid Release,Pipeline Transmission & Storage,PASADENA,ONSHORE TERMINAL/TANK FARM EQUIPMENT AND PIPING,NO,NO,,Property/Containment Damage,,,,0,NO,High Pressure/Pneumatic,BARRIER_FAILED,EQUIPMENT FAILURE,Energy Isolation,NO,PHMSA Process Safety & Explosion Metrics,HIGH,PHMSA Hazardous Liquid Pipeline Accident Database
PHMSA-20220285,PHMSA,20220285,11/21/2022 10:21,Hazardous Liquid Pipeline,Pipeline Accident,Containment Failure / Release,"Pipeline incident on JOHNSON'S CORNER PUMP STATION (ONSHORE PUMP/METER STATION EQUIPMENT AND PIPING). Primary cause: MATERIAL FAILURE OF PIPE OR WELD - """"""""""""""""""""""""""""""""""""""""""""""""DESIGN-, CONSTRUCTION-, INSTALLATION-, OR FABRICATION-RELATED"""""""""""""""""""""""""""""""""""""""""""""""".","""""""""""""""""""""""""""""""""""""""""""""""""DESIGN-, CONSTRUCTION-, INSTALLATION-, OR FABRICATION-RELATED""""""""""""""""""""""""""""""""""""""""""""""""",,MATERIAL FAILURE OF PIPE OR WELD,"""""""""""""""""""""""""""""""""""""""""""""""""DESIGN-, CONSTRUCTION-, INSTALLATION-, OR FABRICATION-RELATED""""""""""""""""""""""""""""""""""""""""""""""""",Pressurized Flammable/Toxic Fluid Release,Pipeline Transmission & Storage,WATFORD CITY,ONSHORE PUMP/METER STATION EQUIPMENT AND PIPING,NO,NO,,Property/Containment Damage,,,,0,NO,High Pressure/Pneumatic,BARRIER_FAILED,MATERIAL FAILURE OF PIPE OR WELD,Energy Isolation,NO,PHMSA Process Safety & Explosion Metrics,HIGH,PHMSA Hazardous Liquid Pipeline Accident Database
PHMSA-20220290,PHMSA,20220290,11/21/2022 9:24,Hazardous Liquid Pipeline,Pipeline Accident,Containment Failure / Release,"Pipeline incident on HELENA RECEIPT STATION (""""""""""""""""""""""""""""""""""""""""""""""""ONSHORE PIPELINE, INCLUDING VALVE SITES""""""""""""""""""""""""""""""""""""""""""""""""). Primary cause: INCORRECT OPERATION - PIPELINE OR EQUIPMENT OVERPRESSURED.",PIPELINE OR EQUIPMENT OVERPRESSURED,,INCORRECT OPERATION,PIPELINE OR EQUIPMENT OVERPRESSURED,Pressurized Flammable/Toxic Fluid Release,Pipeline Transmission & Storage,KARNES CITY,"""""""""""""""""""""""""""""""""""""""""""""""""ONSHORE PIPELINE, INCLUDING VALVE SITES""""""""""""""""""""""""""""""""""""""""""""""""",NO,NO,,Property/Containment Damage,,,,0,NO,High Pressure/Pneumatic,BARRIER_FAILED,INCORRECT OPERATION,Energy Isolation,NO,PHMSA Process Safety & Explosion Metrics,HIGH,PHMSA Hazardous Liquid Pipeline Accident Database
PHMSA-20220288,PHMSA,20220288,11/21/2022 7:30,Hazardous Liquid Pipeline,Pipeline Accident,Containment Failure / Release,Pipeline incident on PERMIAN CRUDE COWDEN STATION (ONSHORE PUMP/METER STATION EQUIPMENT AND PIPING). Primary cause: EQUIPMENT FAILURE - NON-THREADED CONNECTION FAILURE.,NON-THREADED CONNECTION FAILURE,,EQUIPMENT FAILURE,NON-THREADED CONNECTION FAILURE,Pressurized Flammable/Toxic Fluid Release,Pipeline Transmission & Storage,STANTON,ONSHORE PUMP/METER STATION EQUIPMENT AND PIPING,NO,NO,,Property/Containment Damage,,,,0,NO,High Pressure/Pneumatic,BARRIER_FAILED,EQUIPMENT FAILURE,Energy Isolation,NO,PHMSA Process Safety & Explosion Metrics,HIGH,PHMSA Hazardous Liquid Pipeline Accident Database
PHMSA-20220287,PHMSA,20220287,11/19/2022 20:15,Hazardous Liquid Pipeline,Pipeline Accident,Containment Failure / Release,"Pipeline incident on COLLINS TANK FARM (ONSHORE TERMINAL/TANK FARM EQUIPMENT AND PIPING). Primary cause: EQUIPMENT FAILURE - """"""""""""""""""""""""""""""""""""""""""""""""FAILURE OF EQUIPMENT BODY (EXCEPT PUMP), TANK PLATE, OR OTHER MATERIAL"""""""""""""""""""""""""""""""""""""""""""""""".","""""""""""""""""""""""""""""""""""""""""""""""""FAILURE OF EQUIPMENT BODY (EXCEPT PUMP), TANK PLATE, OR OTHER MATERIAL""""""""""""""""""""""""""""""""""""""""""""""""",,EQUIPMENT FAILURE,"""""""""""""""""""""""""""""""""""""""""""""""""FAILURE OF EQUIPMENT BODY (EXCEPT PUMP), TANK PLATE, OR OTHER MATERIAL""""""""""""""""""""""""""""""""""""""""""""""""",Pressurized Flammable/Toxic Fluid Release,Pipeline Transmission & Storage,COLLINS,ONSHORE TERMINAL/TANK FARM EQUIPMENT AND PIPING,NO,NO,,Property/Containment Damage,,,,0,NO,High Pressure/Pneumatic,BARRIER_FAILED,EQUIPMENT FAILURE,Energy Isolation,NO,PHMSA Process Safety & Explosion Metrics,HIGH,PHMSA Hazardous Liquid Pipeline Accident Database
PHMSA-20220283,PHMSA,20220283,11/18/2022 14:45,Hazardous Liquid Pipeline,Pipeline Accident,Containment Failure / Release,"Pipeline incident on MINNESOTA PIPELINE LINE / LINE 1 (""""""""""""""""""""""""""""""""""""""""""""""""ONSHORE PIPELINE, INCLUDING VALVE SITES""""""""""""""""""""""""""""""""""""""""""""""""). Primary cause: MATERIAL FAILURE OF PIPE OR WELD - ORIGINAL MANUFACTURING-RELATED (NOT GIRTH WELD OR OTHER WELDS FORMED IN THE FIELD).",ORIGINAL MANUFACTURING-RELATED (NOT GIRTH WELD OR OTHER WELDS FORMED IN THE FIELD),,MATERIAL FAILURE OF PIPE OR WELD,ORIGINAL MANUFACTURING-RELATED (NOT GIRTH WELD OR OTHER WELDS FORMED IN THE FIELD),Pressurized Flammable/Toxic Fluid Release,Pipeline Transmission & Storage,GLENDORADO,"""""""""""""""""""""""""""""""""""""""""""""""""ONSHORE PIPELINE, INCLUDING VALVE SITES""""""""""""""""""""""""""""""""""""""""""""""""",NO,NO,,Property/Containment Damage,,,,0,NO,High Pressure/Pneumatic,BARRIER_FAILED,MATERIAL FAILURE OF PIPE OR WELD,Energy Isolation,NO,PHMSA Process Safety & Explosion Metrics,HIGH,PHMSA Hazardous Liquid Pipeline Accident Database
PHMSA-20220286,PHMSA,20220286,11/17/2022 11:05,Hazardous Liquid Pipeline,Pipeline Accident,Containment Failure / Release,Pipeline incident on BUCKEYE TAMPA NORTH FACILITY - BETQT (ONSHORE PUMP/METER STATION EQUIPMENT AND PIPING). Primary cause: INCORRECT OPERATION - OTHER INCORRECT OPERATION.,OTHER INCORRECT OPERATION,,INCORRECT OPERATION,OTHER INCORRECT OPERATION,Pressurized Flammable/Toxic Fluid Release,Pipeline Transmission & Storage,TAMPA,ONSHORE PUMP/METER STATION EQUIPMENT AND PIPING,NO,NO,,Property/Containment Damage,,,,0,NO,High Pressure/Pneumatic,BARRIER_FAILED,INCORRECT OPERATION,Energy Isolation,NO,PHMSA Process Safety & Explosion Metrics,HIGH,PHMSA Hazardous Liquid Pipeline Accident Database
PHMSA-20220280,PHMSA,20220280,11/15/2022 12:15,Hazardous Liquid Pipeline,Pipeline Accident,Containment Failure / Release,"Pipeline incident on TULIA PUMP STATION (""""""""""""""""""""""""""""""""""""""""""""""""ONSHORE PIPELINE, INCLUDING VALVE SITES""""""""""""""""""""""""""""""""""""""""""""""""). Primary cause: EQUIPMENT FAILURE - MALFUNCTION OF CONTROL/RELIEF EQUIPMENT.",MALFUNCTION OF CONTROL/RELIEF EQUIPMENT,,EQUIPMENT FAILURE,MALFUNCTION OF CONTROL/RELIEF EQUIPMENT,Pressurized Flammable/Toxic Fluid Release,Pipeline Transmission & Storage,Not Within a Municipality,"""""""""""""""""""""""""""""""""""""""""""""""""ONSHORE PIPELINE, INCLUDING VALVE SITES""""""""""""""""""""""""""""""""""""""""""""""""",NO,NO,,Property/Containment Damage,,,,0,NO,High Pressure/Pneumatic,BARRIER_FAILED,EQUIPMENT FAILURE,Energy Isolation,NO,PHMSA Process Safety & Explosion Metrics,HIGH,PHMSA Hazardous Liquid Pipeline Accident Database
PHMSA-20220278,PHMSA,20220278,11/15/2022 7:20,Hazardous Liquid Pipeline,Pipeline Accident,Containment Failure / Release,Pipeline incident on GLACIER PIPELINE SYSTEM - BUFFALO STATION (ONSHORE PUMP/METER STATION EQUIPMENT AND PIPING). Primary cause: EQUIPMENT FAILURE - MALFUNCTION OF CONTROL/RELIEF EQUIPMENT.,MALFUNCTION OF CONTROL/RELIEF EQUIPMENT,,EQUIPMENT FAILURE,MALFUNCTION OF CONTROL/RELIEF EQUIPMENT,Pressurized Flammable/Toxic Fluid Release,Pipeline Transmission & Storage,Not Within a Municipality,ONSHORE PUMP/METER STATION EQUIPMENT AND PIPING,NO,NO,,Property/Containment Damage,,,,0,NO,High Pressure/Pneumatic,BARRIER_FAILED,EQUIPMENT FAILURE,Energy Isolation,NO,PHMSA Process Safety & Explosion Metrics,HIGH,PHMSA Hazardous Liquid Pipeline Accident Database
PHMSA-20220282,PHMSA,20220282,11/14/2022 11:11,Hazardous Liquid Pipeline,Pipeline Accident,Containment Failure / Release,Pipeline incident on PASADENA STATION (ONSHORE TERMINAL/TANK FARM EQUIPMENT AND PIPING). Primary cause: INCORRECT OPERATION - EQUIPMENT NOT INSTALLED PROPERLY.,EQUIPMENT NOT INSTALLED PROPERLY,,INCORRECT OPERATION,EQUIPMENT NOT INSTALLED PROPERLY,Pressurized Flammable/Toxic Fluid Release,Pipeline Transmission & Storage,PASADENA,ONSHORE TERMINAL/TANK FARM EQUIPMENT AND PIPING,NO,NO,,Property/Containment Damage,,,,0,NO,High Pressure/Pneumatic,BARRIER_FAILED,INCORRECT OPERATION,Energy Isolation,NO,PHMSA Process Safety & Explosion Metrics,HIGH,PHMSA Hazardous Liquid Pipeline Accident Database
